document_name,chunk_id,chunk_sequence_number,chunk_type,chunk_content,chunk_text_length,chunk_word_count,page,box_l,box_t,box_r,box_b,processed_at,ade_version,model_version
CT_Study_of_the_Common_Cold.pdf,38d920b3-71aa-44d8-b9e6-8cb902da628c,0,marginalia,Vol. 330 No. 1,14,4,0,0.09047642350196838,0.053592097014188766,0.19569635391235352,0.0714913159608841,2026-05-08T19:40:26.797331+00:00,1.12.0,dpt-2-20260410
CT_Study_of_the_Common_Cold.pdf,2e12705d-6164-44ff-a842-11ff3947c0a0,1,text,COMPUTED TOMOGRAPHIC STUDY OF THE COMMON COLD — GWALTNEY ET AL.,63,11,0,0.23863402009010315,0.052769020199775696,0.83807373046875,0.07149794697761536,2026-05-08T19:40:26.797331+00:00,1.12.0,dpt-2-20260410
CT_Study_of_the_Common_Cold.pdf,d3d9efab-7884-4e33-9a1f-98ecd4545093,2,marginalia,25,2,1,0,0.8819229006767273,0.05428661033511162,0.904076874256134,0.07130560278892517,2026-05-08T19:40:26.797331+00:00,1.12.0,dpt-2-20260410
CT_Study_of_the_Common_Cold.pdf,623eabe1-188d-4c0e-88df-8f2b7c117ec1,3,text,"COMPUTED TOMOGRAPHIC STUDY OF THE COMMON COLD
JACK M. GWALTNEY, JR., M.D., C. DOUGLAS PHILLIPS, M.D., R. DAVID MILLER, B.S.,
AND DONALD K. RIKER, PH.D.",151,25,0,0.17645978927612305,0.08732090890407562,0.8155085444450378,0.14468181133270264,2026-05-08T19:40:26.797331+00:00,1.12.0,dpt-2-20260410
CT_Study_of_the_Common_Cold.pdf,76f41483-86b7-4fd0-9964-e139be35336c,4,text,"**Abstract** *Background.* Colds are common, but the ab-normalities they produce in the nasal passages and sinus cavities have not been well defined.",149,22,0,0.08938905596733093,0.1498674750328064,0.48877063393592834,0.19025880098342896,2026-05-08T19:40:26.797331+00:00,1.12.0,dpt-2-20260410
CT_Study_of_the_Common_Cold.pdf,10541854-4186-4fc3-be5d-b1c9255f9c79,5,text,"Methods. We studied healthy adult volunteers with self-diagnosed colds of 48 to 96 hours' duration and obtained the following data: information on symptoms, computed tomographic (CT) studies of the nasal passages and sinuses, mucosal-transport times, measures of nasal-airway resistance, and viral-culture studies. Thirty-one subjects (mean age, 24 years) had complete evaluations, including CT scans, which were read without knowledge of the clinical data. An additional 79 subjects underwent the same evaluations, except the CT scans.",536,75,0,0.08942943811416626,0.18979617953300476,0.48870086669921875,0.31658580899238586,2026-05-08T19:40:26.797331+00:00,1.12.0,dpt-2-20260410
CT_Study_of_the_Common_Cold.pdf,a01bf6e4-a3a9-4f55-b00c-0954223c65c0,6,text,"_Results._ Of the 31 subjects with CT scans, 24 (77 percent) had occlusion of the ethmoid infundibulum; 27 (87 percent) had abnormalities of one or both maxillary-sinus cavities; 20 (65 percent) had abnormalities of the ethmoid sinuses; 10 (32 percent) had abnormalities of the frontal",285,45,0,0.08956228196620941,0.3160712718963623,0.4889334440231323,0.3827763795852661,2026-05-08T19:40:26.797331+00:00,1.12.0,dpt-2-20260410
CT_Study_of_the_Common_Cold.pdf,2d971b24-9151-4a11-9943-d6fed4ae315f,7,text,STUDIES of the common cold have relied on diagnosis by the patients themselves¹⁻³ or diagnosis by an investigator using individual symptoms reported by the patients.⁴⁻⁶ These methods have limited usefulness for determining which anatomical areas of the upper airway are involved in the illness. There is a general assumption that in the upper airway the cold is mainly confined to the nasal passages and pharynx. Extension of the illness to the paranasal sinuses is thought to represent a complication.,502,79,0,0.08948290348052979,0.4010773003101349,0.48939990997314453,0.5427616238594055,2026-05-08T19:40:26.797331+00:00,1.12.0,dpt-2-20260410
CT_Study_of_the_Common_Cold.pdf,547130f2-279c-495a-a306-a1c6b76cd9d6,8,text,"Computed tomographic (CT) scanning allows de-tailed imaging of the nasal passages, ostiomeatal com-plex, and paranasal sinuses. We obtained CT scans of the nasal passages and sinuses of subjects with early, naturally acquired colds and correlated the findings with symptom scores, data on nasal-airway resistance, and mucosal-transport times to determine how the common cold involves the upper airway.",401,57,0,0.08957643806934357,0.542220950126648,0.489834189414978,0.6556004285812378,2026-05-08T19:40:26.797331+00:00,1.12.0,dpt-2-20260410
CT_Study_of_the_Common_Cold.pdf,c41b93c2-a130-4213-85f8-b88669aca5e2,9,text,"## METHODS

### Subjects
Subjects 18 years of age or older were recruited by solicitations for volunteers with a ""fresh common cold."" Volunteers were screened by telephone for eligibility in a way designed to mask the criteria for enrollment in the study. These criteria included good health other than having the common cold; duration of symptoms of at least 48 hours but less than 96 hours; no active allergic rhinitis or other respiratory illness; no history of recurrent or chronic sinusitis or nasal polyps; no use of cough, cold, or analgesic drugs within 8 hours before enrollment; and reported nasal or head congestion at the time of the initial visit. After 28 subjects had been enrolled, the last criterion was eliminated to allow investigation of CT findings in subjects without congestion.

Of the 356 people who volunteered to participate in the study, 129 were excluded because they could not or did not keep the initial",934,155,0,0.08662526309490204,0.6595521569252014,0.48908907175064087,0.8621848225593567,2026-05-08T19:40:26.797331+00:00,1.12.0,dpt-2-20260410
CT_Study_of_the_Common_Cold.pdf,547159fa-f860-438a-8330-694459438483,10,text,"From the Departments of Internal Medicine (J.M.G.) and Radiology (C.D.P.),
University of Virginia Health Sciences Center, Charlottesville, and the Procter
& Gamble Company, Cincinnati (R.D.M., D.K.R.). Address reprint requests to
Dr. Gwaltney at the Department of Internal Medicine, University of Virginia
Health Sciences Center, Charlottesville, VA 22908.
Supported by the Procter & Gamble Company, Cincinnati.",411,55,0,0.08962000906467438,0.8740313649177551,0.4902098774909973,0.9387961030006409,2026-05-08T19:40:26.797331+00:00,1.12.0,dpt-2-20260410
CT_Study_of_the_Common_Cold.pdf,8de95144-c4d0-408d-b82c-526bd05827d3,11,text,"sinuses; and 12 (39 percent) had abnormalities of the sphenoid sinuses. Infraorbital air cells were present in 14 subjects (45 percent), and pneumatization of the middle turbinate (concha bullosa) was noted in 11 subjects (35 percent). Also common were engorged turbinates (in 7 subjects) and thickening of the walls of the nasal pas-sages (in 13). After two weeks, the CT studies were re-peated in 14 subjects, none of whom received antibiotics. In 11 of these subjects (79 percent) the abnormalities of the infundibula and sinuses had cleared or markedly im-proved. Nasal-airway resistance was abnormal in 29 (94 percent) and mucosal transport in 19 (61 percent) of the 31 subjects who had CT scans. Rhinovirus was detected in nasal secretions from 24 (27 percent) of 90 subjects.

Conclusions. The common cold is associated with fre-quent and variable anatomical involvement of the upper airways, including occlusion and abnormalities in the sinus cavities. (N Engl J Med 1994;330:25-30.)",991,155,0,0.5077400207519531,0.15044693648815155,0.9065015316009521,0.3802546262741089,2026-05-08T19:40:26.797331+00:00,1.12.0,dpt-2-20260410
CT_Study_of_the_Common_Cold.pdf,3f76d468-cee2-4270-8d42-823020b34114,12,text,"appointment or could not be accommodated in the study at a given time; 65 because they had been ill too long; 13 because their cold symptoms had subsided; 15 because of a history of allergy, asthma, or chronic sinus disease; 8 because they did not report congestion; 5 because they were being treated for another illness; 2 because they could not tolerate dye in the nose; and 2 because they were under 18 years of age. A total of 117 volunteers were enrolled in the study, and 110 completed it (8 of the 110 missed an appointment on one day of the study but were included for the purpose of data analysis). After enrollment, patients were observed for six days, during which time they did not use acetaminophen as an analgesic. The study was approved by the Human Investigation Committee of the University of Virginia.",819,145,0,0.5080500245094299,0.4027811288833618,0.9070728421211243,0.5530814528465271,2026-05-08T19:40:26.797331+00:00,1.12.0,dpt-2-20260410
CT_Study_of_the_Common_Cold.pdf,57945452-1859-4701-bbd1-8d36d4742490,13,text,"## Subjective Measurement of Illness

The subjects reported symptoms by entering information in a computer program with a rating scale from 0 (not present) to 10 (very severe). They used the scale to respond to questions about sneezing, runny nose, nasal stuffiness, sore throat, cough, fatigue or lethargy, muscle aches and pains, chills, feverishness, and headache. The subjects were also asked whether they had nasal or head congestion. Symptoms were assessed at the time of enrollment and daily between the hours of 8 a.m. and 11 a.m. for six days.",552,90,0,0.5080750584602356,0.5599907636642456,0.907829225063324,0.6754429340362549,2026-05-08T19:40:26.797331+00:00,1.12.0,dpt-2-20260410
CT_Study_of_the_Common_Cold.pdf,f5167345-cd82-40d1-a361-b898384de84d,14,text,"**Nasal-Airway Resistance**

Nasal-airway resistance was measured by single-nostril active an-terior rhinomanometry.⁷ Beginning with the left nostril, nasal air-flow and transnasal pressure at the contralateral nostril were meas-ured over the course of four consecutive breaths with the use of a commercial rhinomanometer (John Connell, Englewood, N.J.). During the measurement, pressure and flow signals were digitized at a sampling rate of 100 Hz and displayed on the computer moni-tor. The primary measure of nasal patency was the rate of flow (in liters per second) at a reference transnasal pressure of –1.5 cm of water during inspiration. A value under 0.6 liter per second for white subjects or under 0.7 liter per second for black subjects was considered abnormal.⁸",773,116,0,0.5078437328338623,0.6807031631469727,0.9079246520996094,0.8407847881317139,2026-05-08T19:40:26.797331+00:00,1.12.0,dpt-2-20260410
CT_Study_of_the_Common_Cold.pdf,f1969d06-05fd-47a1-a0c4-3b416fcd1d19,15,text,"**Virologic Studies**

Viral-culture studies were performed with nasal secretions from
the last 90 subjects enrolled in the study. The subjects expelled the
contents of their nasal passages onto a plastic film. Secretions were
then transferred by cotton swab to a vial containing 5 ml of beef-
heart infusion broth with 1 percent bovine serum albumin and anti-
biotics. This method was used to avoid irritation of the nose",422,68,0,0.5081193447113037,0.8469204306602478,0.9085978269577026,0.939863383769989,2026-05-08T19:40:26.797331+00:00,1.12.0,dpt-2-20260410
CT_Study_of_the_Common_Cold.pdf,3d211edf-c6d0-4a69-adc0-bcedc37fe847,16,text,"The New England Journal of Medicine is produced by NEJM Group, a division of the Massachusetts Medical Society.
Downloaded from nejm.org on June 29, 2025. For personal use only.
No other uses without permission. Copyright © 1994 Massachusetts Medical Society. All rights reserved.",280,43,0,0.27798694372177124,0.9675708413124084,0.7222245335578918,0.9947572350502014,2026-05-08T19:40:26.797331+00:00,1.12.0,dpt-2-20260410
CT_Study_of_the_Common_Cold.pdf,adf750c0-eb2e-431f-a588-b9e1e453e05a,17,marginalia,26,2,1,1,0.08964553475379944,0.054722145199775696,0.11225150525569916,0.07130147516727448,2026-05-08T19:40:26.797331+00:00,1.12.0,dpt-2-20260410
CT_Study_of_the_Common_Cold.pdf,1aa920ae-cfbd-4cc5-b766-1fa4847b47fe,18,text,THE NEW ENGLAND JOURNAL OF MEDICINE,35,6,1,0.3308718204498291,0.05534140393137932,0.6618273854255676,0.0738656222820282,2026-05-08T19:40:26.797331+00:00,1.12.0,dpt-2-20260410
CT_Study_of_the_Common_Cold.pdf,bd5b7ee2-fa79-4d75-a854-6a11b68c212d,19,marginalia,"Jan. 6, 1994",12,3,1,0.8208333253860474,0.057430367916822433,0.9043196439743042,0.076081782579422,2026-05-08T19:40:26.797331+00:00,1.12.0,dpt-2-20260410
CT_Study_of_the_Common_Cold.pdf,fd1cbf82-d880-4443-8488-97c30a3b265d,20,text,"by nasal swabbing or washing. Specimens
were inoculated into three human embryon-
ic lung-cell monolayers of the WI-38 strain
(BioWhittaker, Walkersville, Md.). Viral
isolates were identified as rhinoviruses by
their characteristic cytopathic effect and
acid lability.",268,36,1,0.08801445364952087,0.0894680991768837,0.35418790578842163,0.17344793677330017,2026-05-08T19:40:26.797331+00:00,1.12.0,dpt-2-20260410
CT_Study_of_the_Common_Cold.pdf,6a1fb2b4-20b0-4e86-ad36-7d506ef917ef,21,text,"Nasal Mucosal Transport

Nasal mucociliary clearance was deter-
mined by a modification of a previously de-
scribed method. 10-12 Fifteen microliters of a
test solution was placed on the mucosa of
each nostril in the anterior part of the nasal
cavity below the inferior meatus. The test
solution consisted of 8 mg of indigo carmine
per milliliter, 3 mg of saccharin per millili-
ter, and 45 mg of sorbitol per milliliter (pH",424,72,1,0.08584198355674744,0.17909345030784607,0.3534298837184906,0.3059627115726471,2026-05-08T19:40:26.797331+00:00,1.12.0,dpt-2-20260410
CT_Study_of_the_Common_Cold.pdf,6cad4493-511c-4e19-a330-5250195207e6,22,text,"adjusted to 7.4). The subjects reported the first occurrence of
a sweet taste, and then the pharyngeal cavity was examined for
the appearance of the blue dye. Repeated inspections of the phar-
ynx were made at 30-second intervals for 30 minutes or until
dye was observed on each side. The combined clearance time was
defined as the time elapsed from the introduction of the test so-
lution to the first report of a sweet taste. Separate clearance times
for the right and left nasal passages are not reported. For the com-
bined clearance time, the occurrence of a sweet taste 20 minutes
or more after the introduction of the solution was considered
abnormal.",658,113,1,0.0861564576625824,0.30488136410713196,0.48865512013435364,0.430801659822464,2026-05-08T19:40:26.797331+00:00,1.12.0,dpt-2-20260410
CT_Study_of_the_Common_Cold.pdf,61be4215-46a5-4ab1-b83f-4d9c2eb86e3e,23,text,"## CT Scans of the Upper Airway

CT scans of the nasal passages, ostiomeatal complex, and para-nasal sinuses were obtained in 33 (30 percent) of the 110 subjects. Two subjects were excluded from the analysis because of bony changes in the maxillary antra, which were thought to be the result of chronic sinus disease. Twenty-eight subjects underwent CT scanning within 24 hours after enrollment, and three within 48 hours after enrollment. Subjects were selected for CT scanning primarily on the basis of scheduling considerations; the severity of illness was not a factor in selection. Fifteen to 20 images were obtained in a direct coronal plane that included the nasal passages and sinuses (GE-9800 Quick scanner, General Electric, Schenectady, N.Y., or Picker PQ-2000 scanner, Picker International, Cleveland). Fourteen subjects with abnormalities of the sinuses on the initial CT scans had repeat scans and repeat studies of nasal mucosal transport and airway resistance 8 to 15 days later. All scans were read independently by two radiologists who had no clinical information on the subjects; the radiologists compared their readings and resolved any differences in interpretation.",1187,183,1,0.08328451216220856,0.4376397132873535,0.48677659034729004,0.667905330657959,2026-05-08T19:40:26.797331+00:00,1.12.0,dpt-2-20260410
CT_Study_of_the_Common_Cold.pdf,647e61e9-2ab6-4e37-8bd7-9d28cb1bd49c,24,text,"# RESULTS

## Characteristics of the Study Subjects

Subjects were enrolled in the study between June 9 and October 9, 1992. Of the 31 subjects who had CT scans, 21 were women and 10 were men; 25 were white and 6 were nonwhite. Their ages ranged from 19 to 35 years, with a mean of 24 years. Of the 79 subjects who did not have CT scans, 50 were women and 29 were men; 69 were white and 10 were nonwhite. Their ages ranged from 18 to 55 years, with a mean of 23.5 years.",470,95,1,0.08117683231830597,0.6759383082389832,0.4854205250740051,0.8404482007026672,2026-05-08T19:40:26.797331+00:00,1.12.0,dpt-2-20260410
CT_Study_of_the_Common_Cold.pdf,f1f1ad81-1ce2-4019-af4d-fac159d62134,25,text,"Illnesses in both groups were typical common colds.
Rhinorrhea and nasal stuffiness were the most promi-
nent respiratory symptoms, followed by cough and
sore throat. Total symptom scores over six days
ranged from 28 to 236 for the subjects who had CT
scans and from 53 to 333 for those who did not (Ta-",303,54,1,0.08009248971939087,0.8395911455154419,0.4848044514656067,0.9279971122741699,2026-05-08T19:40:26.797331+00:00,1.12.0,dpt-2-20260410
CT_Study_of_the_Common_Cold.pdf,abd7dd33-31af-430f-8404-3992b8e87876,26,table,"Table 1. Symptoms, Delayed Mucosal Transport, and Abnormal Nasal-Airway Resist-
ance in 110 Adults with Naturally Acquired Colds.*
<table id=""1-1"">
<tr><td id=""1-2"">SUBJECT GROUP</td><td id=""1-3""></td><td id=""1-4""></td><td id=""1-5"" colspan=""2"">SYMPTOM</td><td id=""1-6""></td><td id=""1-7""></td><td id=""1-8"">DELAYED MUCOSAL TRANSPORT</td><td id=""1-9"">ABNORMAL NASAL-AIRWAY RESISTANCE</td></tr>
<tr><td id=""1-a""></td><td id=""1-b"">RHINOR- RHEA</td><td id=""1-c"">NASAL STUFFINESS</td><td id=""1-d"">SORE THROAT score</td><td id=""1-e"">COUGH</td><td id=""1-f"">HEAD- ACHE</td><td id=""1-g"">TOTAL†</td><td id=""1-h"" colspan=""2"">no. of days</td></tr>
<tr><td id=""1-i"">With CT scans (n = 31)</td><td id=""1-j"">22±11.5</td><td id=""1-k"">21±11.5</td><td id=""1-l"">17±10</td><td id=""1-m"">18±15</td><td id=""1-n"">11±10</td><td id=""1-o"">132±50</td><td id=""1-p"">2.1±2</td><td id=""1-q"">4.2±2</td></tr>
<tr><td id=""1-r"">Without CT scans (n = 79)</td><td id=""1-s"">20±9</td><td id=""1-t"">24±9</td><td id=""1-u"">15±12</td><td id=""1-v"">21±15</td><td id=""1-w"">16±13</td><td id=""1-x"">156±63</td><td id=""1-y"">3.3±2</td><td id=""1-z"">4.4±2</td></tr>
</table>
*Values are means ±SD.
†The total symptom score is the sum of the daily scores for symptoms of sneezing, rhinorrhea, nasal stuffiness, sore throat,
cough, headache, feverishness, chilliness, myalgia, and lethargy or fatigue, over a period of six days.",1369,122,1,0.3799781799316406,0.09079635888338089,0.9041507244110107,0.2900550663471222,2026-05-08T19:40:26.797331+00:00,1.12.0,dpt-2-20260410
CT_Study_of_the_Common_Cold.pdf,725fe07f-6c12-44a9-8576-79d734b05766,27,text,"ble 1). The mean total scores (±SD) were 132±50 and
156±63 for the respective groups (P = 0.07 by Stu-
dent's t-test). The greater severity of illness in the
group without CT scans was attributable mainly to
the systemic symptoms of lethargy, myalgia, chilli-
ness, and headache.",279,47,1,0.5053552389144897,0.3033260405063629,0.9046807289123535,0.3919297754764557,2026-05-08T19:40:26.797331+00:00,1.12.0,dpt-2-20260410
CT_Study_of_the_Common_Cold.pdf,0cc2c056-7ed4-45fb-8a10-e206b774573b,28,text,"**Viral Cultures**
Viral cultures of nasal secretions yielded rhinovirus isolates in 24 of 90 subjects (27 percent): 7 of 17 subjects who had CT scans (41 percent) and 17 of 73 who did not (23 percent) (P = 0.2 by Fisher's exact test). The total six-day symptom scores for the 24 rhinovirus-positive subjects ranged from 53 to 247 (mean, 152±53). Thus, the colds that were associated with rhinovirus tended to be in the middle range of severity for the group as a whole.",470,83,1,0.5031823515892029,0.3959129750728607,0.9040507674217224,0.5428696274757385,2026-05-08T19:40:26.797331+00:00,1.12.0,dpt-2-20260410
CT_Study_of_the_Common_Cold.pdf,1b682552-cb20-4f7a-868f-35ba481a6204,29,text,"## Nasal-Airway Resistance

Rhinomanometric studies showed abnormal nasal-airway resistance on 1 or more days in 29 of the 31 subjects with CT scans (94 percent); the number of days ranged from 1 to 6 (mean, 4.2±2). The subjects with the 10 highest symptom scores had abnormal airway resistance on an average of 4.1 days, as compared with an average of 3.8 days for those with the 10 lowest symptom scores. None of the 6 subjects with abnormal airway resistance on two or fewer days had CT evidence of swelling of the turbinates or thickening of the nasal wall, as compared with 9 of the 16 subjects (56 percent) with abnormal airway resistance on all six days (P = 0.05 by Fisher's exact test).",695,123,1,0.5021054744720459,0.5467787981033325,0.9036824703216553,0.7506917715072632,2026-05-08T19:40:26.797331+00:00,1.12.0,dpt-2-20260410
CT_Study_of_the_Common_Cold.pdf,5201e34c-2ec0-4f67-85e1-3bbfc833fb42,30,text,"## Mucosal Transport
A delay in mucosal transport was noted on one or more days in 19 of the 31 subjects (61 percent) who had CT scans and in 63 of the 79 (80 percent) who did not (P = 0.08 by Fisher's exact test) (Table 1).
The mean number of days of abnormal mucociliary clearance was 2.1±2.2 for the subjects who had CT scans and 3.3±2.2 for those who did not (P = 0.01 by Student's t-test). These results, like the data on symptoms, suggest that illnesses were somewhat more severe in the group of subjects who did not have CT scans.",537,103,1,0.5009011030197144,0.7535841464996338,0.9034323692321777,0.9275550842285156,2026-05-08T19:40:26.797331+00:00,1.12.0,dpt-2-20260410
CT_Study_of_the_Common_Cold.pdf,8d174e8c-05c6-4abc-944a-d4864f3aeb5a,31,text,"The New England Journal of Medicine is produced by NEJM Group, a division of the Massachusetts Medical Society.
Downloaded from nejm.org on June 29, 2025. For personal use only.
No other uses without permission. Copyright © 1994 Massachusetts Medical Society. All rights reserved.",280,43,1,0.2775885760784149,0.9672339558601379,0.7225552797317505,0.9951990246772766,2026-05-08T19:40:26.797331+00:00,1.12.0,dpt-2-20260410
CT_Study_of_the_Common_Cold.pdf,34a6d6c8-3f7c-4b7b-8307-6ffb3d0b39e1,32,marginalia,Vol. 330 No. 1,14,4,2,0.08947138488292694,0.05235753953456879,0.1951001137495041,0.07126816362142563,2026-05-08T19:40:26.797331+00:00,1.12.0,dpt-2-20260410
CT_Study_of_the_Common_Cold.pdf,ad433621-3c2d-4708-8ba2-6264ab1f9366,33,text,COMPUTED TOMOGRAPHIC STUDY OF THE COMMON COLD — GWALTNEY ET AL.,63,11,2,0.23815488815307617,0.0524960532784462,0.8371543884277344,0.07144413143396378,2026-05-08T19:40:26.797331+00:00,1.12.0,dpt-2-20260410
CT_Study_of_the_Common_Cold.pdf,8cfe760b-bb1f-4c2e-b98c-d85d0c5f44bf,34,marginalia,27,2,1,2,0.8810108304023743,0.05398173630237579,0.902885377407074,0.07160399854183197,2026-05-08T19:40:26.797331+00:00,1.12.0,dpt-2-20260410
CT_Study_of_the_Common_Cold.pdf,5008b341-0b88-449e-b5c2-539d0a6f9496,35,text,"Mucosal-transport times correlated with the sever-
ity of illness as indicated by the six-day symptom
scores. In the group with CT scans, the transport time
was abnormal on one or more days in 8 of the 10
subjects with the highest total symptom scores but in
only 2 of the 10 subjects with the lowest total scores
(P = 0.02 by Fisher's exact test). The mean number
of days on which measurements were abnormal in
these groups was 3 and 0.5, respectively (P = 0.005 by
Student's t-test).",485,88,2,0.08937981724739075,0.08726780116558075,0.4886128604412079,0.23102359473705292,2026-05-08T19:40:26.797331+00:00,1.12.0,dpt-2-20260410
CT_Study_of_the_Common_Cold.pdf,28b761e9-5204-449a-ae78-a885335f9525,36,text,"## CT Scans

Twenty-two of the 31 subjects with CT scans (71 percent) reported nasal or head congestion, and 9 did not. Of the subjects with congestion, 21 (95 percent) had occlusion of the ethmoid infundibulum, as compared with 3 of the 9 subjects without congestion (33 percent) (P = 0.001 by Fisher's exact test). All 22 subjects reporting congestion had abnormalities of one or more sinuses, as compared with 5 of the 9 subjects (56 percent) who did not report congestion (P = 0.004 by Fisher's exact test).",511,89,2,0.08884571492671967,0.23683777451515198,0.4889910817146301,0.39534786343574524,2026-05-08T19:40:26.797331+00:00,1.12.0,dpt-2-20260410
CT_Study_of_the_Common_Cold.pdf,bda95e86-bde9-433d-9309-9c1835bbd72f,37,text,"Twenty-four of the 31 subjects with CT scans (77
percent) had occlusion of the ethmoid infundibulum
(Table 2). In 16 of these subjects (67 percent) the
occlusion was bilateral. All 24 subjects with unilateral
or bilateral infundibular occlusion had abnormalities
of one or more sinuses, whereas only 3 of the 7 sub-
jects without infundibular occlusion (43 percent) had
abnormalities of the sinuses (P = 0.002 by Fisher's
exact test). None of the four subjects with normal si-
nus cavities had infundibular occlusion.",517,83,2,0.08897079527378082,0.39504438638687134,0.4891526699066162,0.5343263149261475,2026-05-08T19:40:26.797331+00:00,1.12.0,dpt-2-20260410
CT_Study_of_the_Common_Cold.pdf,d7cffb88-86f3-4ade-addf-f00b4a19e38e,38,text,"Twenty-seven of the 31 subjects with CT scans
(87 percent) had abnormalities of one or both maxil-
lary sinuses; the abnormalities were bilateral in 23
subjects (85 percent) and unilateral in 4 (15 percent).
Twenty of the 31 subjects (65 percent) had abnormali-
ties of the ethmoid sinuses, and in 12 of the 20
(60 percent) the abnormalities were bilateral. Abnor-
malities of the maxillary sinuses were present in all
subjects who had ethmoid abnormalities and in seven
of those who did not. Frontal-sinus abnormalities
were present in 10 of the 31 subjects (32 percent), and
sphenoid-sinus abnormalities were present in 12 (39
percent).",638,104,2,0.08965489268302917,0.5338955521583557,0.4897805154323578,0.7153056263923645,2026-05-08T19:40:26.797331+00:00,1.12.0,dpt-2-20260410
CT_Study_of_the_Common_Cold.pdf,6ec756d6-29ff-49e2-89da-82ffcc325be6,39,text,"The abnormal findings consisted of radiopaque material in the sinus cavity that had the density of soft tissue or fluid. These changes have traditionally been interpreted as mucosal swelling, except when an air–fluid level is present. However, the nonuniform areas of opacity suggested the presence of thick secretions. A definite air–fluid level was observed in the sphenoid and frontal sinuses in one subject and in the maxillary and sphenoid sinuses in another. The thickness of the abnormal material in the maxillary sinuses ranged from 2 to 15 mm and averaged 4.6 mm on the right and 4.4 mm on the left. The mean thickness of abnormal material in the other sinuses was 2.7 and 3.0 mm in the right and left frontal sinuses, respectively; 3.1 and 3.2 mm in the right and left ethmoid sinuses,",795,135,2,0.08978116512298584,0.7148759365081787,0.4907318949699402,0.9254546165466309,2026-05-08T19:40:26.797331+00:00,1.12.0,dpt-2-20260410
CT_Study_of_the_Common_Cold.pdf,e34b523b-825f-449e-b9cc-4881b1b9e73f,40,table,"Table 2. CT Findings in 31 Adults with Natu-
rally Acquired Colds.
<table id=""2-1"">
<tr><td id=""2-2"">SITE</td><td id=""2-3"">NO. OF PATIENTS (%)</td></tr>
<tr><td id=""2-4"">Nasal passages</td><td id=""2-5""></td></tr>
<tr><td id=""2-6"">Septal deviation</td><td id=""2-7"">6 (19)</td></tr>
<tr><td id=""2-8"">Engorged turbinate</td><td id=""2-9""></td></tr>
<tr><td id=""2-a"">Right</td><td id=""2-b"">7 (23)</td></tr>
<tr><td id=""2-c"">Left</td><td id=""2-d"">7 (23)</td></tr>
<tr><td id=""2-e"">Thickened nasal wall</td><td id=""2-f"">13 (42)</td></tr>
<tr><td id=""2-g"">Ostiomeatal complex</td><td id=""2-h""></td></tr>
<tr><td id=""2-i"">Infraorbital cells</td><td id=""2-j""></td></tr>
<tr><td id=""2-k"">Right</td><td id=""2-l"">11 (35)</td></tr>
<tr><td id=""2-m"">Left</td><td id=""2-n"">14 (45)</td></tr>
<tr><td id=""2-o"">Ethmoid bullosa</td><td id=""2-p""></td></tr>
<tr><td id=""2-q"">Right</td><td id=""2-r"">6 (19)</td></tr>
<tr><td id=""2-s"">Left</td><td id=""2-t"">6 (19)</td></tr>
<tr><td id=""2-u"">Concha bullosa</td><td id=""2-v""></td></tr>
<tr><td id=""2-w"">Right</td><td id=""2-x"">10 (32)</td></tr>
<tr><td id=""2-y"">Left</td><td id=""2-z"">6 (19)</td></tr>
<tr><td id=""2-A"">Infundibular occlusion</td><td id=""2-B""></td></tr>
<tr><td id=""2-C"">Right</td><td id=""2-D"">20 (65)</td></tr>
<tr><td id=""2-E"">Left</td><td id=""2-F"">20 (65)</td></tr>
<tr><td id=""2-G"">SINUS THICKNESS</td><td id=""2-H"">MM (MEAN ±SD)*</td></tr>
<tr><td id=""2-I"">Frontal</td><td id=""2-J""></td></tr>
<tr><td id=""2-K"">Right</td><td id=""2-L"">2.7±5</td></tr>
<tr><td id=""2-M"">Left</td><td id=""2-N"">3±7</td></tr>
<tr><td id=""2-O"">Ethmoid</td><td id=""2-P""></td></tr>
<tr><td id=""2-Q"">Right</td><td id=""2-R"">3.1±9</td></tr>
<tr><td id=""2-S"">Left</td><td id=""2-T"">3.2±9</td></tr>
<tr><td id=""2-U"">Maxillary</td><td id=""2-V""></td></tr>
<tr><td id=""2-W"">Right</td><td id=""2-X"">4.6±3</td></tr>
<tr><td id=""2-Y"">Left</td><td id=""2-Z"">4.4±3</td></tr>
<tr><td id=""2-10"">Sphenoid</td><td id=""2-11"">3.8±2.3</td></tr>
</table>
*Means were calculated from abnormal values only.",1994,143,2,0.5686725974082947,0.08700220286846161,0.845500648021698,0.502620279788971,2026-05-08T19:40:26.797331+00:00,1.12.0,dpt-2-20260410
CT_Study_of_the_Common_Cold.pdf,ce6a7a93-b123-45b2-931c-c9ccd5cd1254,41,text,"respectively; and 3.8 mm in the sphenoid sinus. The extent and degree of abnormality in the sinus cavities tended to be greater in the subjects with higher symptom scores than in those with lower scores (i.e., milder illnesses), but these associations were inexact. Unilateral or bilateral infundibular occlusion was present in 6 of 7 subjects with rhinovirus (86 percent) and in 18 of 24 without rhinovirus (75 percent), and sinus-cavity abnormalities were detected in 6 subjects (86 percent) and 21 subjects (88 percent), respectively.",537,84,2,0.5080716609954834,0.5187589526176453,0.9085209369659424,0.6727105975151062,2026-05-08T19:40:26.797331+00:00,1.12.0,dpt-2-20260410
CT_Study_of_the_Common_Cold.pdf,504904da-0840-409e-9296-7c01af2c86fc,42,text,"Preexisting, fixed anatomical variations in the 31 subjects who had CT scans included marked septal deviation in 6 (19 percent), infraorbital air cells (Haller cells) in 14 (45 percent), enlarged ethmoid bullae in 6 (19 percent), and concha bullosa (air cells of the turbinate) in 11 (35 percent) (Table 2). Acute, reversible changes included engorged turbinates in 7 subjects (23 percent) and mucosal thickening of the nasal walls in 13 (42 percent). Eighteen of the 24 subjects with ethmoid infundibular occlusion (75 percent) had anatomical variations, as did 6 of the 7 subjects without infundibular occlusion (86 percent). Fourteen of the subjects with occlusion (58 percent) and none without it had engorged turbinates or thickened nasal walls (P = 0.03 by Fisher's exact test). Also, none of the 4 subjects without sinus abnormalities had engorged turbinates or thickened nasal walls, as compared with 14 of the",918,146,2,0.5079900026321411,0.6721547842025757,0.9086353778839111,0.9252257347106934,2026-05-08T19:40:26.797331+00:00,1.12.0,dpt-2-20260410
CT_Study_of_the_Common_Cold.pdf,4d4e2158-93fc-4c4e-b027-5af1dc282fb1,43,text,"The New England Journal of Medicine is produced by NEJM Group, a division of the Massachusetts Medical Society.
Downloaded from nejm.org on June 29, 2025. For personal use only.
No other uses without permission. Copyright © 1994 Massachusetts Medical Society. All rights reserved.",280,43,2,0.27832508087158203,0.9675440788269043,0.7218053340911865,0.9950190782546997,2026-05-08T19:40:26.797331+00:00,1.12.0,dpt-2-20260410
CT_Study_of_the_Common_Cold.pdf,b1d49a2b-3c3b-4ca2-bc63-3cd6911b3854,44,marginalia,28,2,1,3,0.08609751611948013,0.054178494960069656,0.10721034556627274,0.0707373172044754,2026-05-08T19:40:26.797331+00:00,1.12.0,dpt-2-20260410
CT_Study_of_the_Common_Cold.pdf,cc82ea2c-3730-4fd5-b652-94432f12f536,45,marginalia,THE NEW ENGLAND JOURNAL OF MEDICINE,35,6,3,0.326457142829895,0.05298318713903427,0.6573807001113892,0.07226576656103134,2026-05-08T19:40:26.797331+00:00,1.12.0,dpt-2-20260410
CT_Study_of_the_Common_Cold.pdf,ac91a94f-9936-4048-80bf-532187efb4a1,46,marginalia,"Jan. 6, 1994",12,3,3,0.8164025545120239,0.05552210658788681,0.8988666534423828,0.07283046096563339,2026-05-08T19:40:26.797331+00:00,1.12.0,dpt-2-20260410
CT_Study_of_the_Common_Cold.pdf,77e24766-7591-4606-ab3e-03bea333db66,47,text,"27 subjects with sinus abnormalities (52 percent)
(P = 0.2 by Fisher's exact test).",83,14,3,0.08463975787162781,0.08913969993591309,0.4802055060863495,0.12241898477077484,2026-05-08T19:40:26.797331+00:00,1.12.0,dpt-2-20260410
CT_Study_of_the_Common_Cold.pdf,9802844c-1e9a-45c7-92d9-8235309a9f69,48,text,"**Follow-up Evaluations**
Fourteen subjects with abnormalities on CT scan-
ning underwent a follow-up evaluation after 13 to 20
days of illness (Fig. 1 and 2). Eleven of the 14 (79
percent) reported feeling well at the time of follow-up.
The mucosal-transport time had returned to normal
and sinus abnormalities had resolved or markedly im-
proved in 11 of the subjects (79 percent). Nasal-
airway resistance had returned to normal in only six
subjects (43 percent); however, in nine (64 percent)
the flow rate was higher than the mean rate during the
acute illness. All values and anatomical findings had
returned to normal in only 3 of the 14 subjects at the
time of follow-up.",679,114,3,0.08303463459014893,0.12768340110778809,0.4828692078590393,0.3281894624233246,2026-05-08T19:40:26.797331+00:00,1.12.0,dpt-2-20260410
CT_Study_of_the_Common_Cold.pdf,574533aa-ea5d-4858-bafc-de16b25b2e9b,49,text,"Nasal-airway resistance remained abnormal in the
three subjects with persistent symptoms; the mucosal-
transport time remained abnormal in two of the three.
However, the CT scans in all three subjects showed
marked improvement. Three of the subjects who did
not report persistent symptoms had sinus CT scans
that showed residual abnormalities; two had had air-
fluid levels on their initial scans. One of these three
subjects had persistently abnormal nasal-airway re-
sistance, but the mucosal-transport time had returned
to normal in all three. Thus, there was not a close
correlation between the resolution or persistence of
the symptoms of illness and the objective findings of
the other follow-up studies.",710,109,3,0.08393697440624237,0.32794511318206787,0.4835827350616455,0.5234544277191162,2026-05-08T19:40:26.797331+00:00,1.12.0,dpt-2-20260410
CT_Study_of_the_Common_Cold.pdf,8d3d458e-e29a-4d6e-85f0-15a704de4992,50,text,"## DISCUSSION

In a group of adults with naturally acquired common colds, we found a high prevalence of ostiomeatal and sinus abnormalities on CT scans. Although the high prevalence of sinus abnormalities was surprising, their reversal without antimicrobial treatment was not, since most colds are self-limited. These findings indicate that the common cold is actually a viral rhinosinusitis.",392,58,3,0.0831398218870163,0.5284265279769897,0.48260897397994995,0.6599739789962769,2026-05-08T19:40:26.797331+00:00,1.12.0,dpt-2-20260410
CT_Study_of_the_Common_Cold.pdf,de1936e0-6fb4-4de7-9a79-72a369ed0b92,51,text,"That the abnormalities in the sinus cavities were
directly or indirectly caused by a virus might be in-
ferred from their early appearance and reversibility
without antimicrobial treatment. A viral rhinitis
may lead to sinus-cavity disease by obstructing sinus
drainage with or without direct invasion of the sinus
cavity. Respiratory viruses, including rhinovirus, un-
accompanied by bacteria have been recovered directly
from the sinus cavity in adults with acute sinusitis. 13
Acute bacterial sinusitis has been reported to follow
the common cold in 0.5 percent¹ to 5 percent¹⁴ of
cases. In our study, 3 of 14 subjects (21 percent) had
marked but resolving abnormalities on follow-up CT
scans. Whether those with persistent abnormalities
are more prone to secondary bacterial sinusitis is un-
certain.",804,123,3,0.08246499300003052,0.6596752405166626,0.4832620620727539,0.8820997476577759,2026-05-08T19:40:26.797331+00:00,1.12.0,dpt-2-20260410
CT_Study_of_the_Common_Cold.pdf,0ea5a60a-0a55-4372-ac60-7ad491d47621,52,text,"Anatomical variations, as well as reversible abnor-
malities of the nasal passages and ostiomeatal area,",104,15,3,0.08394712209701538,0.8825986981391907,0.4830055236816406,0.9119152426719666,2026-05-08T19:40:26.797331+00:00,1.12.0,dpt-2-20260410
CT_Study_of_the_Common_Cold.pdf,b30a0ce9-263f-47ab-a2f2-50682e1fe005,53,figure,"<:: CT scan of sinuses, coronal view. This is Panel A. It shows bilateral occlusion of the ethmoid infundibulum (indicated by arrows), abnormalities of the ethmoid sinuses (right, 4 mm; left, 4 mm) and maxillary sinuses (right, 4 mm; left, 7 mm), and bilateral pneumatization of the middle turbinate (concha bullosa, indicated by an asterisk). This scan was obtained on day 4 of illness.
: CT scan::>
<:: CT scan of sinuses, coronal view. This is Panel B. It shows minimal residual infundibular occlusion and a residual abnormality of the right maxillary sinus (2 mm). This scan was obtained on day 13 of illness.
: CT scan::>
Figure 1. Initial and Follow-up Sinus CT Scans in an Untreated Adult (Subject 1) with the Common Cold. The initial scan, obtained on day 4 of illness (Panel A), shows bilateral occlusion of the ethmoid infundibulum (arrows), the passage draining the maxillary sinus; abnormalities of the ethmoid sinuses (right, 4 mm; left, 4 mm) and maxillary sinuses (right, 4 mm; left, 7 mm); and bilateral pneumatization of the middle turbinate (concha bullosa [asterisk]). The scan obtained on day 13 (Panel B) shows minimal residual infundibular occlusion and a residual abnormality of the right maxillary sinus (2 mm).",1235,204,3,0.5000895857810974,0.08985301852226257,0.9050162434577942,0.7969943284988403,2026-05-08T19:40:26.797331+00:00,1.12.0,dpt-2-20260410
CT_Study_of_the_Common_Cold.pdf,29a3ed2f-0e5e-4ea4-8c52-cb28e5ce637d,54,text,"were present in many of our subjects: septal deviation
in 19 percent, infraorbital air cells in 45 percent, and
concha bullosa in 35 percent. In the general popula-
tion, the reported prevalence of these abnormalities is
19.5 percent, 45 percent, and 11 to 16 percent, respec-
tively. 15-17 However, it was the reversible abnormali-
ties — thickened nasal walls, engorged turbinates, and",387,62,3,0.5030460953712463,0.812138020992279,0.9012416005134583,0.9123217463493347,2026-05-08T19:40:26.797331+00:00,1.12.0,dpt-2-20260410
CT_Study_of_the_Common_Cold.pdf,b9c888b4-b9d0-410e-a6a5-8e7f3c0f4c2c,55,text,"The New England Journal of Medicine is produced by NEJM Group, a division of the Massachusetts Medical Society.
Downloaded from nejm.org on June 29, 2025. For personal use only.
No other uses without permission. Copyright © 1994 Massachusetts Medical Society. All rights reserved.",280,43,3,0.27822983264923096,0.9672407507896423,0.7218763828277588,0.9948582053184509,2026-05-08T19:40:26.797331+00:00,1.12.0,dpt-2-20260410
CT_Study_of_the_Common_Cold.pdf,ccf02c29-74bf-4f5d-999b-c665b9e56914,56,marginalia,Vol. 330 No. 1,14,4,4,0.08853073418140411,0.05706200748682022,0.19383446872234344,0.07534172385931015,2026-05-08T19:40:26.797331+00:00,1.12.0,dpt-2-20260410
CT_Study_of_the_Common_Cold.pdf,aaaf9de6-a03b-4bb3-93f7-204348870704,57,text,COMPUTED TOMOGRAPHIC STUDY OF THE COMMON COLD — GWALTNEY ET AL.,63,11,4,0.23663851618766785,0.05722489953041077,0.8348746299743652,0.07409147918224335,2026-05-08T19:40:26.797331+00:00,1.12.0,dpt-2-20260410
CT_Study_of_the_Common_Cold.pdf,42ccbede-286d-4408-9f3e-9ad1bc11e0b8,58,marginalia,29,2,1,4,0.8806344866752625,0.057472195476293564,0.9020910859107971,0.07243131101131439,2026-05-08T19:40:26.797331+00:00,1.12.0,dpt-2-20260410
CT_Study_of_the_Common_Cold.pdf,b59f53f4-461b-4bb8-adb8-4416ff75740d,59,figure,"<::Image of five pairs of coronal CT scans of the paranasal sinuses. Each pair consists of two scans labeled 'A' and 'B'.

Subject 3:
Image A: Coronal CT scan showing the nasal cavity and paranasal sinuses. An arrow points to the middle turbinate. A double-headed arrow indicates the width of the middle meatus. A star (*) marks the uncinate process.
Image B: Coronal CT scan showing the nasal cavity and paranasal sinuses.
: medical scans::>
Subject 3
<::Image of five pairs of coronal CT scans of the paranasal sinuses. Each pair consists of two scans labeled 'A' and 'B'.

Subject 5:
Image A: Coronal CT scan showing the nasal cavity and paranasal sinuses. An arrow points to the uncinate process. Another arrow points to the bulla ethmoidalis. A star (*) marks the ethmoid infundibulum.
Image B: Coronal CT scan showing the nasal cavity and paranasal sinuses. Two arrows point to the maxillary sinuses, indicating fluid levels.
: medical scans::>
Subject 5
<::Image of five pairs of coronal CT scans of the paranasal sinuses. Each pair consists of two scans labeled 'A' and 'B'.

Subject 16:
Image A: Coronal CT scan showing the nasal cavity and paranasal sinuses. Two arrows point to enlarged middle turbinates (concha bullosa).
Image B: Coronal CT scan showing the nasal cavity and paranasal sinuses. Two arrows point to enlarged middle turbinates (concha bullosa).
: medical scans::>
Subject 16
<::Image of five pairs of coronal CT scans of the paranasal sinuses. Each pair consists of two scans labeled 'A' and 'B'.

Subject 24:
Image A: Coronal CT scan showing the nasal cavity and paranasal sinuses. An arrow points to the uncinate process. Two arrowheads (triangles) point to the maxillary sinus ostium.
Image B: Coronal CT scan showing the nasal cavity and paranasal sinuses. An arrow points to the uncinate process. A double-headed arrow indicates the width of the ethmoid infundibulum.
: medical scans::>
Subject 24
<::Image of five pairs of coronal CT scans of the paranasal sinuses. Each pair consists of two scans labeled 'A' and 'B'.

Subject 26:
Image A: Coronal CT scan showing the nasal cavity and paranasal sinuses. An arrow points to the middle turbinate. Another arrow points to the bulla ethmoidalis.
Image B: Coronal CT scan showing the nasal cavity and paranasal sinuses. An arrow points to the middle turbinate.
: medical scans::>
Subject 26",2369,392,4,0.08614897727966309,0.08963242173194885,0.49350082874298096,0.7967996597290039,2026-05-08T19:40:26.797331+00:00,1.12.0,dpt-2-20260410
CT_Study_of_the_Common_Cold.pdf,b2ab79dc-346c-4a79-a77b-6d45469318b2,60,text,infundibular occlusion --- that appeared to be more clinically important in our group of subjects.,98,15,4,0.09218667447566986,0.8129285573959351,0.490939199924469,0.8442319631576538,2026-05-08T19:40:26.797331+00:00,1.12.0,dpt-2-20260410
CT_Study_of_the_Common_Cold.pdf,1a68c746-f999-4985-9c55-876435853d62,61,text,The current study shows that the common cold is an illness with broader anatomical involvement in the upper airway than previously recognized. These findings help improve our understanding of the pathogenesis of both the common cold and acute bacterial,252,39,4,0.09226660430431366,0.8438968062400818,0.49137037992477417,0.9160812497138977,2026-05-08T19:40:26.797331+00:00,1.12.0,dpt-2-20260410
CT_Study_of_the_Common_Cold.pdf,c5844475-347b-44e8-b22d-430c6e2f7936,62,text,"Figure 2. Initial and Follow-up Sinus CT Scans Shown in De-scending Order of the Severity of Illness, According to the Total Symptom Score, in Five Untreated Subjects.

In Subject 3 the initial scan, obtained on day 5 of illness (Panel A), shows thickened nasal walls (arrows), bilateral ethmoid infun-dibular occlusion, and abnormalities of the ethmoid sinuses (right, 3 mm; left, 3 mm) and maxillary sinuses (right, 3 mm; left, air–fluid level). The scan obtained on day 18 of illness (Panel B) shows patent infundibula and residual abnormalities of the maxillary sinuses (right, 4 mm; left, 11 mm). In Subject 5 the initial scan, obtained on day 5 of illness (Panel A), shows bilateral ethmoid infundibular occlusion and abnormalities of the ethmoid sinuses (left, 5 mm [asterisk]) and maxillary sinuses (right, 10 mm; left, 15 mm [arrows]). On day 15 of illness (Panel B), the scan shows partial resolution of the infundibular occlusion and marked clearing of the sinus abnormalities, with a residual abnormality of the left maxillary sinus (3 mm [arrows]). In Subject 16 the ini-tial scan, obtained on day 6 of illness (Panel A), shows bilateral ethmoid infundibular occlusion (arrows) and abnormalities of the left ethmoid (2 mm) and right maxillary (2 mm) sinuses. On day 14 of illness (Panel B), the scan shows patent infundibula (ar-rows) and resolution of the sinus abnormalities. In Subject 24 the scan obtained on day 4 of illness (Panel A) shows bilateral infraorbital air cells (arrow) and thickened nasal walls (arrow-heads), occlusion of the right ethmoid infundibulum, and abnor-malities of the ethmoid (right, 3 mm) and maxillary (right, 3 mm; left, 1 mm) sinuses. On day 19 of illness (Panel B), some thicken-ing of the nasal wall persisted, and the right infundibulum was patent (arrow). There was a minimal residual abnormality of the left maxillary sinus (not shown). In Subject 26 the scan ob-tained on day 3 of illness (Panel A) shows thickened nasal walls and bilateral ethmoid infundibular occlusion, with abnormalities of the ethmoid sinuses (right, 4 mm; left, 4 mm [arrows]) and maxillary sinuses (right, 4 mm; left, 5 mm). On day 14 of illness (Panel B), the scan shows partial resolution of the bilateral infun-dibular occlusion (arrow) and a residual abnormality of the right maxillary sinus (3 mm).",2331,378,4,0.5058275461196899,0.09082035720348358,0.9092667102813721,0.5225527286529541,2026-05-08T19:40:26.797331+00:00,1.12.0,dpt-2-20260410
CT_Study_of_the_Common_Cold.pdf,7c5a7773-b98d-478d-bfeb-7d34196e2a9d,63,text,"sinusitis and may even help us find better treatment for the cold. Although CT scanning is obviously not appropriate for the clinical evaluation of patients with colds, it is useful in research on the pathogenesis and treatment of this illness, which at some time afflicts virtually every human being.",301,49,4,0.5080248117446899,0.5380004048347473,0.9072877168655396,0.6253176331520081,2026-05-08T19:40:26.797331+00:00,1.12.0,dpt-2-20260410
CT_Study_of_the_Common_Cold.pdf,cc81ebe9-e595-49f7-ae3e-1b74c2fc240d,64,text,"We are indebted to Katherine Adams and Patsy Beasley for data collection; to Debbie Thacker for technical assistance; to Jacqueline Grubbs for assistance in the preparation of the manuscript; to Rebecca Cornelius, M.D., for CT evaluations; and to Theodore Witek, Dr.P.H., and David Canestrari, M.S., for assistance in design and analysis.",338,51,4,0.5092125535011292,0.6290810108184814,0.9081829190254211,0.7000499963760376,2026-05-08T19:40:26.797331+00:00,1.12.0,dpt-2-20260410
CT_Study_of_the_Common_Cold.pdf,3cbb79e4-89a7-4881-af5b-06bfce1af411,65,text,"## REFERENCES

1. Dingle JH, Badger GF, Jordan WS Jr. Illness in the home: a study of 25,000 illnesses in a group of Cleveland families. Cleveland: Press of Western Reserve University, 1964:347.
2. Fox JP, Hall CE. Viruses in families: surveillance of families as a key to epidemiology of virus infections. Littleton, Mass.: PSG Publishing, 1980.
3. Monto AS, Bryan ER, Ohmit S. Rhinovirus infections in Tecumseh, Michigan: frequency of illness and number of serotypes. J Infect Dis 1987; 156:43-9.
4. Jackson GG, Dowling HF, Spiesman IG, Boand AV. Transmission of the common cold to volunteers under controlled conditions. 1. The common cold as a clinical entity. Arch Intern Med 1958;101:267-78.
5. Gwaltney JM Jr, Hendley JO, Simon G, Jordan WS Jr. Rhinovirus infections in an industrial population. I. The occurrence of illness. N Engl J Med 1966:275:1261-8.
6. Hendley JO, Edmondson WP Jr, Gwaltney JM Jr. Relation between naturally acquired immunity and infectivity of two rhinoviruses in volunteers. J Infect Dis 1972;125:243-8.",1035,163,4,0.5156317353248596,0.7076338529586792,0.9093522429466248,0.9133442640304565,2026-05-08T19:40:26.797331+00:00,1.12.0,dpt-2-20260410
CT_Study_of_the_Common_Cold.pdf,0660ab4a-f689-4f63-a065-9c210ad4eda9,66,text,"The New England Journal of Medicine is produced by NEJM Group, a division of the Massachusetts Medical Society.
Downloaded from nejm.org on June 29, 2025. For personal use only.
No other uses without permission. Copyright © 1994 Massachusetts Medical Society. All rights reserved.",280,43,4,0.27825382351875305,0.9672436714172363,0.721767783164978,0.9948465824127197,2026-05-08T19:40:26.797331+00:00,1.12.0,dpt-2-20260410
CT_Study_of_the_Common_Cold.pdf,bb79e3c4-0a3b-40f8-8c99-5db1064e9d99,67,marginalia,30,2,1,5,0.0867019072175026,0.0575987845659256,0.10790262371301651,0.0736142247915268,2026-05-08T19:40:26.797331+00:00,1.12.0,dpt-2-20260410
CT_Study_of_the_Common_Cold.pdf,543de6cf-ff51-403c-8473-137455921092,68,text,THE NEW ENGLAND JOURNAL OF MEDICINE,35,6,5,0.32757240533828735,0.05637148395180702,0.6575730443000793,0.07326263934373856,2026-05-08T19:40:26.797331+00:00,1.12.0,dpt-2-20260410
CT_Study_of_the_Common_Cold.pdf,1874880b-aef1-4df6-8fa5-0fb52e7bb622,69,marginalia,"Jan. 6, 1994",12,3,5,0.8176742196083069,0.056942857801914215,0.8988937735557556,0.07313831895589828,2026-05-08T19:40:26.797331+00:00,1.12.0,dpt-2-20260410
CT_Study_of_the_Common_Cold.pdf,78941f63-4af6-43b0-b289-7cfc099e9439,70,text,"7. Connell JT. Rhinometry: measurement of nasal patency. Ann Allergy 1982;49:179-85.
8. Connell JT, Linzmayer MI. Comparison of nasal airway patency changes after treatment with oxymetazoline and pseudoephedrine. Am J Rhinol 1987;1:87-94.
9. Gwaltney JM Jr, Colonno RJ, Hamparian VV, Turner RB. Rhinovirus. In: Schmidt NJ, Emmons RW, eds. Diagnostic procedures for viral, rickettsial and chlamydial infections. 6th ed. Washington, D.C.: American Public Health Association, 1989:579-614.
10. Puchelle E, Aug F, Pham QT, Bertrand A. Comparison of three methods for measuring nasal mucociliary clearance in man. Acta Otolaryngol (Stockh) 1981;91:297-303.
11. Duchateau GSMJE, Graamans K, Zuidema J, Merkus FWHM. Correlation between nasal ciliary beat frequency and mucus transport rate in volunteers. Laryngoscope 1985;95:854-9.",825,113,5,0.08650530874729156,0.09083369374275208,0.48309433460235596,0.24682217836380005,2026-05-08T19:40:26.797331+00:00,1.12.0,dpt-2-20260410
CT_Study_of_the_Common_Cold.pdf,0c605b63-1021-4264-8082-baca04e396ea,71,text,"12. Doyle WJ, van Cauwenberge PB. Relationship between nasal patency and clearance. Rhinology 1987;25:167-79.
13. Evans FO Jr, Sydnor JB, Moore WEC, et al. Sinusitis of the maxillary antrum. N Engl J Med 1975;293:735-9.
14. Wald ER, Guerra N, Byers C. Upper respiratory tract infections in young children: duration of and frequency of complications. Pediatrics 1991;87: 129-33.
15. Bolger WE, Butzin CA, Parsons DS. Paranasal sinus bony anatomic variations and mucosal abnormalities: CT analysis for endoscopic sinus surgery. Laryngoscope 1991;101:56-64.
16. Clark ST, Babin RW, Salazar J. The incidence of concha bullosa and its relationship to chronic sinonasal disease. Am J Rhinol 1989;3:11-2.
17. Calhoun KH, Waggenspack GA, Simpson CB, Hokanson JA, Bailey BJ. CT evaluation of the paranasal sinuses in symptomatic and asymptomatic populations. Otolaryngol Head Neck Surg 1991;104:480-3.",892,130,5,0.5024360418319702,0.09124157577753067,0.8994088172912598,0.2469114065170288,2026-05-08T19:40:26.797331+00:00,1.12.0,dpt-2-20260410
CT_Study_of_the_Common_Cold.pdf,b100bf86-8f0e-4c76-a401-6ac984b9a2bc,72,text,"Massachusetts Medical Society
Registry on Continuing Medical Education

To obtain information on continuing medical education courses in the New England area,
call between 9:00 a.m. and 12:00 noon, Monday through Friday, (617) 893-4610 or in
Massachusetts 1-800-322-2303, ext. 1342.",282,39,5,0.1679968237876892,0.5279070138931274,0.8096579909324646,0.6281484365463257,2026-05-08T19:40:26.797331+00:00,1.12.0,dpt-2-20260410
CT_Study_of_the_Common_Cold.pdf,e08e7c67-9b2c-455f-97c5-dac7e0652a37,73,text,"The New England Journal of Medicine is produced by NEJM Group, a division of the Massachusetts Medical Society.
Downloaded from nejm.org on June 29, 2025. For personal use only.
No other uses without permission. Copyright © 1994 Massachusetts Medical Society. All rights reserved.",280,43,5,0.2780238687992096,0.9673728942871094,0.7214483022689819,0.994516134262085,2026-05-08T19:40:26.797331+00:00,1.12.0,dpt-2-20260410
Common_cold_clinincal_evidence.pdf,56680c2a-e90c-4185-bf67-473a9f8dea3c,0,text,ClinicalEvidence,16,1,0,0.11021631956100464,0.030092235654592514,0.41661715507507324,0.06342768669128418,2026-05-08T19:40:26.797746+00:00,1.12.0,dpt-2-20260410
Common_cold_clinincal_evidence.pdf,83c02ae6-630d-4537-81a4-ee383124934c,1,text,"Common cold
Search date January 2010
Bruce Arroll",49,8,0,0.11140773445367813,0.06983011215925217,0.3263234794139862,0.12371063977479935,2026-05-08T19:40:26.797746+00:00,1.12.0,dpt-2-20260410
Common_cold_clinincal_evidence.pdf,ff7f15fc-8691-4116-8e37-e7bd09f46d3a,2,text,"## ABSTRACT

**INTRODUCTION:** Each year, children suffer up to 5 colds and adults have two to three infections, leading to time off school or work, and considerable discomfort. Most symptoms resolve within 1 week, but coughs often persist for longer. **METHODS AND OUTCOMES:** We conducted a systematic review and aimed to answer the following clinical question: What are the effects of treatments for common cold? We searched: Medline, Embase, The Cochrane Library, and other important databases up to January 2010 (Clinical Evidence reviews are updated periodically, please check our website for the most up-to-date version of this review). We included harms alerts from relevant organisations such as the US Food and Drug Administration (FDA) and the UK Medicines and Healthcare products Regulatory Agency (MHRA). **RESULTS:** We found 21 systematic reviews and RCTs that met our inclusion criteria. We performed a GRADE evaluation of the quality of evidence for interventions. **CONCLUSIONS:** In this systematic review we present information relating to the effectiveness and safety of the following interventions: analgesics or anti-inflammatory drugs, antibiotics, antihistamines, decongestants for short-term and for long-term relief, decongestants plus antihistamines, echinacea, steam inhalation, vitamin C, and zinc (intranasal gel or lozenges).",1357,194,0,0.11132198572158813,0.131440669298172,0.8906920552253723,0.2572578191757202,2026-05-08T19:40:26.797746+00:00,1.12.0,dpt-2-20260410
Common_cold_clinincal_evidence.pdf,8d545a43-2a2e-42de-a253-3aea50b404cb,3,text,"## QUESTIONS
What are the effects of treatments for common cold? ... 3",70,13,0,0.11310625076293945,0.2619326710700989,0.8871127367019653,0.30565208196640015,2026-05-08T19:40:26.797746+00:00,1.12.0,dpt-2-20260410
Common_cold_clinincal_evidence.pdf,9046af80-5d95-45ba-8a08-d44006512893,4,text,"# INTERVENTIONS

## TREATMENTS

Zinc (intranasal gel or lozenges) ........................ 17

### Likely to be beneficial

Antihistamines (may improve runny nose and sneezing,
no significant difference in overall symptoms) ............. 3

Decongestants (norephedrine, oxymetazoline, or pseu-
doephedrine provide short-term [3- to 10-hour] relief of
congestive symptoms) ...................................... 5

### Unknown effectiveness

Analgesics or anti-inflammatory drugs ..................... 11

Decongestants (insufficient evidence to assess longer-
term [>10 hours] effects on congestive symptoms) ......... 7

Decongestants plus antihistamines ......................... 9

Echinacea ................................................. 13

Steam inhalation .......................................... 15

### Unlikely to be beneficial

Vitamin C ................................................. 20

### Likely to be ineffective or harmful

Antibiotics ............................................... 22

## Covered elsewhere in Clinical Evidence

Acute sinusitis
Acute bronchitis
Sore throat

## To be covered in future updates

Interventions to prevent common cold",1174,127,0,0.11208456754684448,0.30877500772476196,0.8874099850654602,0.6032847762107849,2026-05-08T19:40:26.797746+00:00,1.12.0,dpt-2-20260410
Common_cold_clinincal_evidence.pdf,8ca8cfae-2197-413f-a480-4e3cfd5eddd1,5,text,"# Key points
- Transmission of common cold infections is mostly through hand-to-hand contact rather than droplet spread. Several types of virus can cause symptoms of colds.
Each year, children suffer up to 5 colds and adults have two to three infections, leading to time off school or work and considerable discomfort. Most symptoms resolve within 1 week, but coughs often persist for longer.
- Nasal and oral decongestants reduce nasal congestion over 3 to 10 hours, but we don't know how effective decongestants are for longer-term relief (>10 hours).
- Antibiotics don't reduce symptoms overall, and can cause adverse effects and increase antibiotic resistance.
Antibiotics may improve symptoms after 5 days compared with placebo in people with nasopharyngeal culture-positive Haemophilus influenzae, Moraxella catarrhalis, or Streptococcus pneumoniae, but it is difficult to identify which people may have these infections.
- Vitamin C seems unlikely to reduce the duration or severity of cold symptoms compared with placebo.
We don't know whether zinc gel or lozenges, echinacea, steam inhalation, or analgesics or anti-inflammatory drugs reduce the duration of symptoms of colds.
- Antihistamines may slightly reduce runny nose and sneezing, but their overall effect seems small. Some antihistamines may cause sedation or arrhythmias.
- We found insufficient evidence to assess whether decongestants plus antihistamines are effective in reducing cold symptoms.",1466,218,0,0.11051240563392639,0.6116156578063965,0.8910387754440308,0.8993474245071411,2026-05-08T19:40:26.797746+00:00,1.12.0,dpt-2-20260410
Common_cold_clinincal_evidence.pdf,80452133-8622-41da-b317-1429e22d9efe,6,marginalia,© BMJ Publishing Group Ltd 2011. All rights reserved.,53,9,0,0.11211642622947693,0.9285831451416016,0.3657667934894562,0.9433224201202393,2026-05-08T19:40:26.797746+00:00,1.12.0,dpt-2-20260410
Common_cold_clinincal_evidence.pdf,64ad2c15-12d0-404b-9f95-833ea71117be,7,marginalia,1,1,1,0,0.5404733419418335,0.9263407588005066,0.5613703727722168,0.9420399069786072,2026-05-08T19:40:26.797746+00:00,1.12.0,dpt-2-20260410
Common_cold_clinincal_evidence.pdf,4c6281fc-cc8d-4088-a022-69a0a369d12c,8,marginalia,Clinical Evidence 2011;03:1510,30,3,0,0.7371065616607666,0.9281375408172607,0.8880503177642822,0.9430127143859863,2026-05-08T19:40:26.797746+00:00,1.12.0,dpt-2-20260410
Common_cold_clinincal_evidence.pdf,3e87cb72-453d-46c8-a57b-dfd05385acb3,9,text,Respiratory disorders (acute),29,3,0,0.8938101530075073,0.030767813324928284,0.9396854639053345,0.3396419882774353,2026-05-08T19:40:26.797746+00:00,1.12.0,dpt-2-20260410
Common_cold_clinincal_evidence.pdf,59053691-1b69-4f54-8aaf-b7420b1840d6,10,marginalia,Common cold,11,2,1,0.6743047833442688,0.030735459178686142,0.8877056241035461,0.06301181018352509,2026-05-08T19:40:26.797746+00:00,1.12.0,dpt-2-20260410
Common_cold_clinincal_evidence.pdf,f534e95b-61eb-454a-bdee-c6d25f429f59,11,text,"DEFINITION
Common colds are defined as upper respiratory tract infections that affect the predominantly nasal part of the respiratory mucosa. Because upper respiratory tract infections can affect any part of the mucosa, it is often arbitrary whether an upper respiratory tract infection is called a ""cold"" or ""sore throat"" (""pharyngitis"" or ""tonsillitis""), ""sinusitis"", ""acute otitis media"", or ""bronchitis"" (see figure 1 in review on sore throat). Sometimes all areas (simultaneously or at different times) are affected during one illness. Symptoms include sneezing, rhinorrhoea (runny nose), headache, and general malaise. In addition to nasal symptoms, half of sufferers experience sore throat, and 40% experience cough. [1] This review does not include treatments for people with acute sinusitis (see review on acute sinusitis), acute bronchitis (see review on acute bronchitis), or sore throat (see review on sore throat). One prospective US study (1246 children enrolled at birth) found that children who had frequent colds when aged 2 or 3 years were twice as likely to experience frequent colds at year 6 compared with children who had infrequent colds at 2 or 3 years (RR 2.8, 95% CI 2.1 to 3.9). [2]

INCIDENCE/
PREVALENCE
Upper respiratory tract infections, nasal congestion, throat complaints, and cough are responsible for 11% of general practice consultations in Australia. [3] Each year, children suffer about 5 such infections and adults two to three infections. [3] [4] [5] One cross-sectional study in Norwegian children aged 4 to 5 years found that 48% experienced more than two common colds annually. [6]

AETIOLOGY/
RISK FACTORS
Transmission of common cold infection is mostly through hand-to-hand contact, with subsequent passage to the nostrils or eyes — rather than, as commonly perceived, through droplets in the air. [1] Common cold infections are mainly caused by viruses (typically rhinovirus, but also coronavirus and respiratory syncytial virus, or metapneumovirus and others). For many colds, no infecting organism can be identified.

PROGNOSIS
Common colds are usually short lived, lasting a few days, with a few lingering symptoms lasting longer, especially cough. Symptoms peak within 1 to 3 days and generally clear by 1 week, although cough often persists. [1] Although they cause no mortality or serious morbidity, common colds are responsible for considerable discomfort, lost work, and medical costs.

AIMS OF
INTERVENTION
To relieve symptoms, shorten the illness, or reduce complications; to reduce infectivity to others, with minimal adverse effects from treatments.

OUTCOMES
Symptom severity: includes cure rate, time away from work or school, and symptom duration; occurrence of complications; adverse effects of treatment.

METHODS
Clinical Evidence search and appraisal January 2010. The following databases were used to identify studies for this systematic review: Medline 1966 to January 2010, Embase 1980 to January 2010, and The Cochrane Database of Systematic Reviews 2009, Issue 4 (1966 to date of issue). An additional search within The Cochrane Library was carried out for the Database of Abstracts of Reviews of Effects (DARE) and Health Technology Assessment (HTA). We also searched for retractions of studies included in the review. Abstracts of the studies retrieved from the initial search were assessed by an information specialist. Selected studies were then sent to the contributor for additional assessment, using predetermined criteria to identify relevant studies. Study design criteria for inclusion in this review were: published systematic reviews of RCTs and RCTs in any language, at least single blinded, and containing >20 individuals of whom >80% were followed up. We required 7 days of follow-up to include studies; however, we report outcomes within the studies at shorter timeframes than these. We excluded all studies described as ""open"", ""open label"", or not blinded unless blinding was impossible. We included systematic reviews of RCTs and RCTs where harms of an included intervention were studied applying the same study design criteria for inclusion as we did for benefits. In addition we use a regular surveillance protocol to capture harms alerts from organisations such as the US FDA and the UK MHRA, which are added to the reviews as required. Where possible, we have excluded RCTs undertaken solely in people with experimentally induced colds, although meta-analyses in some systematic reviews do include such RCTs. We have also excluded RCTs that only assessed the outcome of bacteriological clearance. We performed a broad search for RCTs of any decongestant, analgesic, or anti-inflammatory in people with common cold, and included any RCTs of sufficient quality. To aid readability of the numerical data in our reviews, we round many percentages to the nearest whole number. Readers should be aware of this when relating percentages to summary statistics such as relative risks (RRs) and odds ratios (ORs). We have performed a GRADE evaluation of the quality of evidence for interventions included in this review (see table, p 26). The categorisation of the quality of the evidence (high, moderate, low, or very low) reflects the quality of evidence available for our chosen outcomes in our defined populations of interest. These categorisations are not necessarily a reflection of the overall methodological quality of any individual study, because the Clinical Evidence population and outcome of choice may represent only a small subset of the total outcomes reported, and population included,",5585,853,1,0.10986557602882385,0.06812784075737,0.8901879787445068,0.9254084825515747,2026-05-08T19:40:26.797746+00:00,1.12.0,dpt-2-20260410
Common_cold_clinincal_evidence.pdf,ca53b612-cffc-49be-b953-7104c3944d13,12,text,© BMJ Publishing Group Ltd 2011. All rights reserved.,53,9,1,0.11200983822345734,0.9295026063919067,0.36524951457977295,0.9428441524505615,2026-05-08T19:40:26.797746+00:00,1.12.0,dpt-2-20260410
Common_cold_clinincal_evidence.pdf,e0cc1b4e-100e-469e-a135-84cf26e6b5c0,13,marginalia,2,1,1,1,0.8664987087249756,0.927861213684082,0.8898793458938599,0.9418632984161377,2026-05-08T19:40:26.797746+00:00,1.12.0,dpt-2-20260410
Common_cold_clinincal_evidence.pdf,4682b571-e0e9-4dcf-9815-3cb5d5f2821b,14,text,Respiratory disorders (acute),29,3,1,0.8948792219161987,0.03190168738365173,0.9372653961181641,0.3382265269756317,2026-05-08T19:40:26.797746+00:00,1.12.0,dpt-2-20260410
Common_cold_clinincal_evidence.pdf,d5e75253-bb05-4233-a7c6-569eea77fe25,15,text,Common cold,11,2,2,0.6761645674705505,0.03262333199381828,0.8869171738624573,0.060333143919706345,2026-05-08T19:40:26.797746+00:00,1.12.0,dpt-2-20260410
Common_cold_clinincal_evidence.pdf,7e488a7a-835f-475b-a2b0-0075f6b81d7a,16,text,"in any individual trial. For further details of how we perform the GRADE evaluation and the scoring system we use, please see our website (www.clinicalevidence.com).",165,25,2,0.22961896657943726,0.07114046812057495,0.8874862790107727,0.10188418626785278,2026-05-08T19:40:26.797746+00:00,1.12.0,dpt-2-20260410
Common_cold_clinincal_evidence.pdf,9b5e933f-d0b3-44da-a925-bb0b91baf3cf,17,text,QUESTION: What are the effects of treatments for common cold?,61,10,2,0.1128334105014801,0.10811125487089157,0.8868891000747681,0.1337435394525528,2026-05-08T19:40:26.797746+00:00,1.12.0,dpt-2-20260410
Common_cold_clinincal_evidence.pdf,66784b30-144a-4419-8e9b-928e3ccd89da,18,text,"OPTION ANTIHISTAMINES

* For GRADE evaluation of interventions for Common cold, see table, p 26.
* Antihistamines may slightly reduce runny nose and sneezing, but their overall effect seems small. Some antihistamines may cause sedation or arrhythmias.",251,37,2,0.11171236634254456,0.13852795958518982,0.8883717060089111,0.21917524933815002,2026-05-08T19:40:26.797746+00:00,1.12.0,dpt-2-20260410
Common_cold_clinincal_evidence.pdf,23419daf-9f83-45a8-ba27-eefedd813a9b,19,text,"## Benefits and harms

**Antihistamines versus placebo:**
We found two systematic reviews (search date not reported, 9 RCTs, 1757 adults; 7 RCTs in adults with naturally acquired colds, 2 RCTs in adults with experimentally induced colds; [7] and search date 2003, 32 RCTs, 8228 adults and children with naturally acquired colds, 702 with experimentally induced colds [8]) and one subsequent RCT. [9]",399,62,2,0.11167511343955994,0.23006339371204376,0.8883740901947021,0.3115776777267456,2026-05-08T19:40:26.797746+00:00,1.12.0,dpt-2-20260410
Common_cold_clinincal_evidence.pdf,2fcb19b3-55be-4be0-9c42-87551598b34d,20,text,"**Symptom severity**
---
*Compared with placebo* Antihistamines may be marginally more effective at reducing symptoms of runny nose and sneezing at 2 days, but we don't know whether they are more effective at reducing cough frequency or at increasing the speed of recovery (very low-quality evidence).",301,46,2,0.11157533526420593,0.33001619577407837,0.8892534971237183,0.3888169527053833,2026-05-08T19:40:26.797746+00:00,1.12.0,dpt-2-20260410
Common_cold_clinincal_evidence.pdf,3cd54d21-5f95-49fd-afe7-7386b7d174e9,21,table,"<table id=""2-1"">
<tr><td id=""2-2"">Ref (type)</td><td id=""2-3"">Population</td><td id=""2-4"">Outcome, Interventions</td><td id=""2-5"">Results and statistical analysis</td><td id=""2-6"">Effect size</td><td id=""2-7"">Favours</td></tr>
<tr><td id=""2-8"" colspan=""6"">Symptom severity (global)</td></tr>
<tr><td id=""2-9"">[7] Systematic review</td><td id=""2-a"">1757 adults 9 RCTs in this analysis 7 RCTs in adults with naturally ac- quired colds, two RCTs in adults with experimentally in- duced colds</td><td id=""2-b"">Symptoms of runny nose and sneezing, 2 days with antihistamines (chlor- phenamine or doxylamine) with placebo The review included previously unpublished individual patient data comparing antihistamines (chlorphenamine or doxylamine) versus placebo</td><td id=""2-c"">The review reported that antihis- tamines reduced symptoms compared with placebo, although the effects were small (see fur- ther information on studies)</td><td id=""2-d""></td><td id=""2-e""></td></tr>
<tr><td id=""2-f"">[9] RCT 3-armed trial</td><td id=""2-g"">37 children aged 6 to 18 years with nocturnal cough due to upper respi- ratory infection The remaining arm evaluated dex- tromethorphan (an antitussive, single bedtime dose, based on label rec- ommendations for age)</td><td id=""2-h"">Cough frequency (reduction in 7-point Likert scale, comparing 1 night without treatment to a second night with treatment) 1.58 with diphenhydramine (sin- gle bedtime dose, based on label recommendations for age) 1.38 with placebo 25 children in this analysis (12 children in the diphenhydramine group and 13 children in the placebo group)</td><td id=""2-i"">Significance not assessed for diphenhydramine v placebo The study was small and out- comes were measured in 1 night</td><td id=""2-j""></td><td id=""2-k""></td></tr>
<tr><td id=""2-l"" colspan=""6"">Cure rate</td></tr>
<tr><td id=""2-m"">[8]
Systematic
review</td><td id=""2-n"">3492 people with
colds</td><td id=""2-o"">Proportion recovered , 1 to 2
days
998/1825 (55%) with antihis-
tamines alone
892/1667 (54%) with placebo</td><td id=""2-p"">RR 0.99
95% CI 0.93 to 1.05</td><td id=""2-q"">↔</td><td id=""2-r"">Not significant</td></tr>
<tr><td id=""2-s"">[8]
Systematic
review</td><td id=""2-t"">Number of people
in analysis not
clear
3 RCTs in this
analysis</td><td id=""2-u"">Proportion recovered , 3 to 5
days
with antihistamines alone
with placebo</td><td id=""2-v"">RR 1.03
95% CI 0.92 to 1.16</td><td id=""2-w"">↔</td><td id=""2-x"">Not significant</td></tr>
</table>",2460,294,2,0.11054080724716187,0.3889034688472748,0.8900354504585266,0.9239088296890259,2026-05-08T19:40:26.797746+00:00,1.12.0,dpt-2-20260410
Common_cold_clinincal_evidence.pdf,1e9b8fc5-7d8a-4aeb-ad62-38b9ed5df669,22,marginalia,© BMJ Publishing Group Ltd 2011. All rights reserved.,53,9,2,0.11291280388832092,0.9283120632171631,0.3652230203151703,0.9430547952651978,2026-05-08T19:40:26.797746+00:00,1.12.0,dpt-2-20260410
Common_cold_clinincal_evidence.pdf,2e1739f3-4922-406e-aded-0127cf09eda2,23,marginalia,3,1,1,2,0.8668290376663208,0.9267842173576355,0.8892127275466919,0.9427421689033508,2026-05-08T19:40:26.797746+00:00,1.12.0,dpt-2-20260410
Common_cold_clinincal_evidence.pdf,31a7a7f8-7219-410e-9a7c-4f52a8f18d8b,24,text,Respiratory disorders (acute),29,3,2,0.8942722082138062,0.03139318525791168,0.9385491609573364,0.3389796018600464,2026-05-08T19:40:26.797746+00:00,1.12.0,dpt-2-20260410
Common_cold_clinincal_evidence.pdf,811893c0-82cf-48f9-959c-1905ea613f09,25,text,Common cold,11,2,3,0.6758780479431152,0.03236398100852966,0.8874058723449707,0.060312919318675995,2026-05-08T19:40:26.797746+00:00,1.12.0,dpt-2-20260410
Common_cold_clinincal_evidence.pdf,0d8cd70d-9b76-4dad-9622-3b76fa721f95,26,table,"<table id=""3-1"">
<tr><td id=""3-2"">Ref
(type)</td><td id=""3-3"">Population</td><td id=""3-4"">Outcome, Interventions</td><td id=""3-5"">Results and statistical
analysis</td><td id=""3-6"">Effect
size</td><td id=""3-7"">Favours</td></tr>
<tr><td id=""3-8"">[8]
Systematic
review</td><td id=""3-9"">Number of people
in analysis not
clear
4 RCTs in this
analysis</td><td id=""3-a"">Proportion recovered, 8 to 10
days
with antihistamines alone
with placebo</td><td id=""3-b"">RR 0.95
95% CI 0.83 to 1.09</td><td id=""3-c"">horizontal arrow</td><td id=""3-d"">Not significant</td></tr>
</table>",567,54,3,0.11252060532569885,0.06618034839630127,0.8878786563873291,0.18414396047592163,2026-05-08T19:40:26.797746+00:00,1.12.0,dpt-2-20260410
Common_cold_clinincal_evidence.pdf,f4026548-f09b-4f99-8900-ec8a99360131,27,text,"## Complications

No data from the following reference on this outcome. [7] [8] [9]",83,14,3,0.11251990497112274,0.1943524181842804,0.5448110699653625,0.26779642701148987,2026-05-08T19:40:26.797746+00:00,1.12.0,dpt-2-20260410
Common_cold_clinincal_evidence.pdf,348e2ce8-04cc-44c3-97a3-e81e8f8116ed,28,table,"Adverse effects
<table id=""3-e"">
<tr><td id=""3-f"">Ref
(type)</td><td id=""3-g"">Population</td><td id=""3-h"">Outcome, Interventions</td><td id=""3-i"">Results and statistical
analysis</td><td id=""3-j"">Effect
size</td><td id=""3-k"">Favours</td></tr>
<tr><td id=""3-l"" colspan=""6"">Adverse effects</td></tr>
<tr><td id=""3-m"">[8]
Systematic
review</td><td id=""3-n"">8930 adults and
children with colds
9 RCTs in this
analysis
8228 adults and
children with natu-
rally acquired
colds, and 702 with
experimentally in-
duced colds</td><td id=""3-o"">Proportion of people reporting
an adverse effect
with antihistamines alone
with placebo
Antihistamines were particularly
associated with sedation, but also
with dizziness, dry mouth, and
headache</td><td id=""3-p"">RR 1.20
95% CI 1.03 to 1.40</td><td id=""3-q"">(three circles, one filled)</td><td id=""3-r"">placebo</td></tr>
<tr><td id=""3-s"">[8]
Systematic
review</td><td id=""3-t"">People in trials
evaluating non-se-
dating antihis-
tamines; number of
people in analysis
not clear
3 RCTs in this
analysis</td><td id=""3-u"">Proportion of people reporting
an adverse effect
with non-sedating antihistamines
alone
with placebo</td><td id=""3-v"">RR 1.10
95% CI 0.55 to 2.18</td><td id=""3-w"">(horizontal double arrow)</td><td id=""3-x"">Not significant</td></tr>
</table>",1291,140,3,0.11062228679656982,0.28722870349884033,0.8873181939125061,0.6299728751182556,2026-05-08T19:40:26.797746+00:00,1.12.0,dpt-2-20260410
Common_cold_clinincal_evidence.pdf,ce36d365-02e6-4d32-b267-56be74393e74,29,text,No data from the following reference on this outcome. [7] [9],61,11,3,0.11325357854366302,0.6397194862365723,0.5194854140281677,0.6576122045516968,2026-05-08T19:40:26.797746+00:00,1.12.0,dpt-2-20260410
Common_cold_clinincal_evidence.pdf,0b1b34c4-9fa9-4a00-a875-ad4c32397c22,30,text,"### Further information on studies

[7] The effects of antihistamines were small. On a severity scale ranging from 0 (no symptoms) to 3 or 4 (severe symptoms), antihistamines reduced the score from baseline by about 0.25 (95% CI 0.10 to 0.40; results presented graphically) for runny nose on days 1 and 2, 0.15 (95% CI 0 to 0.30) for sneezing on day 1, and 0.30 (95% CI 0.15 to 0.45) for sneezing on day 2.

[8] The RCTs identified by the second review assessed a wide variety of antihistamines, including cetirizine, chlorphenamine, clemastine, doxylamine succinate, loratadine, promethazine hydrochloride, and terfenadine. Decongestants used in combination with antihistamines included phenylpropanolamine and pseudoephedrine.",728,110,3,0.10919329524040222,0.7216838598251343,0.8907012939453125,0.8528554439544678,2026-05-08T19:40:26.797746+00:00,1.12.0,dpt-2-20260410
Common_cold_clinincal_evidence.pdf,35d02b8d-4659-4ac6-a911-00ffc7e96463,31,text,"Comment:
Some non-sedating antihistamines are associated with arrhythmias and adverse interactions with other drugs. The FDA has released a warning that respiratory depression, leading to death in some",201,28,3,0.11262434720993042,0.8880969285964966,0.8885533213615417,0.9189705848693848,2026-05-08T19:40:26.797746+00:00,1.12.0,dpt-2-20260410
Common_cold_clinincal_evidence.pdf,84b4b1e2-ce58-44f2-b0c0-5872c320f7ec,32,marginalia,© BMJ Publishing Group Ltd 2011. All rights reserved.,53,9,3,0.11361625790596008,0.9289023876190186,0.36395853757858276,0.9423856735229492,2026-05-08T19:40:26.797746+00:00,1.12.0,dpt-2-20260410
Common_cold_clinincal_evidence.pdf,95faefe9-ef74-4e82-be2b-9b40c9317675,33,marginalia,4,1,1,3,0.8695167899131775,0.9282689094543457,0.8878740668296814,0.9408038854598999,2026-05-08T19:40:26.797746+00:00,1.12.0,dpt-2-20260410
Common_cold_clinincal_evidence.pdf,64e4c840-b79b-4819-8487-81e7836522a3,34,text,Respiratory disorders (acute),29,3,3,0.894119918346405,0.031667038798332214,0.9373970627784729,0.33883678913116455,2026-05-08T19:40:26.797746+00:00,1.12.0,dpt-2-20260410
Common_cold_clinincal_evidence.pdf,cd86aa56-e075-4afe-862d-658c61425bac,35,text,Common cold,11,2,4,0.6760346293449402,0.03237735107541084,0.8869439959526062,0.06078481301665306,2026-05-08T19:40:26.797746+00:00,1.12.0,dpt-2-20260410
Common_cold_clinincal_evidence.pdf,b21c0f26-b37d-415c-95f2-8d4f9cc30f72,36,text,"cases, has been reported when promethazine hydrochloride was given to children aged <2 years.
[10] The FDA recommends not using promethazine hydrochloride in children aged <2 years, and
that parents and carers seek a doctor's advice about giving promethazine hydrochloride in any
form to children aged 2 years and older.",320,50,4,0.2296881377696991,0.06783723831176758,0.8867861032485962,0.12425863742828369,2026-05-08T19:40:26.797746+00:00,1.12.0,dpt-2-20260410
Common_cold_clinincal_evidence.pdf,ba72d9ba-73c9-491f-9428-512f35426d0e,37,text,"OPTION DECONGESTANTS FOR SHORT-TERM RELIEF

* For GRADE evaluation of interventions for Common cold, see table, p 26.
* Nasal and oral decongestants reduce nasal congestion over 3 to 10 hours, but we don't know whether they are effective in the longer term (>10 hours).
* Phenylpropanolamine has been associated with an increased risk of haemorrhagic stroke.",358,57,4,0.11139988899230957,0.1311066746711731,0.8889751434326172,0.23071753978729248,2026-05-08T19:40:26.797746+00:00,1.12.0,dpt-2-20260410
Common_cold_clinincal_evidence.pdf,1aacea5d-f2ea-4d49-8ce3-6b51b91b2887,38,text,"Benefits and harms

**Decongestants for short-term relief versus placebo:**

We found one systematic review (search date 2006, 6 RCTs, 642 adults with naturally acquired colds; see further information on studies) [11] and one subsequent RCT. [12] We found one further case-control study that reported on adverse effects. [13]",325,48,4,0.11196210980415344,0.24159950017929077,0.8887337446212769,0.3202056884765625,2026-05-08T19:40:26.797746+00:00,1.12.0,dpt-2-20260410
Common_cold_clinincal_evidence.pdf,4528f351-9ef9-4f00-9cbe-80752559e984,39,text,"Symptom severity
Compared with placebo for short-term relief A single dose of a decongestant (oral norephedrine, topical oxymetazoline,
oral pseudoephedrine, nasal xylometazoline) may be marginally more effective than placebo at reducing congestion
at 3 to 10 hours (low-quality evidence).",289,39,4,0.11177429556846619,0.34208106994628906,0.8888765573501587,0.40006595849990845,2026-05-08T19:40:26.797746+00:00,1.12.0,dpt-2-20260410
Common_cold_clinincal_evidence.pdf,6a40218d-82a9-4a8f-913b-778ade8bdc87,40,table,"<table id=""4-1"">
<tr><td id=""4-2"">Ref (type)</td><td id=""4-3"">Population</td><td id=""4-4"">Outcome, Interventions</td><td id=""4-5"">Results and statistical analysis</td><td id=""4-6"">Effect size</td><td id=""4-7"">Favours</td></tr>
<tr><td id=""4-8"" colspan=""6"">Nasal congestion</td></tr>
<tr><td id=""4-9"">[11] Systematic review</td><td id=""4-a"">642 adults 6 RCTs in this analysis</td><td id=""4-b"">Congestion (measured on a subjective scale from 0–1), 3 to 10 hours with single dose of decongestant (oral norephedrine, topical oxymetazoline, or oral pseu- doephedrine) with placebo Absolute results not reported</td><td id=""4-c"">WMD –0.06 95% CI –0.09 to –0.03</td><td id=""4-d"">(three ellipses symbol)</td><td id=""4-e"">decongestants</td></tr>
<tr><td id=""4-f"">[11] Systematic review</td><td id=""4-g"">606 adults 6 RCTs in this analysis</td><td id=""4-h"">Objective nasal airways resis- tance, 3 to 10 hours with single dose of decongestant (oral norephedrine, topical oxymetazoline, or oral pseu- doephedrine) with placebo Absolute results not reported</td><td id=""4-i"">SMD –0.24 95% CI –0.4 to –0.08</td><td id=""4-j"">(three ellipses symbol)</td><td id=""4-k"">decongestants</td></tr>
<tr><td id=""4-l"">[12] RCT</td><td id=""4-m"">61 adults with common cold</td><td id=""4-n"">Median time to onset of subjec- tive relief of nasal congestion (measured by visual analogue scale [VAS] score 0–100) 1.7 minutes with xylometazoline nasal spray 3 times per day 1.5 minutes with placebo (saline solution) 3 times per day</td><td id=""4-o"">Reported as no significant differ- ence P value not reported</td><td id=""4-p"">(left and right arrow symbol)</td><td id=""4-q"">Not significant</td></tr>
<tr><td id=""4-r"">[12]
RCT</td><td id=""4-s"">61 adults with
common cold</td><td id=""4-t"">Subjective relief of nasal con-
gestion (mean VAS score from
0-100, with 0 = nose complete-
ly clear and 100 = nose com-
pletely blocked), over first 30
minutes after dosing (assessed
every 5 minutes over 30 minute
period)</td><td id=""4-u"">P &lt;0.025 (P value relates to the
whole 30-minute period)

Congestion was also significantly
lower with xylometazoline at all
individual 5-minute time points
over the first 30 minutes</td><td id=""4-v"">three grey circles</td><td id=""4-w"">xylometazoline</td></tr>
</table>",2265,266,4,0.11136072874069214,0.3998172879219055,0.8897077441215515,0.9192041754722595,2026-05-08T19:40:26.797746+00:00,1.12.0,dpt-2-20260410
Common_cold_clinincal_evidence.pdf,e5109869-35a5-4d0e-a5ae-851db9cc1725,41,marginalia,© BMJ Publishing Group Ltd 2011. All rights reserved.,53,9,4,0.11293832957744598,0.9288116693496704,0.36479002237319946,0.9425967931747437,2026-05-08T19:40:26.797746+00:00,1.12.0,dpt-2-20260410
Common_cold_clinincal_evidence.pdf,70d173a1-62ff-4486-84a5-576263334cbb,42,marginalia,5,1,1,4,0.8682007789611816,0.9267493486404419,0.8883376121520996,0.9424771070480347,2026-05-08T19:40:26.797746+00:00,1.12.0,dpt-2-20260410
Common_cold_clinincal_evidence.pdf,e0069c87-d89b-4b58-8b4b-31e9ebeff2c4,43,text,Respiratory disorders (acute),29,3,4,0.8950471878051758,0.032300785183906555,0.9376318454742432,0.3382159471511841,2026-05-08T19:40:26.797746+00:00,1.12.0,dpt-2-20260410
Common_cold_clinincal_evidence.pdf,150791bb-ed74-40a8-9f7c-51d28753b7f4,44,text,Common cold,11,2,5,0.6745283007621765,0.03192548453807831,0.8877431750297546,0.06089611351490021,2026-05-08T19:40:26.797746+00:00,1.12.0,dpt-2-20260410
Common_cold_clinincal_evidence.pdf,f7e35656-b6e4-4a23-84a2-5b9b7b9f7898,45,table,"<table id=""5-1"">
<tr><td id=""5-2"">Ref (type)</td><td id=""5-3"">Population</td><td id=""5-4"">Outcome, Interventions</td><td id=""5-5"">Results and statistical analysis</td><td id=""5-6"">Effect size</td><td id=""5-7"">Favours</td></tr>
<tr><td id=""5-8""></td><td id=""5-9""></td><td id=""5-a"">Range 24.7 mm to 25.7 mm with xylometazoline nasal spray 3 times per day Range 35.8 mm to 36.7 mm with placebo (saline solution) 3 times per day Absolute results reported graphically</td><td id=""5-b""></td><td id=""5-c""></td><td id=""5-d""></td></tr>
<tr><td id=""5-e"">[12] RCT</td><td id=""5-f"">61 adults with common cold</td><td id=""5-g"">Subjective peak relief of nasal congestion (mean VAS score from 0–100, with 0 = nose completely clear and 100 = nose completely blocked) 20.7 mm with xylometazoline nasal spray 3 times per day 31.5 mm with placebo (saline so- lution) 3 times per day</td><td id=""5-h"">P = 0.03</td><td id=""5-i"">○○○</td><td id=""5-j"">xylometazoline</td></tr>
<tr><td id=""5-k"">[12] RCT</td><td id=""5-l"">61 adults with common cold</td><td id=""5-m"">Median time to subjective peak relief of nasal congestion 30 minutes with xylometazoline nasal spray 3 times per day 30 minutes with placebo (saline solution) 3 times per day Absolute results not reported</td><td id=""5-n"">Reported as no significant differ- ence P value not reported</td><td id=""5-o"">↔</td><td id=""5-p"">Not significant</td></tr>
<tr><td id=""5-q"">[12] RCT</td><td id=""5-r"">61 adults with common cold</td><td id=""5-s"">Total cold symptom score (in- dividual symptoms of runny nose, blocked nose, sore throat, cough, sneezing, and ear ache, each assessed on a 4-point scale where 0 = not present, 1 = mild, 2 = moderate, and 3 = severe) , day 1 of treatment 25.71 with xylometazoline nasal spray 3 times per day 35.79 with placebo (saline solu- tion) 3 times per day Absolute results not reported</td><td id=""5-t"">P = 0.022</td><td id=""5-u"">○○○</td><td id=""5-v"">xylometazoline</td></tr>
</table>",1947,246,5,0.11036866903305054,0.06478172540664673,0.8895074725151062,0.6425209045410156,2026-05-08T19:40:26.797746+00:00,1.12.0,dpt-2-20260410
Common_cold_clinincal_evidence.pdf,c1c36861-8810-46d8-ba59-ed4061b9ddd7,46,text,Complications,13,1,5,0.11234183609485626,0.6539759039878845,0.22851501405239105,0.671132504940033,2026-05-08T19:40:26.797746+00:00,1.12.0,dpt-2-20260410
Common_cold_clinincal_evidence.pdf,d05ed17a-c4ba-45b6-8fd9-2fd5b0c86263,47,text,No data from the following reference on this outcome. [11] [12],63,11,5,0.11166027188301086,0.7055632472038269,0.530898928642273,0.7254802584648132,2026-05-08T19:40:26.797746+00:00,1.12.0,dpt-2-20260410
Common_cold_clinincal_evidence.pdf,036feda9-a8fc-47d1-9d89-a6b17f16f902,48,text,## Adverse effects,18,3,5,0.11299064755439758,0.7456148862838745,0.23475733399391174,0.7635830640792847,2026-05-08T19:40:26.797746+00:00,1.12.0,dpt-2-20260410
Common_cold_clinincal_evidence.pdf,d13c0f9f-f28c-4689-8089-71d422ecffd3,49,table,"<table id=""5-w"">
<tr><td id=""5-x"">Ref
(type)</td><td id=""5-y"">Population</td><td id=""5-z"">Outcome, Interventions</td><td id=""5-A"">Results and statistical
analysis</td><td id=""5-B"">Effect
size</td><td id=""5-C"">Favours</td></tr>
<tr><td id=""5-D"" colspan=""6"">Adverse effects</td></tr>
<tr><td id=""5-E"">[11]</td><td id=""5-F"">448 adults</td><td id=""5-G"">Adverse effects</td><td id=""5-H"">OR 1.43</td><td id=""5-I""></td><td id=""5-J""></td></tr>
<tr><td id=""5-K"">Systematic
review</td><td id=""5-L"">2 RCTs in this
analysis</td><td id=""5-M"">25/226 (11%) with single dose of
decongestant (oral norephedrine,
topical oxymetazoline, or oral
pseudoephedrine)</td><td id=""5-N"">95% CI 0.75 to 2.72</td><td id=""5-O"">↔</td><td id=""5-P"">Not significant</td></tr>
</table>",750,60,5,0.11099529266357422,0.7843130826950073,0.8885547518730164,0.9218333959579468,2026-05-08T19:40:26.797746+00:00,1.12.0,dpt-2-20260410
Common_cold_clinincal_evidence.pdf,cbcb76b2-0723-4ea8-ac79-b0124a9cd57a,50,text,© BMJ Publishing Group Ltd 2011. All rights reserved.,53,9,5,0.1130792647600174,0.9290715456008911,0.36490994691848755,0.9425759315490723,2026-05-08T19:40:26.797746+00:00,1.12.0,dpt-2-20260410
Common_cold_clinincal_evidence.pdf,7f8953b4-98dd-4cb4-877f-f3dc7f1a8e68,51,marginalia,6,1,1,5,0.868516206741333,0.9265061616897583,0.8882864713668823,0.9425524473190308,2026-05-08T19:40:26.797746+00:00,1.12.0,dpt-2-20260410
Common_cold_clinincal_evidence.pdf,9035298f-1fb8-4e35-8640-fefeb672dd19,52,text,Respiratory disorders (acute),29,3,5,0.894472062587738,0.03169134259223938,0.9374642968177795,0.33869391679763794,2026-05-08T19:40:26.797746+00:00,1.12.0,dpt-2-20260410
Common_cold_clinincal_evidence.pdf,a3e77aa3-33f4-41e5-b58b-f790463031a2,53,text,Common cold,11,2,6,0.6754873394966125,0.032057590782642365,0.8872228264808655,0.0605955570936203,2026-05-08T19:40:26.797746+00:00,1.12.0,dpt-2-20260410
Common_cold_clinincal_evidence.pdf,367666b9-07e2-4604-8c0b-9eba3823ed14,54,table,"<table id=""6-1"">
<tr><td id=""6-2"">Ref
(type)</td><td id=""6-3"">Population</td><td id=""6-4"">Outcome, Interventions</td><td id=""6-5"">Results and statistical
analysis</td><td id=""6-6"">Effect
size</td><td id=""6-7"">Favours</td></tr>
<tr><td id=""6-8""></td><td id=""6-9""></td><td id=""6-a"">18/222 (8%) with placebo
Adverse effects included insom-
nia, headache, and hypertension</td><td id=""6-b""></td><td id=""6-c""></td><td id=""6-d""></td></tr>
<tr><td id=""6-e"">[12]
RCT</td><td id=""6-f"">61 adults with
common cold</td><td id=""6-g"">Adverse effects
7/29 (24%) with xylometazoline
nasal spray
9/32 (28%) with placebo (nasal
spray)
7 patients reported a total of 8
adverse effects in the xylometa-
zoline group. 9 patients reported
a total of 11 adverse effects in
the placebo group
The most frequently occurring
adverse effects were headache
and dysmenorrhoea
No patients reported any symp-
toms suggestive of rhinitis
medicamentosa</td><td id=""6-h"">Significance not assessed</td><td id=""6-i""></td><td id=""6-j""></td></tr>
<tr><td id=""6-k"" colspan=""6"">Haemorrhagic stroke risk</td></tr>
<tr><td id=""6-l"">[13]
Case con-
trol</td><td id=""6-m"">2078 people
702 people with a
history of haemor-
rhagic stroke ver-
sus 1376 people
with no history of
stroke</td><td id=""6-n"">Risk of haemorrhagic stroke
with use of cold preparations
containing phenylpropanolamine
with no use of cold preparations
containing phenylpropanolamine</td><td id=""6-o"">RR 1.50
95% CI 0.85 to 2.65 (phenyl-
propanolamine v no phenyl-
propanolamine)
The study was too small to draw
definitive conclusions. Formula-
tions containing phenyl-
propanolamine have mostly been
reformulated or withdrawn by
manufacturers in the UK</td><td id=""6-p"">(two sided arrow)</td><td id=""6-q"">Not significant</td></tr>
</table>",1762,200,6,0.11052513122558594,0.06507377326488495,0.8886418342590332,0.5306171774864197,2026-05-08T19:40:26.797746+00:00,1.12.0,dpt-2-20260410
Common_cold_clinincal_evidence.pdf,61bdc643-c857-4c8b-9cc7-af2f47326b5a,55,text,"## Further information on studies

[11] The review found no RCTs in children. This Cochrane review has been withdrawn as it is awaiting update. We will report the updated review in a future issue of this *Clinical Evidence* review.",231,39,6,0.10946109890937805,0.5840531587600708,0.890531063079834,0.6460798978805542,2026-05-08T19:40:26.797746+00:00,1.12.0,dpt-2-20260410
Common_cold_clinincal_evidence.pdf,447d520a-63bc-4fc2-a6bd-c3bfde2399ee,56,text,"Comment:
We found one further systematic review (search date 2007, 7 crossover RCTs, 113 people), which found that a single dose of phenylephrine significantly reduced nasal airway resistance compared with placebo at 30 to 90 minutes. [14] However, the review did not report clinical outcomes but reported nasal airways resistance as measured by a modified Butler-Ivy airflow device, so we have not reported it further.",419,65,6,0.11145982146263123,0.6790761947631836,0.8887693881988525,0.7514309883117676,2026-05-08T19:40:26.797746+00:00,1.12.0,dpt-2-20260410
Common_cold_clinincal_evidence.pdf,a62212d2-c249-41ec-bb15-a920450e6366,57,text,"OPTION DECONGESTANTS FOR LONG-TERM RELIEF

* For GRADE evaluation of interventions for Common cold, see table, p 26.
* We don't know whether nasal decongestants are effective in the longer term (>10 hours).",206,33,6,0.11123386025428772,0.7570291757583618,0.8870644569396973,0.8258382081985474,2026-05-08T19:40:26.797746+00:00,1.12.0,dpt-2-20260410
Common_cold_clinincal_evidence.pdf,0ed19c2c-91f6-4d52-a827-4ecdbc940d8b,58,text,"Benefits and harms

**Decongestants for long-term relief versus placebo:**
We found one systematic review (search date 2006, 7 RCTs, 734 adults with naturally acquired colds; see further information on studies) [11] and one subsequent RCT. [15]",244,36,6,0.11173799633979797,0.8355987668037415,0.8864314556121826,0.9027695059776306,2026-05-08T19:40:26.797746+00:00,1.12.0,dpt-2-20260410
Common_cold_clinincal_evidence.pdf,a03b82de-fee4-4bf2-8b05-c7fd79219e70,59,marginalia,© BMJ Publishing Group Ltd 2011. All rights reserved.,53,9,6,0.11255235970020294,0.9285499453544617,0.36474019289016724,0.9429505467414856,2026-05-08T19:40:26.797746+00:00,1.12.0,dpt-2-20260410
Common_cold_clinincal_evidence.pdf,0f35c7cd-4d29-453f-92a1-8cf5101086a6,60,marginalia,7,1,1,6,0.8668859601020813,0.9252382516860962,0.8892046809196472,0.9426243305206299,2026-05-08T19:40:26.797746+00:00,1.12.0,dpt-2-20260410
Common_cold_clinincal_evidence.pdf,101a3b29-b88f-4dd5-877f-c5ae88611a1a,61,text,Respiratory disorders (acute),29,3,6,0.8941425085067749,0.031528353691101074,0.9377427101135254,0.33907219767570496,2026-05-08T19:40:26.797746+00:00,1.12.0,dpt-2-20260410
Common_cold_clinincal_evidence.pdf,ba869aa5-9cb3-4997-9c5c-324d5f83e614,62,text,Common cold,11,2,7,0.676277756690979,0.032098188996315,0.8868072032928467,0.061011090874671936,2026-05-08T19:40:26.797746+00:00,1.12.0,dpt-2-20260410
Common_cold_clinincal_evidence.pdf,734323cf-b73c-418d-8009-860341cd362a,63,text,"Symptom severity

Compared with placebo for long-term relief We don't know whether decongestants are more effective at improving nasal congestion at up to 5 days (low-quality evidence).",185,27,7,0.1119644045829773,0.06745097786188126,0.8877133727073669,0.11373089998960495,2026-05-08T19:40:26.797746+00:00,1.12.0,dpt-2-20260410
Common_cold_clinincal_evidence.pdf,59b3f226-dde2-428a-ab15-164da7121df9,64,table,"<table id=""7-1"">
<tr><td id=""7-2"">Ref (type)</td><td id=""7-3"">Population</td><td id=""7-4"">Outcome, Interventions</td><td id=""7-5"">Results and statistical analysis</td><td id=""7-6"">Effect size</td><td id=""7-7"">Favours</td></tr>
<tr><td id=""7-8"" colspan=""6"">Nasal congestion</td></tr>
<tr><td id=""7-9"">[11] Systematic review</td><td id=""7-a"">443 people with naturally acquired colds 2 RCTs in this analysis</td><td id=""7-b"">Nasal congestion , after last treatment dose with nasal decongestants (multi- ple doses) with placebo Absolute results not reported</td><td id=""7-c"">WMD -0.03 95% CI -0.07 to 0 The review reported that the dif- ference was of borderline signifi- cance The RCTs identified by the review did not specify method of randomi- sation</td><td id=""7-d"">three circles (visual only)</td><td id=""7-e"">nasal deconges-
tants</td></tr>
<tr><td id=""7-f"">[11] Systematic review</td><td id=""7-g"">432 people with naturally acquired colds 2 RCTs in this analysis</td><td id=""7-h"">Objective nasal airways resis- tance , 3 to 5 days with nasal decongestants (multi- ple doses) with placebo Absolute results not reported</td><td id=""7-i"">WMD -0.04 95% CI -0.06 to -0.01 The RCTs identified by the review did not specify method of randomi- sation</td><td id=""7-j"">three circles (visual only)</td><td id=""7-k"">nasal deconges-
tants</td></tr>
<tr><td id=""7-l"">[15] RCT</td><td id=""7-m"">216 people aged 18 to 65 years with common cold</td><td id=""7-n"">Subjective measure of nasal congestion using a 7-point categorical scale (measuring symptoms of nasal congestion, nasal runniness, sneezing) , day 1 with oral pseudoephedrine 4 times per day with placebo Absolute results not reported</td><td id=""7-o"">Reported as no significant differ- ence between groups P value not reported See further information on studies</td><td id=""7-p"">horizontal double-headed arrow (visual only)</td><td id=""7-q"">Not significant</td></tr>
<tr><td id=""7-r"">[15]
RCT</td><td id=""7-s"">216 people aged
18 to 65 years with
common cold</td><td id=""7-t"">Subjective measure of nasal
congestion using a 7-point
categorical scale (measuring
symptoms of nasal congestion,
nasal runniness, sneezing),
day 3
with oral pseudoephedrine 4
times per day
with placebo
Absolute results not reported</td><td id=""7-u"">Reported as no significant differ-
ence between groups
P value not reported
See further information on studies</td><td id=""7-v""></td><td id=""7-w"">Not significant</td></tr>
</table>",2453,294,7,0.1115274727344513,0.11446413397789001,0.8884438276290894,0.668433666229248,2026-05-08T19:40:26.797746+00:00,1.12.0,dpt-2-20260410
Common_cold_clinincal_evidence.pdf,ea3db5d3-b655-44c5-9379-d5dc7b437ebf,65,text,"Complications

---",18,2,7,0.11298435926437378,0.6772094368934631,0.7727876305580139,0.7001423239707947,2026-05-08T19:40:26.797746+00:00,1.12.0,dpt-2-20260410
Common_cold_clinincal_evidence.pdf,191c3b3a-65fa-4a07-aa85-989802d61083,66,text,No data from the following reference on this outcome. [11] [15],63,11,7,0.11189848184585571,0.7301921844482422,0.5320425033569336,0.7513853311538696,2026-05-08T19:40:26.797746+00:00,1.12.0,dpt-2-20260410
Common_cold_clinincal_evidence.pdf,03160afa-ec47-401b-98a3-8f5a61352abe,67,text,**Adverse effects**,19,2,7,0.11178015172481537,0.7705963850021362,0.23685820400714874,0.7897285223007202,2026-05-08T19:40:26.797746+00:00,1.12.0,dpt-2-20260410
Common_cold_clinincal_evidence.pdf,1554d9a3-ada1-4e9a-a23c-8cc2720920cc,68,table,"<table id=""7-x"">
<tr><td id=""7-y"">Ref (type)</td><td id=""7-z"">Population</td><td id=""7-A"">Outcome, Interventions</td><td id=""7-B"">Results and statistical analysis</td><td id=""7-C"">Effect size</td><td id=""7-D"">Favours</td></tr>
<tr><td id=""7-E"" colspan=""6"">Adverse effects</td></tr>
<tr><td id=""7-F"">[15]
RCT</td><td id=""7-G"">216 people aged
18 to 65 years with
common cold</td><td id=""7-H"">Adverse effects
with oral pseudoephedrine 4
times per day</td><td id=""7-I"">Except for a higher incidence of
insomnia with pseudoephedrine
(10.2%), the RCT reported that
adverse effects with pseu-</td><td id=""7-J""></td><td id=""7-K""></td></tr>
</table>",640,62,7,0.11089178919792175,0.8100777864456177,0.888465404510498,0.9283847808837891,2026-05-08T19:40:26.797746+00:00,1.12.0,dpt-2-20260410
Common_cold_clinincal_evidence.pdf,70f2139a-8366-479e-8f29-50f1e6478941,69,marginalia,© BMJ Publishing Group Ltd 2011. All rights reserved.,53,9,7,0.11330148577690125,0.9288554191589355,0.36502745747566223,0.9424166679382324,2026-05-08T19:40:26.797746+00:00,1.12.0,dpt-2-20260410
Common_cold_clinincal_evidence.pdf,c31d8f2b-a302-4edb-be93-d79b1d1f3bc2,70,marginalia,8,1,1,7,0.8689344525337219,0.9265403747558594,0.8874050974845886,0.94182288646698,2026-05-08T19:40:26.797746+00:00,1.12.0,dpt-2-20260410
Common_cold_clinincal_evidence.pdf,5061e924-93d8-4504-9b9b-5cf21d364d71,71,text,Respiratory disorders (acute),29,3,7,0.8946290016174316,0.03164614737033844,0.9374984502792358,0.338665246963501,2026-05-08T19:40:26.797746+00:00,1.12.0,dpt-2-20260410
Common_cold_clinincal_evidence.pdf,9a51a710-d4ac-4ecf-a6c0-9a873cabec1f,72,text,Common cold,11,2,8,0.676060676574707,0.03213677927851677,0.8872083425521851,0.060465630143880844,2026-05-08T19:40:26.797746+00:00,1.12.0,dpt-2-20260410
Common_cold_clinincal_evidence.pdf,79b7a6e8-a7b4-4192-b967-42ddca226476,73,table,"<table id=""8-1"">
<tr><td id=""8-2"">Ref (type)</td><td id=""8-3"">Population</td><td id=""8-4"">Outcome, Interventions</td><td id=""8-5"">Results and statistical analysis</td><td id=""8-6"">Effect size</td><td id=""8-7"">Favours</td></tr>
<tr><td id=""8-8""></td><td id=""8-9""></td><td id=""8-a"">with placebo</td><td id=""8-b"">doephedrine were similar to those with placebo (further numerical details and statistical analysis not reported)</td><td id=""8-c""></td><td id=""8-d""></td></tr>
</table>",477,38,8,0.11199218034744263,0.06644153594970703,0.8882299065589905,0.1666274517774582,2026-05-08T19:40:26.797746+00:00,1.12.0,dpt-2-20260410
Common_cold_clinincal_evidence.pdf,d84bb261-a769-4248-a90e-b2a66c6411f0,74,text,No data from the following reference on this outcome. [11],58,10,8,0.11222690343856812,0.17696496844291687,0.5029611587524414,0.196761816740036,2026-05-08T19:40:26.797746+00:00,1.12.0,dpt-2-20260410
Common_cold_clinincal_evidence.pdf,42c1375a-b6ab-426c-9956-8ddc5bce11d1,75,text,"Further information on studies

[11] This Cochrane review has been withdrawn as it is awaiting update. We will report the updated review in a future issue of this *Clinical Evidence* review.

[15] The RCT also reported subjective symptom scores measured by visual analogue scale (VAS; 100-mm scale where 0 = nose completely clear and 100 = nose completely blocked). The RCT reported that ""a pooled analysis of days 1 and 3 data showed a VAS score decrease of 7.0% (P = 0.072) for the 0.5- to 3-hour interval and 8.0% (P = 0.43) for the 0.5- to 4-hour interval on pseudoephedrine. Pseudoephedrine was associated with a 1.4 times (mean change from baseline pseudoephedrine, -0.43; placebo, -0.18; P = 0.059) greater reduction in mean nasal congestion using daily diary categorical scale scores when compared with placebo"".",820,135,8,0.10851547122001648,0.2588537931442261,0.8899571895599365,0.4043731689453125,2026-05-08T19:40:26.797746+00:00,1.12.0,dpt-2-20260410
Common_cold_clinincal_evidence.pdf,54572e83-ca38-48c1-80d5-87371bee845b,76,text,"Comment:
See harms on decongestants for short-term relief, p 5 .
See comment on decongestants for short-term relief, p 5 .",122,21,8,0.1125166118144989,0.4377637505531311,0.6278700828552246,0.4836299419403076,2026-05-08T19:40:26.797746+00:00,1.12.0,dpt-2-20260410
Common_cold_clinincal_evidence.pdf,8d592d81-0a12-49a4-8446-87ce70b6b1ba,77,text,"**OPTION** DECONGESTANTS PLUS ANTIHISTAMINES

* For GRADE evaluation of interventions for Common cold, see table, p 26.
* We don't know whether decongestants plus antihistamines reduce cold symptoms or cold duration as we found insufficient RCT evidence.",254,37,8,0.11173355579376221,0.48861655592918396,0.8895465135574341,0.5678878426551819,2026-05-08T19:40:26.797746+00:00,1.12.0,dpt-2-20260410
Common_cold_clinincal_evidence.pdf,2a1d8604-7e22-47df-8c96-e7c06c7583cd,78,text,"## Benefits and harms

**Decongestants plus antihistamines versus placebo:**

We found one systematic review (search date 2003; see further information on studies), which included RCTs that compared antihistamines in combination with decongestants with or without other agents versus placebo. [8] We have only reported on RCTs that compared the effects of decongestants plus antihistamines alone versus placebo and reported on our outcomes of interest. The review did not separately pool data on decongestants plus antihistamines alone so we have reported included RCTs separately. The review included three RCTs of sufficient quality.",635,91,8,0.1110801100730896,0.5799654722213745,0.8894867300987244,0.6864451169967651,2026-05-08T19:40:26.797746+00:00,1.12.0,dpt-2-20260410
Common_cold_clinincal_evidence.pdf,1be91c1a-cced-43a4-815c-d442ac588cd7,79,text,"**Symptom severity**
*Compared with placebo* Decongestants plus antihistamines may be more effective at improving some overall
symptoms scores at up to 5 days. However, results were inconsistent between studies, and the clinical importance
of some improvements is unclear (low-quality evidence).",295,40,8,0.1110495924949646,0.7056220173835754,0.8880428671836853,0.7636147141456604,2026-05-08T19:40:26.797746+00:00,1.12.0,dpt-2-20260410
Common_cold_clinincal_evidence.pdf,d5060f75-2fa5-4828-8379-b27dff1c0cc5,80,table,"<table id=""8-e"">
<tr><td id=""8-f"">Ref
(type)</td><td id=""8-g"">Population</td><td id=""8-h"">Outcome, Interventions</td><td id=""8-i"">Results and statistical
analysis</td><td id=""8-j"">Effect
size</td><td id=""8-k"">Favours</td></tr>
<tr><td id=""8-l"" colspan=""6"">Symptom severity</td></tr>
<tr><td id=""8-m"">[8]
Systematic
review</td><td id=""8-n"">283 adults with
common cold
Data from 1 RCT</td><td id=""8-o"">Overall response evaluated by
a physician on a 4-point scale
, day 3

with loratadine plus pseu-
doephedrine

with placebo</td><td id=""8-p"">P = 0.01
Results based on outcomes from
92% (261/283) of people</td><td id=""8-q"">three circles symbol</td><td id=""8-r"">decongestant plus antihistamine</td></tr>
</table>",709,71,8,0.11097604036331177,0.7642580270767212,0.8897014260292053,0.9178671836853027,2026-05-08T19:40:26.797746+00:00,1.12.0,dpt-2-20260410
Common_cold_clinincal_evidence.pdf,7ce53baa-f119-4ae4-adee-0399b38a9891,81,marginalia,© BMJ Publishing Group Ltd 2011. All rights reserved.,53,9,8,0.11279499530792236,0.9287322759628296,0.36495816707611084,0.9427968263626099,2026-05-08T19:40:26.797746+00:00,1.12.0,dpt-2-20260410
Common_cold_clinincal_evidence.pdf,98937b69-57db-49d8-a0b7-f3c4037c0c27,82,marginalia,9,1,1,8,0.868281900882721,0.9270533919334412,0.8881250023841858,0.9423384070396423,2026-05-08T19:40:26.797746+00:00,1.12.0,dpt-2-20260410
Common_cold_clinincal_evidence.pdf,b946f353-1cec-45b1-a786-aaf43bad7794,83,text,Respiratory disorders (acute),29,3,8,0.8948183059692383,0.03183019161224365,0.9380201101303101,0.33888787031173706,2026-05-08T19:40:26.797746+00:00,1.12.0,dpt-2-20260410
Common_cold_clinincal_evidence.pdf,30f5fc36-849b-4229-9ff2-ee45238134b4,84,text,Common cold,11,2,9,0.6749216318130493,0.031998660415410995,0.8875967264175415,0.060918960720300674,2026-05-08T19:40:26.797746+00:00,1.12.0,dpt-2-20260410
Common_cold_clinincal_evidence.pdf,4497c2a3-6b1e-4567-962a-916a1e2d0a6e,85,table,"<table id=""9-1"">
<tr><td id=""9-2"">Ref
(type)</td><td id=""9-3"">Population</td><td id=""9-4"">Outcome, Interventions</td><td id=""9-5"">Results and statistical
analysis</td><td id=""9-6"">Effect
size</td><td id=""9-7"">Favours</td></tr>
<tr><td id=""9-8""></td><td id=""9-9""></td><td id=""9-a"">Absolute results not reported</td><td id=""9-b""></td><td id=""9-c""></td><td id=""9-d""></td></tr>
<tr><td id=""9-e"">[8]
Systematic
review</td><td id=""9-f"">283 adults with
common cold
Data from 1 RCT</td><td id=""9-g"">Overall response evaluated by
a physician on a 4-point scale
, day 5
with loratadine plus pseu-
doephedrine
with placebo
Absolute results not reported</td><td id=""9-h"">P = 0.02
Results based on outcomes from
92% (261/283) of people</td><td id=""9-i"">(three gray circles)</td><td id=""9-j"">decongestant plus antihistamine</td></tr>
<tr><td id=""9-k"">[8]
Systematic
review</td><td id=""9-l"">283 adults with
common cold
Data from 1 RCT</td><td id=""9-m"">Mean subjective severity
scores of nasal obstruction
(measured on a 4-point scale)
, days 1 to 5
with loratadine plus pseu-
doephedrine
with placebo</td><td id=""9-n"">P &lt;0.05
The review reported that the dif-
ference in mean severity score
between groups for any individual
day was 0.3 severity points at
most (day 1: 1.8 with loratadine
plus pseudoephedrine v2.1 with
placebo; day 2: 1.7 with lorata-
dine plus pseudoephedrine v 1.9
with placebo; day 3: 1.4 with lo-
ratadine plus pseudoephedrine v
1.7 with placebo; day 4: 1.3 with
loratadine plus pseudoephedrine
v 1.6 with placebo; day 5: 1.2 with
loratadine plus pseudoephedrine
v 1.5 with placebo)</td><td id=""9-o"">(three gray circles)</td><td id=""9-p"">decongestant plus antihistamine</td></tr>
<tr><td id=""9-q"">[8]
Systematic
review</td><td id=""9-r"">92 adults with
common cold
Data from 1 RCT</td><td id=""9-s"">Mean severity score of nasal
obstruction measured on a 4-
point scale (absent, mild,
moderate, severe)
with dexchlorpheniramine plus
pseudoephedrine
with placebo
Absolute results reported graphi-
cally</td><td id=""9-t"">Reported as no significant differ-
ence
P value not reported</td><td id=""9-u"">(left and right arrows)</td><td id=""9-v"">Not significant</td></tr>
<tr><td id=""9-w"">[8] Systematic review</td><td id=""9-x"">86 adults with common cold Data from 1 RCT</td><td id=""9-y"">Mean daily subjective severity scores scored on a 5-point scale , day 2 to 5 with dexbrompheniramine maleate plus pseudoephedrine with placebo Absolute results reported graphi- cally</td><td id=""9-z"">P &lt;0.05 for each individual day, days 2 to 5</td><td id=""9-A"">○○○</td><td id=""9-B"">decongestant plus antihistamine</td></tr>
</table>",2622,315,9,0.1094575822353363,0.0641583502292633,0.8902274370193481,0.6788756847381592,2026-05-08T19:40:26.797746+00:00,1.12.0,dpt-2-20260410
Common_cold_clinincal_evidence.pdf,e89729d6-5946-49dc-acf2-eb95439e611c,86,text,__Complications__,17,1,9,0.1133934035897255,0.6891993880271912,0.2271513044834137,0.706306517124176,2026-05-08T19:40:26.797746+00:00,1.12.0,dpt-2-20260410
Common_cold_clinincal_evidence.pdf,ea07338e-6c0f-475a-9cfc-4a62ad2db2ea,87,text,No data from the following reference on this outcome. [8],57,10,9,0.11223556101322174,0.7406744956970215,0.4967133402824402,0.761144757270813,2026-05-08T19:40:26.797746+00:00,1.12.0,dpt-2-20260410
Common_cold_clinincal_evidence.pdf,9feba812-661f-401c-b8c2-ca848821da81,88,text,Adverse effects,15,2,9,0.11375629901885986,0.7819478511810303,0.23513498902320862,0.7999098300933838,2026-05-08T19:40:26.797746+00:00,1.12.0,dpt-2-20260410
Common_cold_clinincal_evidence.pdf,7993ffec-6e8f-4901-af22-fc627f7b25ab,89,marginalia,© BMJ Publishing Group Ltd 2011. All rights reserved.,53,9,9,0.11234350502490997,0.9286076426506042,0.36466407775878906,0.9428680539131165,2026-05-08T19:40:26.797746+00:00,1.12.0,dpt-2-20260410
Common_cold_clinincal_evidence.pdf,870cf9dd-6308-4653-bdfe-4ce8a14aacea,90,marginalia,10,2,1,9,0.8619240522384644,0.9258191585540771,0.8873927593231201,0.9422889947891235,2026-05-08T19:40:26.797746+00:00,1.12.0,dpt-2-20260410
Common_cold_clinincal_evidence.pdf,9816d1cc-0ec2-4b61-8e22-e9758d98cb68,91,text,Respiratory disorders (acute),29,3,9,0.8948054909706116,0.03161339461803436,0.9374446272850037,0.33894866704940796,2026-05-08T19:40:26.797746+00:00,1.12.0,dpt-2-20260410
Common_cold_clinincal_evidence.pdf,3885912b-90d0-45e0-8744-ebe50437fc42,92,text,Common cold,11,2,10,0.6754854917526245,0.03238761052489281,0.8876256942749023,0.060469891875982285,2026-05-08T19:40:26.797746+00:00,1.12.0,dpt-2-20260410
Common_cold_clinincal_evidence.pdf,cd95bc08-1388-49fc-b4ed-06a3cfc28f54,93,table,"<table id=""10-1"">
<tr><td id=""10-2"">Ref (type)</td><td id=""10-3"">Population</td><td id=""10-4"">Outcome, Interventions</td><td id=""10-5"">Results and statistical analysis</td><td id=""10-6"">Effect size</td><td id=""10-7"">Favours</td></tr>
<tr><td id=""10-8"" colspan=""6"">Adverse effects</td></tr>
<tr><td id=""10-9"" rowspan=""2"">[8]

Systematic
review</td><td id=""10-a"" rowspan=""2"">426 people with common cold

3 RCTs in this analysis</td><td id=""10-b"">Dry mouth</td><td id=""10-c"">OR 4.02</td><td id=""10-d"" rowspan=""2"">Two filled circles, one empty circle.</td><td id=""10-e"" rowspan=""2"">placebo</td></tr>
<tr><td id=""10-f"">49/215 (23%) with decongestants plus antihistamines 24/211 (11%) with placebo</td><td id=""10-g"">95% CI 1.89 to 8.51</td></tr>
</table>",748,65,10,0.1122540533542633,0.06599772721529007,0.8883459568023682,0.1997966766357422,2026-05-08T19:40:26.797746+00:00,1.12.0,dpt-2-20260410
Common_cold_clinincal_evidence.pdf,cb3137ec-d131-4d53-84b4-9ba0514b49b4,94,text,"## Further information on studies

[8] This Cochrane review has been withdrawn as it is awaiting update. We will report the updated review in a future issue of this _Clinical Evidence_ review.

[8] In reviewing the evidence on decongestants plus antihistamines (including RCTs that had also included other additional treatments as part of the combination therapy), the review noted that in most trial reports there was insufficient data to judge the effect size and thus the clinical importance. The review concluded that decongestants plus antihistamines might lead to some general improvement and relief from a blocked or runny nose, although there is not enough evidence to be certain.",688,108,10,0.10902461409568787,0.2537653148174286,0.8901313543319702,0.3858294188976288,2026-05-08T19:40:26.797746+00:00,1.12.0,dpt-2-20260410
Common_cold_clinincal_evidence.pdf,5af4f2ac-62ad-468f-a5f3-f0219c1a3a5e,95,text,Comment: None.,14,2,10,0.11250217258930206,0.41957464814186096,0.2800271511077881,0.4392389953136444,2026-05-08T19:40:26.797746+00:00,1.12.0,dpt-2-20260410
Common_cold_clinincal_evidence.pdf,58535a4c-4d3f-4992-b268-7d989525ce5c,96,text,"OPTION ANALGESICS OR ANTI-INFLAMMATORY DRUGS

* For GRADE evaluation of interventions for Common cold, see table, p 26.
* We don't know whether analgesics or anti-inflammatory drugs reduce the duration of symptoms of colds.",223,34,10,0.11177748441696167,0.44453001022338867,0.8869207501411438,0.5141647458076477,2026-05-08T19:40:26.797746+00:00,1.12.0,dpt-2-20260410
Common_cold_clinincal_evidence.pdf,152bdd88-da1e-4ba4-acf0-dd9099ec4059,97,text,"# Benefits and harms
## Analgesics or anti-inflammatory drugs versus placebo:
We found one systematic review (search date 2009) on non-steroidal anti-inflammatory drugs (NSAIDs). [16] The review included 6 RCTs comparing NSAIDs versus placebo and pooled data. However, three RCTs were in people with experimentally induced colds. We have not reported these RCTs further. Of the remaining three RCTs, one did not report on efficacy outcomes. We have therefore reported the two remaining RCTs separately below.",508,76,10,0.11103224754333496,0.5238527655601501,0.8896100521087646,0.6176316142082214,2026-05-08T19:40:26.797746+00:00,1.12.0,dpt-2-20260410
Common_cold_clinincal_evidence.pdf,6e358173-8f59-4df0-bb96-888f19eefe9b,98,text,"**Symptom severity**
---
*Analgesics or anti-inflammatory drugs compared with placebo* We don't know whether ibuprofen or loxoprofen are more effective than placebo at improving symptom scores or at reducing the duration of cold (low-quality evidence).",252,35,10,0.11094525456428528,0.6364920735359192,0.8886395692825317,0.6828606724739075,2026-05-08T19:40:26.797746+00:00,1.12.0,dpt-2-20260410
Common_cold_clinincal_evidence.pdf,a8be690b-6ff9-48c5-9035-9a924cbee61b,99,table,"<table id=""10-h"">
<tr><td id=""10-i"">Ref
(type)</td><td id=""10-j"">Population</td><td id=""10-k"">Outcome, Interventions</td><td id=""10-l"">Results and statistical
analysis</td><td id=""10-m"">Effect
size</td><td id=""10-n"">Favours</td></tr>
<tr><td id=""10-o"" colspan=""6"">Overall symptoms</td></tr>
<tr><td id=""10-p"">[16]
Systematic
review</td><td id=""10-q"">174 adults aged 18
to 65 years
Data from 1 RCT</td><td id=""10-r"">Sum of overall symptom score
(mean)
76.4 with loxoprofen
75.1 with placebo</td><td id=""10-s"">SMD +0.03
95% CI -0.27 to +0.32</td><td id=""10-t"">(two way arrow symbol)</td><td id=""10-u"">Not significant</td></tr>
<tr><td id=""10-v"">[16]
Systematic
review</td><td id=""10-w"">174 adults aged 18
to 65 years
Data from 1 RCT</td><td id=""10-x"">Mean duration of cold
8.9 days with loxoprofen
8.4 days with placebo</td><td id=""10-y"">Mean difference +0.55 days
95% CI -0.43 days to +1.53 days</td><td id=""10-z"">(two way arrow symbol)</td><td id=""10-A"">Not significant</td></tr>
<tr><td id=""10-B"">[16]
Systematic
review</td><td id=""10-C"">174 adults aged 18
to 65 years
Data from 1 RCT</td><td id=""10-D"">Mean restriction of daily activi-
ties
2.1 days with loxoprofen</td><td id=""10-E"">Mean difference -0.56 days
95% CI -1.24 days to +0.12 days</td><td id=""10-F"">(two way arrow symbol)</td><td id=""10-G"">Not significant</td></tr>
</table>",1338,146,10,0.11067864298820496,0.6828386783599854,0.8899029493331909,0.9221144914627075,2026-05-08T19:40:26.797746+00:00,1.12.0,dpt-2-20260410
Common_cold_clinincal_evidence.pdf,f34b4b95-0dc4-4483-bee1-8eb70df87baa,100,marginalia,© BMJ Publishing Group Ltd 2011. All rights reserved.,53,9,10,0.11291396617889404,0.9287771582603455,0.3652021884918213,0.94291752576828,2026-05-08T19:40:26.797746+00:00,1.12.0,dpt-2-20260410
Common_cold_clinincal_evidence.pdf,d1025794-bd3c-49fa-b8a0-5d58687eceab,101,marginalia,11,2,1,10,0.8602519631385803,0.9257296919822693,0.8873726725578308,0.9426034092903137,2026-05-08T19:40:26.797746+00:00,1.12.0,dpt-2-20260410
Common_cold_clinincal_evidence.pdf,e5cb9824-48ed-4740-b85c-248d0b0bd6a2,102,text,Respiratory disorders (acute),29,3,10,0.8944454193115234,0.031227722764015198,0.938597559928894,0.3397771716117859,2026-05-08T19:40:26.797746+00:00,1.12.0,dpt-2-20260410
Common_cold_clinincal_evidence.pdf,4b8087aa-8269-4b3e-ace8-823cd33cd6fd,103,text,Common cold,11,2,11,0.6758256554603577,0.031822025775909424,0.8874345421791077,0.06083367019891739,2026-05-08T19:40:26.797746+00:00,1.12.0,dpt-2-20260410
Common_cold_clinincal_evidence.pdf,8b2fd38a-2b6c-4719-bf5f-439946a7cffb,104,table,"<table id=""11-1"">
<tr><td id=""11-2"">Ref
(type)</td><td id=""11-3"">Population</td><td id=""11-4"">Outcome, Interventions</td><td id=""11-5"">Results and statistical
analysis</td><td id=""11-6"">Effect
size</td><td id=""11-7"">Favours</td></tr>
<tr><td id=""11-8""></td><td id=""11-9""></td><td id=""11-a"">2.7 days with placebo</td><td id=""11-b""></td><td id=""11-c""></td><td id=""11-d""></td></tr>
<tr><td id=""11-e"" colspan=""6"">Individual symptoms</td></tr>
<tr><td id=""11-f"">[16]
Systematic
review</td><td id=""11-g"">80 adults, mean
age 30 years
Data from 1 RCT</td><td id=""11-h"">Throat irritation score (mean)
3.29 with ibuprofen
2.98 with placebo</td><td id=""11-i"">SMD +0.13
95% CI –0.31 to +0.57
The review reported that alloca-
tion sequence and sequence
generation were unclear</td><td id=""11-j"">↔</td><td id=""11-k"">Not significant</td></tr>
<tr><td id=""11-l"">[16]
Systematic
review</td><td id=""11-m"">80 adults, mean
age 30 years
Data from 1 RCT</td><td id=""11-n"">Headache score (mean)
1.42 with ibuprofen
2.36 with placebo</td><td id=""11-o"">SMD –0.42
95% CI –0.87 to +0.02
The review reported that alloca-
tion sequence and sequence
generation were unclear</td><td id=""11-p"">↔</td><td id=""11-q"">Not significant</td></tr>
<tr><td id=""11-r"">[16]
Systematic
review</td><td id=""11-s"">80 adults, mean
age 30 years
Data from 1 RCT</td><td id=""11-t"">Score of pain in muscle/joints
(mean)
0.38 with ibuprofen
0.74 with placebo</td><td id=""11-u"">SMD -0.27
95% CI -0.71 to +0.17
The review reported that alloca-
tion sequence and sequence
generation were unclear</td><td id=""11-v"">↔</td><td id=""11-w"">Not significant</td></tr>
<tr><td id=""11-x"">[16]
Systematic
review</td><td id=""11-y"">80 adults, mean
age 30 years
Data from 1 RCT</td><td id=""11-z"">Cough score (mean)
4.66 with ibuprofen
3.83 with placebo</td><td id=""11-A"">SMD +0.26
95% CI -0.81 to +0.70
The review reported that alloca-
tion sequence and sequence
generation were unclear</td><td id=""11-B"">↔</td><td id=""11-C"">Not significant</td></tr>
<tr><td id=""11-D"">[16]
Systematic
review</td><td id=""11-E"">80 adults, mean
age 30 years
Data from 1 RCT</td><td id=""11-F"">Sneezing score (mean)
2.21 with ibuprofen
3.33 with placebo</td><td id=""11-G"">SMD -0.56
95% CI -1.01 to -0.11
The review reported that alloca-
tion sequence and sequence
generation were unclear</td><td id=""11-H"">○○○</td><td id=""11-I"">ibuprofen</td></tr>
<tr><td id=""11-J"">[16]
Systematic
review</td><td id=""11-K"">80 adults, mean
age 30 years
Data from 1 RCT</td><td id=""11-L"">Nasal obstruction score (mean)
5.71 with ibuprofen
5.6 with placebo</td><td id=""11-M"">SMD +0.05
95% CI -0.39 to +0.49
The review reported that alloca-
tion sequence and sequence
generation were unclear</td><td id=""11-N"">↔</td><td id=""11-O"">Not significant</td></tr>
</table>",2753,304,11,0.11023780703544617,0.06493443250656128,0.8897548913955688,0.6328405141830444,2026-05-08T19:40:26.797746+00:00,1.12.0,dpt-2-20260410
Common_cold_clinincal_evidence.pdf,926d12d1-1cc5-4aa6-ae3a-2cb73e0a3cb9,105,text,Complications,13,1,11,0.11239281296730042,0.6438040733337402,0.2278907597064972,0.6615984439849854,2026-05-08T19:40:26.797746+00:00,1.12.0,dpt-2-20260410
Common_cold_clinincal_evidence.pdf,b4a43b39-b5a9-4314-91af-91d89931d552,106,text,No data from the following reference on this outcome. [16],58,10,11,0.11224517226219177,0.6963350176811218,0.5018289089202881,0.7161058783531189,2026-05-08T19:40:26.797746+00:00,1.12.0,dpt-2-20260410
Common_cold_clinincal_evidence.pdf,8141d877-ecf1-488d-a86a-12372b4f4da3,107,text,Adverse effects,15,2,11,0.11243642866611481,0.7367037534713745,0.23660965263843536,0.7545245885848999,2026-05-08T19:40:26.797746+00:00,1.12.0,dpt-2-20260410
Common_cold_clinincal_evidence.pdf,4fada008-5841-4ba5-9b56-6ddd132cf5df,108,table,"<table id=""11-P"">
<tr><td id=""11-Q"">Ref
(type)</td><td id=""11-R"">Population</td><td id=""11-S"">Outcome, Interventions</td><td id=""11-T"">Results and statistical
analysis</td><td id=""11-U"">Effect
size</td><td id=""11-V"">Favours</td></tr>
<tr><td id=""11-W"" colspan=""6"">Adverse effects</td></tr>
<tr><td id=""11-X"">[16]
Systematic
review</td><td id=""11-Y"">174 adults aged 18
to 65 years
Data from 1 RCT</td><td id=""11-Z"">Overall adverse effects
8/84 (10%) with loxoprofen
1/90 (1%) with placebo</td><td id=""11-10"">RR 8.57
95% CI 1.10 to 67.0
Further details not reported</td><td id=""11-11"">three blue circles</td><td id=""11-12"">placebo</td></tr>
</table>",647,61,11,0.11143583059310913,0.7752686738967896,0.8887428641319275,0.8981531858444214,2026-05-08T19:40:26.797746+00:00,1.12.0,dpt-2-20260410
Common_cold_clinincal_evidence.pdf,dd0eb0b9-3b58-4624-8303-4ea78101c38d,109,marginalia,© BMJ Publishing Group Ltd 2011. All rights reserved.,53,9,11,0.11262519657611847,0.9280683398246765,0.36433684825897217,0.9429600834846497,2026-05-08T19:40:26.797746+00:00,1.12.0,dpt-2-20260410
Common_cold_clinincal_evidence.pdf,1ce8a9b0-a4b1-4d2f-a45e-de6503431abf,110,marginalia,12,2,1,11,0.8610662221908569,0.9258301258087158,0.8883794546127319,0.9425153732299805,2026-05-08T19:40:26.797746+00:00,1.12.0,dpt-2-20260410
Common_cold_clinincal_evidence.pdf,7f0fc374-1b61-4600-bf36-21faf147a218,111,text,Respiratory disorders (acute),29,3,11,0.894740641117096,0.03148791193962097,0.9375206828117371,0.33877456188201904,2026-05-08T19:40:26.797746+00:00,1.12.0,dpt-2-20260410
Common_cold_clinincal_evidence.pdf,f219ffd5-c7aa-4483-a725-4a5ccf603baa,112,marginalia,Common cold,11,2,12,0.6749358177185059,0.030347280204296112,0.8881723880767822,0.06380626559257507,2026-05-08T19:40:26.797746+00:00,1.12.0,dpt-2-20260410
Common_cold_clinincal_evidence.pdf,260489e5-40ac-4a5a-90ff-bb14073f8bb8,113,text,**Further information on studies**,34,4,12,0.11066377907991409,0.11136626452207565,0.3484908640384674,0.13158658146858215,2026-05-08T19:40:26.797746+00:00,1.12.0,dpt-2-20260410
Common_cold_clinincal_evidence.pdf,0c6b96bb-64d2-43d0-b9ef-574db8c15033,114,text,Comment: None.,14,2,12,0.11225813627243042,0.1802523136138916,0.2803272604942322,0.1982780396938324,2026-05-08T19:40:26.797746+00:00,1.12.0,dpt-2-20260410
Common_cold_clinincal_evidence.pdf,97369c97-f4ed-4032-87c3-626114894710,115,text,"OPTION ECHINACEA

* For GRADE evaluation of interventions for Common cold, see table, p 26.
* We don't know whether echinacea is more effective than placebo at reducing the severity or duration of cold symptoms.",211,35,12,0.11118888854980469,0.20584449172019958,0.8882026672363281,0.2855697274208069,2026-05-08T19:40:26.797746+00:00,1.12.0,dpt-2-20260410
Common_cold_clinincal_evidence.pdf,ce05d0db-7f41-453f-a51b-ed3ec8b5ca99,116,text,"# Benefits and harms
## Echinacea versus placebo:
We found two systematic reviews (search dates 2007 [17] and 2006 [18]). The reviews had different inclusion criteria, performed a different analysis, and came to differing conclusions. The first review excluded combinations of echinacea with other herbs, included RCTs that reported on severity of symptoms or duration, and did not pool data because of clinical heterogeneity between included RCTs (preparation used, trial design, and outcomes reported). It included 14 RCTs on treatment. [17] The second review [18] included RCTs in which echinacea had been used with or without a supplement, all of which reported on cold duration. In the analysis of effects on cold duration, it included 4 RCTs that were included in the first review, two RCTs that were excluded by the first review because of methods used, and included one RCT not included in the first review. The second review pooled data and came to slightly different conclusions to the first review (see further information on studies).",1046,167,12,0.1109946072101593,0.2969675660133362,0.8902955055236816,0.45488011837005615,2026-05-08T19:40:26.797746+00:00,1.12.0,dpt-2-20260410
Common_cold_clinincal_evidence.pdf,ac768649-ef9a-4b1d-9e14-d765578af47a,117,text,"Symptom severity
Compared with placebo We don't know whether echinacea is more effective at reducing cold symptoms or at reducing the duration of cold (very low-quality evidence).",179,27,12,0.11150068044662476,0.4737037718296051,0.8880510330200195,0.5188189744949341,2026-05-08T19:40:26.797746+00:00,1.12.0,dpt-2-20260410
Common_cold_clinincal_evidence.pdf,b23fd3d6-c049-49e3-8403-d686302d21c1,118,table,"<table id=""12-1"">
<tr><td id=""12-2"">Ref
(type)</td><td id=""12-3"">Population</td><td id=""12-4"">Outcome, Interventions</td><td id=""12-5"">Results and statistical
analysis</td><td id=""12-6"">Effect
size</td><td id=""12-7"">Favours</td></tr>
<tr><td id=""12-8"" colspan=""6"">Symptom severity (global)</td></tr>
<tr><td id=""12-9"">[17]
Systematic
review</td><td id=""12-a"">1078 people with a
cold
7 RCTs in this
analysis</td><td id=""12-b"">Overall symptom score , 2 to 4
days
with echinacea
with placebo</td><td id=""12-c"">2 RCTs found that echinacea
significantly reduced overall
symptom score compared with
placebo
5 RCTs found no significant differ-
ence between groups
The review did not pool data, see
further information on studies</td><td id=""12-d""></td><td id=""12-e""></td></tr>
<tr><td id=""12-f"">[17]
Systematic
review</td><td id=""12-g"">1295 people with a
cold
10 RCTs in this
analysis</td><td id=""12-h"">Overall symptom score , 5 to
10 days
with echinacea
with placebo</td><td id=""12-i"">5 RCTs found that echinacea
significantly reduced overall
symptom score compared with
placebo
5 RCTs found no significant differ-
ence between groups
The review did not pool data, see
further information on studies</td><td id=""12-j""></td><td id=""12-k""></td></tr>
<tr><td id=""12-l"" colspan=""6"">Nasal symptoms</td></tr>
<tr><td id=""12-m"">[17]
Systematic
review</td><td id=""12-n"">890 people with a
cold
6 RCTs in this
analysis</td><td id=""12-o"">Nasal symptoms, 2 to 4 days
with echinacea
with placebo</td><td id=""12-p"">2 RCTs found that echinacea
significantly reduced nasal
symptoms compared with place-
bo
4 RCTs found no significant differ-
ence between groups</td><td id=""12-q""></td><td id=""12-r""></td></tr>
</table>",1696,195,12,0.1110975444316864,0.5198967456817627,0.8892440795898438,0.9119917154312134,2026-05-08T19:40:26.797746+00:00,1.12.0,dpt-2-20260410
Common_cold_clinincal_evidence.pdf,322f57d1-2ce1-44d4-8d95-cb2cb750855a,119,marginalia,© BMJ Publishing Group Ltd 2011. All rights reserved.,53,9,12,0.11222322285175323,0.9280739426612854,0.36526042222976685,0.9429684281349182,2026-05-08T19:40:26.797746+00:00,1.12.0,dpt-2-20260410
Common_cold_clinincal_evidence.pdf,2956621a-1f2d-4ca4-93d9-b68be2bb7e96,120,marginalia,13,2,1,12,0.8615214228630066,0.9261236786842346,0.8883569836616516,0.9425572752952576,2026-05-08T19:40:26.797746+00:00,1.12.0,dpt-2-20260410
Common_cold_clinincal_evidence.pdf,ea364573-ebf5-4a00-b6fe-f7cdd3376f7b,121,text,Respiratory disorders (acute),29,3,12,0.894383430480957,0.031053677201271057,0.9385086297988892,0.33890461921691895,2026-05-08T19:40:26.797746+00:00,1.12.0,dpt-2-20260410
Common_cold_clinincal_evidence.pdf,5e1128f7-76e1-46b0-b639-a470c9705abb,122,text,Common cold,11,2,13,0.675518274307251,0.032167766243219376,0.8875337839126587,0.060609523206949234,2026-05-08T19:40:26.797746+00:00,1.12.0,dpt-2-20260410
Common_cold_clinincal_evidence.pdf,78c74ffd-b677-4a8d-abaa-3c380bef7abb,123,table,"<table id=""13-1"">
<tr><td id=""13-2"">Ref
(type)</td><td id=""13-3"">Population</td><td id=""13-4"">Outcome, Interventions</td><td id=""13-5"">Results and statistical
analysis</td><td id=""13-6"">Effect
size</td><td id=""13-7"">Favours</td></tr>
<tr><td id=""13-8""></td><td id=""13-9""></td><td id=""13-a""></td><td id=""13-b"">The review did not pool data, see
further information on studies</td><td id=""13-c""></td><td id=""13-d""></td></tr>
<tr><td id=""13-e"">[17]
Systematic
review</td><td id=""13-f"">1270 people with a
cold
10 RCTs in this
analysis</td><td id=""13-g"">Nasal symptoms , 5 to 10 days
with echinacea
with placebo</td><td id=""13-h"">Three RCTs found that echinacea
significantly reduced nasal
symptoms compared with place-
bo
7 RCTs found no significant differ-
ence between groups
The review did not pool data, see
further information on studies</td><td id=""13-i""></td><td id=""13-j""></td></tr>
<tr><td id=""13-k"" colspan=""6"">Symptom duration</td></tr>
<tr><td id=""13-l"">[17]
Systematic
review</td><td id=""13-m"">160 people
Data from 1 RCT</td><td id=""13-n"">Mean symptom duration
9.30 days with echinacea
12.90 days with placebo</td><td id=""13-o"">SMD -1.83
95% CI -2.20 to -1.46</td><td id=""13-p"">O O O</td><td id=""13-q"">echinacea</td></tr>
<tr><td id=""13-r"">[17]
Systematic
review</td><td id=""13-s"">142 people
Data from 1 RCT</td><td id=""13-t"">Mean symptom duration
6.27 days with echinacea
5.75 days with placebo</td><td id=""13-u"">SMD +0.22
95% CI -0.11 to +0.55</td><td id=""13-v"">(horizontal double arrow)</td><td id=""13-w"">Not significant</td></tr>
<tr><td id=""13-x"">[18]
Systematic
review</td><td id=""13-y"">1630 people with a
cold
7 RCTs in this
analysis</td><td id=""13-z"">Reduction in duration of cold
with echinacea
with placebo
Absolute results reported graphi-
cally</td><td id=""13-A"">WMD -1.44 days
95% CI -2.24 days to -0.64 days
P = 0.01
There was significant heterogene-
ity among RCTs (see further infor-
mation on studies)
Some echinacea preparations
contained other supplements and
some did not</td><td id=""13-B"">(three gray circles)</td><td id=""13-C"">echinacea</td></tr>
<tr><td id=""13-D"" colspan=""6"">Combined measure of severity and duration of cold</td></tr>
<tr><td id=""13-E"">[17]
Systematic
review</td><td id=""13-F"">1103 people with a
cold
6 RCTs in this
analysis</td><td id=""13-G"">Combined measure of severity
and duration of cold
with echinacea
with placebo</td><td id=""13-H"">1 RCT found that echinacea was
significantly more effective than
placebo
The remaining 5 RCTs found no
significant difference between
echinacea and placebo
The review did not pool data, see
further information on studies</td><td id=""13-I""></td><td id=""13-J""></td></tr>
</table>",2665,302,13,0.10989317297935486,0.06465339660644531,0.889136791229248,0.6624463796615601,2026-05-08T19:40:26.797746+00:00,1.12.0,dpt-2-20260410
Common_cold_clinincal_evidence.pdf,b5e234b8-4c5c-4f2c-aa10-33b001a6c849,124,text,Complications,13,1,13,0.11291119456291199,0.6727016568183899,0.22834455966949463,0.6892417073249817,2026-05-08T19:40:26.797746+00:00,1.12.0,dpt-2-20260410
Common_cold_clinincal_evidence.pdf,e7918838-6282-4611-928a-6e30db49b32d,125,text,No data from the following reference on this outcome. [17] [18],63,11,13,0.11210988461971283,0.7236496210098267,0.5310823321342468,0.744723916053772,2026-05-08T19:40:26.797746+00:00,1.12.0,dpt-2-20260410
Common_cold_clinincal_evidence.pdf,9c6f20e1-607e-4629-8687-bc1df14c1010,126,text,Adverse effects,15,2,13,0.11252798140048981,0.7647140026092529,0.23634542524814606,0.7820906639099121,2026-05-08T19:40:26.797746+00:00,1.12.0,dpt-2-20260410
Common_cold_clinincal_evidence.pdf,6777d36d-0ce0-4700-9a77-335e57366ca7,127,table,"<table id=""13-K"">
<tr><td id=""13-L"">Ref
(type)</td><td id=""13-M"">Population</td><td id=""13-N"">Outcome, Interventions</td><td id=""13-O"">Results and statistical
analysis</td><td id=""13-P"">Effect
size</td><td id=""13-Q"">Favours</td></tr>
<tr><td id=""13-R"" colspan=""6"">Adverse effects</td></tr>
<tr><td id=""13-S"">[17]
Systematic
review</td><td id=""13-T"">1691 people with a
cold</td><td id=""13-U"">Proportion of people reporting
adverse effects
207/804 (26%) with echinacea</td><td id=""13-V"">None of the individual RCTs re-
porting on adverse effects found
any significant difference be-
tween echinacea and placebo</td><td id=""13-W""></td><td id=""13-X""></td></tr>
</table>",665,60,13,0.11128771305084229,0.8039647936820984,0.8882530927658081,0.9227648377418518,2026-05-08T19:40:26.797746+00:00,1.12.0,dpt-2-20260410
Common_cold_clinincal_evidence.pdf,3d07c1b7-c183-4359-b284-7755a8eb195e,128,marginalia,© BMJ Publishing Group Ltd 2011. All rights reserved.,53,9,13,0.1131567507982254,0.9290837049484253,0.3646305799484253,0.9423130750656128,2026-05-08T19:40:26.797746+00:00,1.12.0,dpt-2-20260410
Common_cold_clinincal_evidence.pdf,4d7918a0-ffb9-451d-aa89-6955f40200aa,129,marginalia,14,2,1,13,0.8612473607063293,0.9260760545730591,0.8879072070121765,0.9419395923614502,2026-05-08T19:40:26.797746+00:00,1.12.0,dpt-2-20260410
Common_cold_clinincal_evidence.pdf,0b5f0d0d-1e8a-4b25-9dd3-e650deb4a53f,130,text,Respiratory disorders (acute),29,3,13,0.8948597311973572,0.03180648386478424,0.9369907975196838,0.33840054273605347,2026-05-08T19:40:26.797746+00:00,1.12.0,dpt-2-20260410
Common_cold_clinincal_evidence.pdf,160114d5-f8d7-4861-80a4-686b2ca4d1e0,131,text,Common cold,11,2,14,0.6758294701576233,0.03201286867260933,0.8872974514961243,0.060465242713689804,2026-05-08T19:40:26.797746+00:00,1.12.0,dpt-2-20260410
Common_cold_clinincal_evidence.pdf,18f1f1a8-ed0c-49e4-86d9-db4c85afe64e,132,table,"<table id=""14-1"">
<tr><td id=""14-2"">Ref
(type)</td><td id=""14-3"">Population</td><td id=""14-4"">Outcome, Interventions</td><td id=""14-5"">Results and statistical
analysis</td><td id=""14-6"">Effect
size</td><td id=""14-7"">Favours</td></tr>
<tr><td id=""14-8""></td><td id=""14-9"">11 RCTs in this
analysis</td><td id=""14-a"">187/887 (21%) with placebo</td><td id=""14-b"">Results not pooled owing to het-
erogeneity</td><td id=""14-c""></td><td id=""14-d""></td></tr>
<tr><td id=""14-e"" colspan=""6"">Withdrawals caused by adverse effects</td></tr>
<tr><td id=""14-f"">[17]
Systematic
review</td><td id=""14-g"">80 people with a
cold
Data from 1 RCT</td><td id=""14-h"">Withdrawals caused by ad-
verse effects
1/41 (2%) in echinacea
0/39 (0%) with placebo</td><td id=""14-i"">OR 2.93
95% CI 0.12 to 74.0</td><td id=""14-j"">↔</td><td id=""14-k"">Not significant</td></tr>
<tr><td id=""14-l"">[17]
Systematic
review</td><td id=""14-m"">436 people with a
cold
Data from 1 RCT</td><td id=""14-n"">Withdrawals caused by ad-
verse effects
6/215 (3%) with echinacea
1/221 (0.5%) with placebo</td><td id=""14-o"">RR 6.32
95% CI 0.75 to 52.91</td><td id=""14-p"">↔</td><td id=""14-q"">Not significant</td></tr>
<tr><td id=""14-r"" colspan=""6"">Rash</td></tr>
<tr><td id=""14-s"">[17]
Systematic
review</td><td id=""14-t"">Children with a
cold
Data from 1 RCT</td><td id=""14-u"">Proportion of children with
rash
7% with echinacea
3% with placebo
Absolute numbers not reported</td><td id=""14-v"">P = 0.008</td><td id=""14-w"">○○○</td><td id=""14-x"">placebo</td></tr>
</table>",1509,152,14,0.11093065142631531,0.06602446734905243,0.8887357711791992,0.41138362884521484,2026-05-08T19:40:26.797746+00:00,1.12.0,dpt-2-20260410
Common_cold_clinincal_evidence.pdf,c501607f-af97-4647-b6e4-62f66fb45d5b,133,text,No data from the following reference on this outcome. [18],58,10,14,0.11242200434207916,0.4207492172718048,0.5023795366287231,0.4401904046535492,2026-05-08T19:40:26.797746+00:00,1.12.0,dpt-2-20260410
Common_cold_clinincal_evidence.pdf,f0e635ae-6bf9-4ca5-8bfd-9bf795b2f2bd,134,text,"Further information on studies
[17] [18] The second review, which pooled data, also performed a sensitivity analysis of RCTs in which no supplement had been given with echinacea. [18] It found no significant difference between groups in cold duration (3 RCTs, 915 people; WMD -1.57 days, 95% CI -4.34 days to +1.19 days, P = 0.27). The authors of the first review [17] noted that the second review [18] had come to more favourable conclusions on the effects of echinacea than it had. The authors of the first review noted that the second review had included trials on highly variable echinacea products and pooled data, whereas they had chosen not to because of the clinical heterogeneity between trials.
[17]",709,119,14,0.10878875851631165,0.5029630064964294,0.8920316696166992,0.6294716000556946,2026-05-08T19:40:26.797746+00:00,1.12.0,dpt-2-20260410
Common_cold_clinincal_evidence.pdf,26d91bcc-ff4b-4aea-bb77-851556b32843,135,text,"Comment:
Echinacea is not a single product. There are >200 different preparations based on different plants, different parts of the plant (roots, herbs, whole plant), and different methods of extraction. The weakness of trial methods and differences in interventions make it difficult to draw conclusions about effectiveness. Large RCTs may be difficult because echinacea is not patentable, and each producer controls a small share of the market. The authors of the first systematic review [17] received personal information about several unpublished studies that they were not able to include.
Isolated cases of anaphylaxis have been reported in people taking echinacea. [19] [20]",681,102,14,0.11077696084976196,0.6619746088981628,0.8908599019050598,0.7719592452049255,2026-05-08T19:40:26.797746+00:00,1.12.0,dpt-2-20260410
Common_cold_clinincal_evidence.pdf,d324500e-f46d-4f61-bdbc-7ae809533253,136,text,"OPTION STEAM INHALATION

* For GRADE evaluation of interventions for Common cold, see table, p 26.
* We don't know whether steam inhalation reduces the duration of symptoms of colds.",182,30,14,0.11102741956710815,0.7774202823638916,0.8878845572471619,0.8457636833190918,2026-05-08T19:40:26.797746+00:00,1.12.0,dpt-2-20260410
Common_cold_clinincal_evidence.pdf,29505b9e-2259-4d7c-9049-6652a7539adb,137,text,"## Benefits and harms
**Steam inhalation versus sham inhalation:**
We found one systematic review (search date 2005), which compared steam inhalation at 40 °C to 47 °C versus sham inhalation (air at 30 °C or higher). [21] The review (6 RCTs, 319 people; 4 RCTs in people with naturally acquired",294,50,14,0.11073389649391174,0.8567028641700745,0.8896626234054565,0.9224875569343567,2026-05-08T19:40:26.797746+00:00,1.12.0,dpt-2-20260410
Common_cold_clinincal_evidence.pdf,8db87681-e526-4040-8837-49b64a1ddfb4,138,text,© BMJ Publishing Group Ltd 2011. All rights reserved.,53,9,14,0.11252902448177338,0.9281848073005676,0.36555641889572144,0.9429015517234802,2026-05-08T19:40:26.797746+00:00,1.12.0,dpt-2-20260410
Common_cold_clinincal_evidence.pdf,67e83c45-d5b7-4780-be85-9f5efe529edb,139,marginalia,15,2,1,14,0.860373854637146,0.9267919063568115,0.8892050981521606,0.9427938461303711,2026-05-08T19:40:26.797746+00:00,1.12.0,dpt-2-20260410
Common_cold_clinincal_evidence.pdf,864bd085-18dd-409a-bac6-b1a99f446046,140,marginalia,Respiratory disorders (acute),29,3,14,0.8949289321899414,0.03149215877056122,0.9380539655685425,0.33900153636932373,2026-05-08T19:40:26.797746+00:00,1.12.0,dpt-2-20260410
Common_cold_clinincal_evidence.pdf,bda6fb9f-1b2d-4580-a5c8-882bb4b3a9ed,141,text,Common cold,11,2,15,0.6753703355789185,0.03235265612602234,0.8872522115707397,0.060556232929229736,2026-05-08T19:40:26.797746+00:00,1.12.0,dpt-2-20260410
Common_cold_clinincal_evidence.pdf,6ebad31f-79f0-45c1-9c97-42caf4272f41,142,text,"colds, 2 in people with experimentally induced colds) could not perform a meta-analysis of all the RCTs because of heterogeneity in populations and methods used to assess symptoms, and poor reporting in some of the RCTs. We have reported the results from the meta-analysis, which pooled data from two RCTs in people with naturally acquired colds.",346,56,15,0.11131760478019714,0.06698574870824814,0.8889336585998535,0.12411182373762131,2026-05-08T19:40:26.797746+00:00,1.12.0,dpt-2-20260410
Common_cold_clinincal_evidence.pdf,34aa2df1-4d29-464d-8cb4-811152914ee1,143,text,"Symptom severity
Compared with sham inhalation We don't know whether steam inhalation is more effective than sham inhalation (air at 30 °C or higher) at reducing the proportion of people with symptoms of common cold immediately after treatment or at 4 days, as we found insufficient evidence from weak studies (very low-quality evidence).",338,53,15,0.11181610822677612,0.146015465259552,0.8885759711265564,0.20308944582939148,2026-05-08T19:40:26.797746+00:00,1.12.0,dpt-2-20260410
Common_cold_clinincal_evidence.pdf,12d25a2a-82cc-40e1-bb40-a9ff31988600,144,table,"<table id=""15-1"">
<tr><td id=""15-2"">Ref
(type)</td><td id=""15-3"">Population</td><td id=""15-4"">Outcome, Interventions</td><td id=""15-5"">Results and statistical
analysis</td><td id=""15-6"">Effect
size</td><td id=""15-7"">Favours</td></tr>
<tr><td id=""15-8"" colspan=""6"">Symptom relief</td></tr>
<tr><td id=""15-9"">[21]
Systematic
review</td><td id=""15-a"">146 people with
naturally acquired
colds

2 RCTs in this
analysis</td><td id=""15-b"">Proportion of people with
symptoms, immediately after
treatment or at 4 days

29/77 (38%) with steam inhala-
tion at 40 °C to 47 °C

46/69 (67%) with sham inhalation
(air at 30 °C or higher)

It is unclear whether sham inhala-
tion is a valid control</td><td id=""15-c"">RR 0.56
95% CI 0.40 to 0.79

The review stated that the RCTs
used different symptom score in-
dices, but did not specify which
indices were used</td><td id=""15-d"">⚫⚪⚪</td><td id=""15-e"">steam inhalation</td></tr>
</table>",921,111,15,0.11149385571479797,0.20405834913253784,0.8883483409881592,0.3957614302635193,2026-05-08T19:40:26.797746+00:00,1.12.0,dpt-2-20260410
Common_cold_clinincal_evidence.pdf,2aa92acf-e6e3-4319-8756-5f02bcbe6132,145,text,Complications,13,1,15,0.1125883162021637,0.4067270755767822,0.22837278246879578,0.42398083209991455,2026-05-08T19:40:26.797746+00:00,1.12.0,dpt-2-20260410
Common_cold_clinincal_evidence.pdf,1875b5af-c7a5-478c-951a-ad5095f76ad4,146,text,No data from the following reference on this outcome. [21],58,10,15,0.11223429441452026,0.458616703748703,0.5021622776985168,0.4792158901691437,2026-05-08T19:40:26.797746+00:00,1.12.0,dpt-2-20260410
Common_cold_clinincal_evidence.pdf,cacf49c3-f655-49b1-a01c-ae44bad2348a,147,text,Adverse effects,15,2,15,0.11194902658462524,0.4990319609642029,0.23777014017105103,0.5169617533683777,2026-05-08T19:40:26.797746+00:00,1.12.0,dpt-2-20260410
Common_cold_clinincal_evidence.pdf,7f1a72cf-8b34-49f1-a667-57b9f957073b,148,table,"<table id=""15-f"">
<tr><td id=""15-g"">Ref
(type)</td><td id=""15-h"">Population</td><td id=""15-i"">Outcome, Interventions</td><td id=""15-j"">Results and statistical
analysis</td><td id=""15-k"">Effect
size</td><td id=""15-l"">Favours</td></tr>
<tr><td id=""15-m"" colspan=""6"">Adverse effects</td></tr>
<tr><td id=""15-n"">[21]
Systematic
review</td><td id=""15-o"">People with natural-
ly acquired or ex-
perimentally in-
duced colds</td><td id=""15-p"">Adverse effects
with steam inhalation at 40 °C to
47 °C
with sham inhalation (air at 30 °C
or higher)
The RCTs identified by the review
found no evidence of adverse ef-
fects
There may be a danger from
spilling hot water and from noso-
comial infections related to humid-
ifier units</td><td id=""15-q""></td><td id=""15-r""></td><td id=""15-s""></td></tr>
</table>",795,90,15,0.11115434765815735,0.5380891561508179,0.8892908096313477,0.7684115171432495,2026-05-08T19:40:26.797746+00:00,1.12.0,dpt-2-20260410
Common_cold_clinincal_evidence.pdf,9507fa1d-fca8-44fa-b2e2-39167ccf2c65,149,text,Further information on studies,30,4,15,0.10938918590545654,0.8200315833091736,0.8909682035446167,0.8588067889213562,2026-05-08T19:40:26.797746+00:00,1.12.0,dpt-2-20260410
Common_cold_clinincal_evidence.pdf,16eaa5be-39bc-451b-b62d-cc174e4d4274,150,text,Comment: None.,14,2,15,0.11262574791908264,0.8924270868301392,0.2799248993396759,0.9116042852401733,2026-05-08T19:40:26.797746+00:00,1.12.0,dpt-2-20260410
Common_cold_clinincal_evidence.pdf,d63582d8-1798-4d4f-b447-a05d53e8616f,151,marginalia,© BMJ Publishing Group Ltd 2011. All rights reserved.,53,9,15,0.11276955902576447,0.9280072450637817,0.3649364709854126,0.9432945251464844,2026-05-08T19:40:26.797746+00:00,1.12.0,dpt-2-20260410
Common_cold_clinincal_evidence.pdf,62f0a696-50f9-49fb-95e5-5ef8d1fdda37,152,marginalia,16,2,1,15,0.8616733551025391,0.9260255694389343,0.8878799676895142,0.9423663020133972,2026-05-08T19:40:26.797746+00:00,1.12.0,dpt-2-20260410
Common_cold_clinincal_evidence.pdf,89725ba9-8ac6-490a-a66e-f7e4b31da106,153,text,Respiratory disorders (acute),29,3,15,0.8943812251091003,0.03124643862247467,0.9379898905754089,0.33919018507003784,2026-05-08T19:40:26.797746+00:00,1.12.0,dpt-2-20260410
Common_cold_clinincal_evidence.pdf,cadd2c2c-ce6f-471a-9862-6a39f989845e,154,text,Common cold,11,2,16,0.6761019229888916,0.03261643648147583,0.8869301080703735,0.060324154794216156,2026-05-08T19:40:26.797746+00:00,1.12.0,dpt-2-20260410
Common_cold_clinincal_evidence.pdf,1d29f011-8a3c-4a5f-86fc-4f931548330c,155,text,"OPTION ZINC

*   For GRADE evaluation of interventions for Common cold, see table, p 26.
*   We don't know whether zinc gel or lozenges reduce the duration of symptoms of colds.",177,31,16,0.11202964186668396,0.06692896783351898,0.8856922388076782,0.13580435514450073,2026-05-08T19:40:26.797746+00:00,1.12.0,dpt-2-20260410
Common_cold_clinincal_evidence.pdf,542691e5-b2fd-4629-8ea8-7bc41b7e7e11,156,text,"Benefits and harms
Zinc lozenges versus placebo:
We found three systematic reviews (search dates 1997, [22] 1998, [23] and 2003 [24]), which compared zinc lozenges (gluconate or acetate) versus placebo for the treatment of naturally acquired colds. The reviews had different inclusion and exclusion criteria. The first and second reviews performed a meta-analysis, [22] [23] whereas the third review was narrative in character, [24] and did not perform a meta-analysis. The third review [24] identified 10 RCTs that were included in the two other reviews [22] [23] (including all the RCTs identified by both earlier reviews and 1 RCT excluded by the first review owing to poor methods, and 2 RCTs excluded by the second review because they involved people with experimentally induced colds). In addition, the third review identified two RCTs carried out subsequent to the earlier reviews, the results from which we report separately. [24] We found one subsequent RCT. [25] We found one further systematic review, which did not report numerical results of statistical analyses, so we have not reported it further here (see comments). [26] One review identified case reports on adverse effects associated with zinc preparations (see further information on studies). [27]",1268,197,16,0.11073163151741028,0.14600223302841187,0.8895509243011475,0.3299890160560608,2026-05-08T19:40:26.797746+00:00,1.12.0,dpt-2-20260410
Common_cold_clinincal_evidence.pdf,f7b76bae-3d4a-480e-a26e-f51a181aadfd,157,text,"Symptom severity
---
_Zinc lozenges compared with placebo_ We don't know whether zinc lozenges are more effective at reducing symptom duration (low-quality evidence).",166,23,16,0.11140841245651245,0.3490086495876312,0.8883870840072632,0.3938595950603485,2026-05-08T19:40:26.797746+00:00,1.12.0,dpt-2-20260410
Common_cold_clinincal_evidence.pdf,24485480-e387-4f09-a8e5-b8e9fd8205d7,158,table,"<table id=""16-1"">
<tr><td id=""16-2"">Ref
(type)</td><td id=""16-3"">Population</td><td id=""16-4"">Outcome, Interventions</td><td id=""16-5"">Results and statistical
analysis</td><td id=""16-6"">Effect
size</td><td id=""16-7"">Favours</td></tr>
<tr><td id=""16-8"" colspan=""6"">Symptom duration</td></tr>
<tr><td id=""16-9"">[22]
Systematic
review</td><td id=""16-a"">754 people with
colds
7 RCTs in this
analysis
681 people (5
RCTs) with natural-
ly acquired colds,
73 people (2
RCTs) with experi-
mentally induced
colds</td><td id=""16-b"">Continuing symptoms, 7 days
14/93 (15%) with zinc lozenges
46/94 (49%) with placebo</td><td id=""16-c"">RR 0.31
95% CI 0.18 to 0.52
Random effects model</td><td id=""16-d"">three dots (two filled, one empty)</td><td id=""16-e"">zinc lozenges</td></tr>
<tr><td id=""16-f"">[23]
Systematic
review</td><td id=""16-g"">People with natural-
ly acquired colds</td><td id=""16-h"">Continuing symptoms, 7 days
with zinc lozenges
with placebo
Absolute results reported graphi-
cally</td><td id=""16-i"">OR 0.52
95% CI 0.25 to 1.20
The review found statistical het-
erogeneity (see further informa-
tion on studies)</td><td id=""16-j"">double-headed arrow</td><td id=""16-k"">Not significant</td></tr>
<tr><td id=""16-l"">[24]
Systematic
review</td><td id=""16-m"">48 people with nat-
urally acquired
colds
Data from 1 RCT</td><td id=""16-n"">Mean duration of symptoms
4.5 days with zinc lozenges
8.1 days with placebo</td><td id=""16-o"">P &lt;0.01</td><td id=""16-p"">three empty circles</td><td id=""16-q"">zinc lozenges</td></tr>
<tr><td id=""16-r"">[24]
Systematic
review</td><td id=""16-s"">281 people with
naturally acquired
colds
Data from 1 RCT</td><td id=""16-t"">Mean duration of symptoms
7 days with zinc lozenges
7 days with placebo</td><td id=""16-u"">P = 0.45</td><td id=""16-v"">↔</td><td id=""16-w"">Not significant</td></tr>
<tr><td id=""16-x"">[25]
RCT</td><td id=""16-y"">129 children with
common cold
symptoms (median
age 5.2 years)</td><td id=""16-z"">Median time to resolution of all
cold symptoms
6 days with zinc syrup
6 days with placebo syrup</td><td id=""16-A"">P = 0.09</td><td id=""16-B"">↔</td><td id=""16-C"">Not significant</td></tr>
</table>",2133,234,16,0.11110267043113708,0.39441269636154175,0.890155553817749,0.8812662959098816,2026-05-08T19:40:26.797746+00:00,1.12.0,dpt-2-20260410
Common_cold_clinincal_evidence.pdf,7754d398-c459-4b01-a0b5-19b87e9f623f,159,marginalia,© BMJ Publishing Group Ltd 2011. All rights reserved.,53,9,16,0.11233420670032501,0.9283334016799927,0.36490994691848755,0.9431718587875366,2026-05-08T19:40:26.797746+00:00,1.12.0,dpt-2-20260410
Common_cold_clinincal_evidence.pdf,2ff6e18b-6519-41d4-a745-0f9f31f115a3,160,marginalia,17,2,1,16,0.8602630496025085,0.9256201386451721,0.8884394764900208,0.9424414038658142,2026-05-08T19:40:26.797746+00:00,1.12.0,dpt-2-20260410
Common_cold_clinincal_evidence.pdf,7cd12367-d88e-4786-9a08-4d310c6e11a2,161,text,Respiratory disorders (acute),29,3,16,0.894267201423645,0.031357795000076294,0.9379850625991821,0.33868271112442017,2026-05-08T19:40:26.797746+00:00,1.12.0,dpt-2-20260410
Common_cold_clinincal_evidence.pdf,6a632893-1223-4d16-8003-cc25d9c2359b,162,text,Common cold,11,2,17,0.6751569509506226,0.03216766193509102,0.8875331878662109,0.060479920357465744,2026-05-08T19:40:26.797746+00:00,1.12.0,dpt-2-20260410
Common_cold_clinincal_evidence.pdf,f3db9cf6-0443-4b87-bafd-01444abf17c6,163,table,"<table id=""17-1"">
<tr><td id=""17-2"">Ref
(type)</td><td id=""17-3"">Population</td><td id=""17-4"">Outcome, Interventions</td><td id=""17-5"">Results and statistical
analysis</td><td id=""17-6"">Effect
size</td><td id=""17-7"">Favours</td></tr>
<tr><td id=""17-8"">[25]
RCT</td><td id=""17-9"">129 children with
common cold
symptoms (median
age 5.2 years)</td><td id=""17-a"">Median time to resolution of
nasal symptoms
5 days with zinc syrup
5 days with placebo syrup</td><td id=""17-b"">P = 0.20</td><td id=""17-c"">horizontal double arrow</td><td id=""17-d"">Not significant</td></tr>
<tr><td id=""17-e"" colspan=""6"">Symptom severity score</td></tr>
<tr><td id=""17-f"">[25]
RCT</td><td id=""17-g"">129 children with
symptoms of com-
mon cold (median
age 5.2 years)</td><td id=""17-h"">Total symptom severity score
, day 2 of treatment
3.6 with zinc syrup
4.9 with placebo syrup</td><td id=""17-i"">Reported as P = 0.000</td><td id=""17-j"">three circles</td><td id=""17-k"">zinc</td></tr>
<tr><td id=""17-l"">[25]
RCT</td><td id=""17-m"">129 children with
symptoms of com-
mon cold (median
age 5.2 years)</td><td id=""17-n"">Total symptom severity score
, day 3 of treatment
2.0 with zinc syrup
2.8 with placebo syrup</td><td id=""17-o"">P = 0.007</td><td id=""17-p"">three circles</td><td id=""17-q"">zinc</td></tr>
<tr><td id=""17-r"">[25]
RCT</td><td id=""17-s"">129 children with
symptoms of com-
mon cold (median
age 5.2 years)</td><td id=""17-t"">Total symptom severity score
, day 4 of treatment
0.8 with zinc syrup
1.2 with placebo syrup</td><td id=""17-u"">P = 0.041</td><td id=""17-v"">○○○</td><td id=""17-w"">zinc</td></tr>
<tr><td id=""17-x"">[25]
RCT</td><td id=""17-y"">129 children with
symptoms of com-
mon cold (median
age 5.2 years)</td><td id=""17-z"">Total symptom severity score
, day 5 of treatment
0.3 with zinc syrup
0.7 with placebo syrup</td><td id=""17-A"">P = 0.048</td><td id=""17-B"">○○○</td><td id=""17-C"">zinc</td></tr>
</table>",1892,211,17,0.11086991429328918,0.06536123156547546,0.8886927366256714,0.4757210910320282,2026-05-08T19:40:26.797746+00:00,1.12.0,dpt-2-20260410
Common_cold_clinincal_evidence.pdf,4996e20c-a78a-497b-b977-e9dfe4401a01,164,text,Complications,13,1,17,0.1122734472155571,0.4870801270008087,0.2281959354877472,0.5048720240592957,2026-05-08T19:40:26.797746+00:00,1.12.0,dpt-2-20260410
Common_cold_clinincal_evidence.pdf,486932a8-f166-4156-ac43-7fee237df207,165,text,No data from the following reference on this outcome. [22] [23] [24] [25],73,13,17,0.11226925253868103,0.5380087494850159,0.5895572900772095,0.5586130023002625,2026-05-08T19:40:26.797746+00:00,1.12.0,dpt-2-20260410
Common_cold_clinincal_evidence.pdf,3c5762b7-79ee-4fca-b9e7-a712b8b4fe8c,166,text,Adverse effects,15,2,17,0.1121147871017456,0.5791992545127869,0.23727008700370789,0.5971084237098694,2026-05-08T19:40:26.797746+00:00,1.12.0,dpt-2-20260410
Common_cold_clinincal_evidence.pdf,9c4988d4-3f49-4ef3-9c60-70ab69037e44,167,table,"<table id=""17-D"">
<tr><td id=""17-E"">Ref
(type)</td><td id=""17-F"">Population</td><td id=""17-G"">Outcome, Interventions</td><td id=""17-H"">Results and statistical
analysis</td><td id=""17-I"">Effect
size</td><td id=""17-J"">Favours</td></tr>
<tr><td id=""17-K"" colspan=""6"">Adverse effects</td></tr>
<tr><td id=""17-L"">[22]
Systematic
review</td><td id=""17-M"">754 people with
colds
7 RCTs in this
analysis
681 people with
naturally acquired
colds, 73 people
with experimentally
induced colds</td><td id=""17-N"">Adverse effects , 7 days
with zinc lozenges
with placebo
In some of the RCTs, a higher
proportion of people had nausea,
altered taste, dry mouth, abdomi-
nal pain, and headache with zinc
lozenges compared with placebo,
but the review did not state
whether the difference was signif-
icant</td><td id=""17-O""></td><td id=""17-P""></td><td id=""17-Q""></td></tr>
<tr><td id=""17-R"">[25]
RCT</td><td id=""17-S"">129 children with
symptoms of com-
mon cold (mean
age 5.2 years)
Data from 1 RCT</td><td id=""17-T"">Adverse effects
25% with zinc
27% with placebo
Absolute results not reported
The most commonly reported
adverse effect was bad taste, but</td><td id=""17-U"">Reported as no significant differ-
ence
P value not reported</td><td id=""17-V"">(horizontal double-headed arrow)</td><td id=""17-W"">Not significant</td></tr>
</table>",1319,153,17,0.11124113202095032,0.6164151430130005,0.888230562210083,0.9303972721099854,2026-05-08T19:40:26.797746+00:00,1.12.0,dpt-2-20260410
Common_cold_clinincal_evidence.pdf,db5a9f73-9391-458a-bd1e-826e3e7b83bb,168,marginalia,© BMJ Publishing Group Ltd 2011. All rights reserved.,53,9,17,0.11392499506473541,0.9295294284820557,0.3645021915435791,0.9419800043106079,2026-05-08T19:40:26.797746+00:00,1.12.0,dpt-2-20260410
Common_cold_clinincal_evidence.pdf,97659b52-2439-4893-b5d5-870819555473,169,marginalia,18,2,1,17,0.8623138666152954,0.9279766082763672,0.8875000476837158,0.9415310621261597,2026-05-08T19:40:26.797746+00:00,1.12.0,dpt-2-20260410
Common_cold_clinincal_evidence.pdf,61c24acc-b079-4d7b-968c-963b87ad7895,170,text,Respiratory disorders (acute),29,3,17,0.8947394490242004,0.03151421248912811,0.9372426867485046,0.3384649157524109,2026-05-08T19:40:26.797746+00:00,1.12.0,dpt-2-20260410
Common_cold_clinincal_evidence.pdf,86e112b2-13f9-4b4d-bdaa-109998bfe341,171,text,Common cold,11,2,18,0.6759146451950073,0.0323864184319973,0.8873037099838257,0.06037106737494469,2026-05-08T19:40:26.797746+00:00,1.12.0,dpt-2-20260410
Common_cold_clinincal_evidence.pdf,682ab5fa-9aae-4c21-b546-08e627118ca7,172,table,"<table id=""18-1"">
<tr><td id=""18-2"">Ref (type)</td><td id=""18-3"">Population</td><td id=""18-4"">Outcome, Interventions</td><td id=""18-5"">Results and statistical analysis</td><td id=""18-6"">Effect size</td><td id=""18-7"">Favours</td></tr>
<tr><td id=""18-8""></td><td id=""18-9""></td><td id=""18-a"">several other minor adverse ef- fects were also reported. None were significantly different be- tween the zinc group and the placebo group</td><td id=""18-b""></td><td id=""18-c""></td><td id=""18-d""></td></tr>
</table>",504,44,18,0.11247721314430237,0.066268190741539,0.887988805770874,0.17730669677257538,2026-05-08T19:40:26.797746+00:00,1.12.0,dpt-2-20260410
Common_cold_clinincal_evidence.pdf,7b71e0d3-70d7-4803-853d-ad9d281ffa55,173,text,No data from the following reference on this outcome. [23],58,10,18,0.11281082034111023,0.18784716725349426,0.5018473863601685,0.20747259259223938,2026-05-08T19:40:26.797746+00:00,1.12.0,dpt-2-20260410
Common_cold_clinincal_evidence.pdf,daaba47f-112b-4000-a1d7-61c10c49fe28,174,text,"Intranasal zinc gel versus placebo:
We found one systematic review (search date 2007), [28] which included three RCTs [29] [30] [31] and pooled data. Two of the included RCTs used a high dose of zinc (daily dose 2.1 mg), whereas the third RCT used a lower dose (daily dose 0.044 mg). One review identified case reports on adverse effects associated with zinc preparations (see further information on studies).
[27]",414,69,18,0.11045214533805847,0.2501005530357361,0.8873153924942017,0.3222506642341614,2026-05-08T19:40:26.797746+00:00,1.12.0,dpt-2-20260410
Common_cold_clinincal_evidence.pdf,13365290-52e1-4c03-b5e6-75315699f13e,175,text,"## Symptom severity
Zinc intranasal gel compared with placebo We don't know whether intranasal zinc is more effective at reducing the proportion of people with symptoms at 3 days (low-quality evidence).",202,31,18,0.11152571439743042,0.3431837856769562,0.8875071406364441,0.38873109221458435,2026-05-08T19:40:26.797746+00:00,1.12.0,dpt-2-20260410
Common_cold_clinincal_evidence.pdf,e133fae0-203c-497f-978c-421377207ae6,176,table,"<table id=""18-e"">
<tr><td id=""18-f"">Ref (type)</td><td id=""18-g"">Population</td><td id=""18-h"">Outcome, Interventions</td><td id=""18-i"">Results and statistical analysis</td><td id=""18-j"">Effect size</td><td id=""18-k"">Favours</td></tr>
<tr><td id=""18-l"" colspan=""6"">Symptom duration</td></tr>
<tr><td id=""18-m"" rowspan=""3"">[28]

Systematic
review</td><td id=""18-n"">451 adults with common cold</td><td id=""18-o"">Any symptoms persisting on day 3</td><td id=""18-p"" rowspan=""2"">RR 0.62
95% CI 0.18 to 2.19 using a ran-
dom effects analysis</td><td id=""18-q""></td><td id=""18-r""></td></tr>
<tr><td id=""18-s"" rowspan=""2"">3 RCTs in this analysis</td><td id=""18-t"">137/229 (60%) with zinc</td><td id=""18-u"" rowspan=""2"">Double-headed arrow</td><td id=""18-v""></td></tr>
<tr><td id=""18-w"">212/222 (95%) with placebo</td><td id=""18-x"">Result found to be significant with fixed effects analysis; see further information on studies Significant heterogeneity among RCTs. Caution is required in inter- preting results</td><td id=""18-y"">Not significant</td></tr>
</table>",1051,99,18,0.11073470115661621,0.3894491493701935,0.8900413513183594,0.5803433656692505,2026-05-08T19:40:26.797746+00:00,1.12.0,dpt-2-20260410
Common_cold_clinincal_evidence.pdf,b16bd10a-ee57-42cf-b4d7-dda92a52124f,177,text,"Complications
---",17,2,18,0.10910117626190186,0.5900292992591858,0.6827683448791504,0.6131582856178284,2026-05-08T19:40:26.797746+00:00,1.12.0,dpt-2-20260410
Common_cold_clinincal_evidence.pdf,cb398d4b-485b-479c-a07f-17df67e6e743,178,text,No data from the following reference on this outcome. [28],58,10,18,0.11138814687728882,0.6429862380027771,0.5023663640022278,0.664429247379303,2026-05-08T19:40:26.797746+00:00,1.12.0,dpt-2-20260410
Common_cold_clinincal_evidence.pdf,3348af19-71e6-4b84-ad7d-d691db79bf3e,179,text,Adverse effects,15,2,18,0.11208862066268921,0.683151125907898,0.2367497980594635,0.7015241384506226,2026-05-08T19:40:26.797746+00:00,1.12.0,dpt-2-20260410
Common_cold_clinincal_evidence.pdf,a589200c-e1b8-45ab-919d-91972564a292,180,table,"<table id=""18-z"">
<tr><td id=""18-A"">Ref
(type)</td><td id=""18-B"">Population</td><td id=""18-C"">Outcome, Interventions</td><td id=""18-D"">Results and statistical
analysis</td><td id=""18-E"">Effect
size</td><td id=""18-F"">Favours</td></tr>
<tr><td id=""18-G"" colspan=""6"">Overall adverse effects</td></tr>
<tr><td id=""18-H"">[28]
Systematic
review</td><td id=""18-I"">78 people with
common cold
Data from 1 RCT</td><td id=""18-J"">Adverse effects
9/40 (23%) with zinc
3/38 (8%) with placebo</td><td id=""18-K"">Significance not reported</td><td id=""18-L""></td><td id=""18-M""></td></tr>
<tr><td id=""18-N"" colspan=""6"">Nasal stinging or burning</td></tr>
<tr><td id=""18-O"">[28]
Systematic
review</td><td id=""18-P"">78 people with
common cold
Data from 1 RCT</td><td id=""18-Q"">Stinging or burning sensation
5/40 (13%) with intranasal zinc
(daily dose 2.1 mg)</td><td id=""18-R"">Significance not reported</td><td id=""18-S""></td><td id=""18-T""></td></tr>
</table>",938,86,18,0.11085009574890137,0.7222290635108948,0.8885575532913208,0.9178054928779602,2026-05-08T19:40:26.797746+00:00,1.12.0,dpt-2-20260410
Common_cold_clinincal_evidence.pdf,ffa5ab26-102e-4739-89f0-cfcdd3392d44,181,marginalia,© BMJ Publishing Group Ltd 2011. All rights reserved.,53,9,18,0.11302319169044495,0.9288124442100525,0.3648688793182373,0.9429036974906921,2026-05-08T19:40:26.797746+00:00,1.12.0,dpt-2-20260410
Common_cold_clinincal_evidence.pdf,239020c6-d30f-4a29-9700-52dd9cc4c310,182,marginalia,19,2,1,18,0.8614968657493591,0.9266899824142456,0.8880922198295593,0.9423257112503052,2026-05-08T19:40:26.797746+00:00,1.12.0,dpt-2-20260410
Common_cold_clinincal_evidence.pdf,e30a1d75-4009-4044-b39c-622443055a40,183,text,Respiratory disorders (acute),29,3,18,0.8945388793945312,0.03157474100589752,0.9380698204040527,0.33847206830978394,2026-05-08T19:40:26.797746+00:00,1.12.0,dpt-2-20260410
Common_cold_clinincal_evidence.pdf,213ec29e-2574-4bf2-850d-4c3e2a05690f,184,table,"Common cold
<table id=""19-1"">
<tr><td id=""19-2"">Ref
(type)</td><td id=""19-3"">Population</td><td id=""19-4"">Outcome, Interventions</td><td id=""19-5"">Results and statistical
analysis</td><td id=""19-6"">Effect
size</td><td id=""19-7"">Favours</td></tr>
<tr><td id=""19-8""></td><td id=""19-9""></td><td id=""19-a"">2/38 (5%) with placebo</td><td id=""19-b""></td><td id=""19-c""></td><td id=""19-d""></td></tr>
</table>",400,28,19,0.11415937542915344,0.03302357345819473,0.8885467052459717,0.13475492596626282,2026-05-08T19:40:26.797746+00:00,1.12.0,dpt-2-20260410
Common_cold_clinincal_evidence.pdf,e72e8732-a14e-4565-8741-1b62d05234e3,185,text,"## Further information on studies

[23] **Zinc lozenges versus placebo** The results were statistically heterogeneous, which may be because the RCTs in the reviews used different zinc formulations, were undertaken in people with different types of virus, or because of unknown factors.

[28] **Intranasal zinc versus placebo: fixed effects analysis:** The review found a significant difference between groups using a fixed effects analysis (3 RCTs, 451 people; RR 0.63, 95% CI 0.56 to 0.70). However, there was a large degree of heterogeneity among RCTs (P value not reported; I² = 99.2%). With regard to the high degree of heterogeneity, one RCT using a high dose of intranasal zinc found a large treatment effect at 3 days (213 people; RR 0.32, 95% CI 0.24 to 0.42), whereas another high-dose RCT found a borderline effect (78 people; RR 0.78, 95% CI 0.61 to 1.00) and a third RCT using a lower dose of zinc found less effect (160 people; RR 0.96, 95% CI 0.91 to 1.02). **Heterogeneity:** The review reports that heterogeneity was caused in large part by the study with the large treatment effect. In addition, two RCTs only included people with symptoms for <24 hours, whereas the other RCT only included people with symptoms for 24–48 hours). The review also identified 10 case reports of permanent anosmia (see below).[28]

[28] **Harms with intranasal zinc** One report identified a series of 10 case reports of permanent anosmia (loss of smell) associated with intranasal zinc gluconate. [28] The 10 people (aged 31–55 years) had immediate severe burning of the nose followed by severe hyposmia with parosmia or anosmia. The people had previously reported normal taste and smell and had no other causative history to account for the loss.",1745,286,19,0.10992252826690674,0.18957512080669403,0.8895110487937927,0.45486170053482056,2026-05-08T19:40:26.797746+00:00,1.12.0,dpt-2-20260410
Common_cold_clinincal_evidence.pdf,1432acbb-bc4d-4ee1-ab95-cae8288b922f,186,text,"Comment:
We found one further systematic review, which examined the effects of zinc lozenges, nasal sprays, or gels versus placebo. [26] It did not report numerical results or statistical analysis. It included 14 RCTs, which were evaluated against 11 previously determined quality criteria (including validated case definition, double blinding, sample size calculation, etc.). In total, 4 RCTs fulfilled all the 11 quality criteria. Of these, one RCT found a positive effect with zinc nasal gel, while three RCTs found no effect with zinc lozenges or nasal spray. It concluded that the therapeutic effects of zinc lozenges have yet to be demonstrated.
The Cochrane review comparing zinc lozenges versus placebo has been withdrawn as it is awaiting update. [22]",760,118,19,0.11156651377677917,0.48854365944862366,0.8893367052078247,0.6219141483306885,2026-05-08T19:40:26.797746+00:00,1.12.0,dpt-2-20260410
Common_cold_clinincal_evidence.pdf,770107d1-4ed1-4773-aa9f-f344b1df8724,187,text,"OPTION VITAMIN C

*   For GRADE evaluation of interventions for Common cold, see table, p 26.
*   Vitamin C seems unlikely to reduce the duration or severity of cold symptoms compared with placebo.",197,33,19,0.11203479766845703,0.628706157207489,0.8866714239120483,0.6972526907920837,2026-05-08T19:40:26.797746+00:00,1.12.0,dpt-2-20260410
Common_cold_clinincal_evidence.pdf,3df30438-1240-4a0f-94a0-75053979c58b,188,text,"**Benefits and harms**
**Vitamin C versus placebo:**
We found one systematic review (search date 2006). [32] The review included RCTs of cold prophylaxis and treatment.
We have only included data on treatment. The review included any RCTs using vitamin C (200 mg or more daily)
compared with placebo in people with the common cold.",331,54,19,0.1121421754360199,0.707417368888855,0.8875210285186768,0.7875531911849976,2026-05-08T19:40:26.797746+00:00,1.12.0,dpt-2-20260410
Common_cold_clinincal_evidence.pdf,2193ca39-af94-4147-8bf6-567d8014b1cd,189,text,"Symptom severity
---
Compared with _placebo_ Vitamin C may be no more effective at reducing symptom severity or mean duration of symptoms (_low-quality evidence_).",163,24,19,0.11138108372688293,0.8070166110992432,0.8859541416168213,0.853705644607544,2026-05-08T19:40:26.797746+00:00,1.12.0,dpt-2-20260410
Common_cold_clinincal_evidence.pdf,3c717090-ac26-41bd-9db4-425adea26dc3,190,marginalia,© BMJ Publishing Group Ltd 2011. All rights reserved.,53,9,19,0.11311830580234528,0.9284986257553101,0.3641846179962158,0.9431427717208862,2026-05-08T19:40:26.797746+00:00,1.12.0,dpt-2-20260410
Common_cold_clinincal_evidence.pdf,b19caa40-b7e8-4d10-a3ff-fb31065d0179,191,marginalia,20,2,1,19,0.860007107257843,0.9260348677635193,0.8875716328620911,0.9423295855522156,2026-05-08T19:40:26.797746+00:00,1.12.0,dpt-2-20260410
Common_cold_clinincal_evidence.pdf,777c5d2d-4909-4ea5-bc9d-493022645c0c,192,text,Respiratory disorders (acute),29,3,19,0.8945083618164062,0.03200332820415497,0.9377485513687134,0.3386281728744507,2026-05-08T19:40:26.797746+00:00,1.12.0,dpt-2-20260410
Common_cold_clinincal_evidence.pdf,d7043c62-b4f9-424a-a0b3-aefd71184efb,193,table,"Common cold
<table id=""20-1"">
<tr><td id=""20-2"">Ref (type)</td><td id=""20-3"">Population</td><td id=""20-4"">Outcome, Interventions</td><td id=""20-5"">Results and statistical analysis</td><td id=""20-6"">Effect size</td><td id=""20-7"">Favours</td></tr>
<tr><td id=""20-8"" colspan=""6"">Symptom severity</td></tr>
<tr><td id=""20-9"">[32] Systematic review</td><td id=""20-a"">2753 cold episodes in adults 4 RCTs in this analysis The review included data from 8 different trial arms</td><td id=""20-b"">Symptom severity (measured by mean days indoors or off work or by mean symptom severity score) with vitamin C (commenced after cold symptoms had begun) with placebo Absolute results reported graphically The RCTs included in the analysis used a variety of therapeutic protocols (see further information on studies for full details)</td><td id=""20-c"">SMD -0.07 95% CI -0.16 to +0.02</td><td id=""20-d"">(horizontal double arrow)</td><td id=""20-e"">Not significant</td></tr>
<tr><td id=""20-f"" colspan=""6"">Symptom duration</td></tr>
<tr><td id=""20-g"">[32] Systematic review</td><td id=""20-h"">3294 cold episodes in adults 7 RCTs in this analysis The review included data from 11 different trial arms</td><td id=""20-i"">Mean duration of symptoms per episode with vitamin C (commenced after cold symptoms had begun) with placebo Absolute results reported graphically The RCTs included in the analysis used a variety of therapeutic protocols (see further information on studies for full details)</td><td id=""20-j"">WMD -2.54 days 95% CI -10.09 days to +5.02 days</td><td id=""20-k"">(horizontal double arrow)</td><td id=""20-l"">Not significant</td></tr>
</table>",1632,191,20,0.11000755429267883,0.03161339461803436,0.8900038003921509,0.48475146293640137,2026-05-08T19:40:26.797746+00:00,1.12.0,dpt-2-20260410
Common_cold_clinincal_evidence.pdf,1b8eade8-6b70-4e31-9f8f-a433ac1a9935,194,text,"Complications

---",18,2,20,0.11470097303390503,0.49345019459724426,0.8907875418663025,0.5189424753189087,2026-05-08T19:40:26.797746+00:00,1.12.0,dpt-2-20260410
Common_cold_clinincal_evidence.pdf,8075a23e-e900-4b8e-82b8-facdc87af637,195,text,No data from the following reference on this outcome. [32],58,10,20,0.11221276223659515,0.5474925637245178,0.5022551417350769,0.5680696368217468,2026-05-08T19:40:26.797746+00:00,1.12.0,dpt-2-20260410
Common_cold_clinincal_evidence.pdf,38629550-f930-4466-9351-13913d3d8b81,196,table,"Adverse effects
<table id=""20-m"">
<tr><td id=""20-n"">Ref(type)</td><td id=""20-o"">Population</td><td id=""20-p"">Outcome, Interventions</td><td id=""20-q"">Results and statisticalanalysis</td><td id=""20-r"">Effectsize</td><td id=""20-s"">Favours</td></tr>
<tr><td id=""20-t"" colspan=""6"">Adverse effects</td></tr>
<tr><td id=""20-u"">32Systematicreview</td><td id=""20-v"">People with common cold</td><td id=""20-w"">Adverse effectswith vitamin C (commenced aftercold symptoms had begun)with placeboThe review did not report on adverse effects for RCTs using vitamin C as treatment, but did include data from RCTs using vitamin C as prophylaxis (see furtherinformation on studies for full details)</td><td id=""20-x""></td><td id=""20-y""></td><td id=""20-z""></td></tr>
</table>",756,70,20,0.1095505952835083,0.5872876644134521,0.8885922431945801,0.8413816690444946,2026-05-08T19:40:26.797746+00:00,1.12.0,dpt-2-20260410
Common_cold_clinincal_evidence.pdf,4792b2bf-fe0c-4d32-ab63-030c9bae6d34,197,marginalia,© BMJ Publishing Group Ltd 2011. All rights reserved.,53,9,20,0.11255788803100586,0.9285757541656494,0.36471569538116455,0.9428002834320068,2026-05-08T19:40:26.797746+00:00,1.12.0,dpt-2-20260410
Common_cold_clinincal_evidence.pdf,23434d81-61da-422a-978d-2a6e7343e2d4,198,marginalia,21,2,1,20,0.85984867811203,0.9262288808822632,0.8862496018409729,0.9425405263900757,2026-05-08T19:40:26.797746+00:00,1.12.0,dpt-2-20260410
Common_cold_clinincal_evidence.pdf,30da92bf-e6b9-4504-bf3f-5f1b310ee9b4,199,text,Respiratory disorders (acute),29,3,20,0.8945292234420776,0.031489402055740356,0.937455415725708,0.3385746479034424,2026-05-08T19:40:26.797746+00:00,1.12.0,dpt-2-20260410
Common_cold_clinincal_evidence.pdf,11192821-f240-4fdf-a186-b61550c680e8,200,text,Common cold,11,2,21,0.6760158538818359,0.0323018878698349,0.8872604370117188,0.06064329296350479,2026-05-08T19:40:26.797746+00:00,1.12.0,dpt-2-20260410
Common_cold_clinincal_evidence.pdf,8bb45b82-28e9-4905-bcdd-2dded712933d,201,text,"Further information on studies
[32]
The RCTs included in the analysis used a variety of therapeutic protocols, ranging from a single dose at the onset of cold symptoms to continued treatment for 4 days using differing regimens. The review noted that RCTs in which vitamin C was used as treatment in doses up to 4 g daily did not demonstrate any benefit, but one large RCT reported an ""equivocal"" benefit from the use of a very high 8-g therapeutic dose at the onset of symptoms. However, there were methodological issues in this large RCT in that one of the two placebo groups had substantial baseline differences with the vitamin C groups, and that comparisons were restricted to the placebo group that had similar baseline data to the other vitamin C arms. **Adverse effects** Seven RCTs included in the review provided data on adverse effects. In these RCTs, 2490 people took >1 g daily of vitamin C during prophylaxis compared with 2066 people taking placebo. The review stated that no serious symptoms were reported. It found that 5.8% of people taking vitamin C reported symptoms that they attributed to the medication, compared with 6.0% taking placebo (no further details reported).",1190,199,21,0.10954788327217102,0.06926126033067703,0.8908872604370117,0.2460383176803589,2026-05-08T19:40:26.797746+00:00,1.12.0,dpt-2-20260410
Common_cold_clinincal_evidence.pdf,c63f16f4-1ae8-4e7f-a53b-886407a133ad,202,text,Comment: None.,14,2,21,0.11263088136911392,0.28129270672798157,0.2796228528022766,0.3001675307750702,2026-05-08T19:40:26.797746+00:00,1.12.0,dpt-2-20260410
Common_cold_clinincal_evidence.pdf,0656950f-6365-4ad9-81c5-d5f70785811b,203,text,"OPTION ANTIBIOTICS

* For GRADE evaluation of interventions for Common cold, see table, p 26.
* Antibiotics don't reduce symptoms overall, and can cause adverse effects and increase antibiotic resistance.
* Antibiotics may improve symptoms after 5 days compared with placebo in people with nasopharyngeal culture-positive Haemophilus influenzae, Moraxella catarrhalis, or Streptococcus pneumoniae, but it is difficult to identify which people may have these infections.",469,65,21,0.1105237603187561,0.3065299391746521,0.8881966471672058,0.4188312888145447,2026-05-08T19:40:26.797746+00:00,1.12.0,dpt-2-20260410
Common_cold_clinincal_evidence.pdf,031cad3e-dc77-4313-b92e-5b3bb6816247,204,text,"Benefits and harms

Antibiotics versus placebo:
We found three systematic reviews (search dates 2005, 6 RCTs; [33] not reported, 12 RCTs; [34] and 2005, 6 RCTs
[35]). The systematic reviews identified several RCTs in common. The second review included 4 RCTs identified by
the first review and 8 RCTs excluded from the first review owing to poor methods. [34] The third review identified 5
RCTs that were also included in one or both of the earlier reviews. [35]",462,78,21,0.11083865165710449,0.43026700615882874,0.8894661664962769,0.5225811004638672,2026-05-08T19:40:26.797746+00:00,1.12.0,dpt-2-20260410
Common_cold_clinincal_evidence.pdf,0f367daf-6e6b-46a4-90da-ae2f6d1c96b6,205,text,"## Symptom severity

*Compared with placebo* Antibiotics may be no more effective at increasing cure rate or general improvement at 5 to 7 days in people with colds. Antibiotics may be more effective at increasing the proportion of people with clearance of purulent rhinitis at 5 to 8 days in people with acute purulent rhinitis associated with an upper respiratory tract infection (low-quality evidence).",405,64,21,0.11088445782661438,0.5424160361289978,0.8897407054901123,0.6135603785514832,2026-05-08T19:40:26.797746+00:00,1.12.0,dpt-2-20260410
Common_cold_clinincal_evidence.pdf,23529821-5fa3-4ea1-a3c8-b511929c0bed,206,table,"<table id=""21-1"">
<tr><td id=""21-2"">Ref
(type)</td><td id=""21-3"">Population</td><td id=""21-4"">Outcome, Interventions</td><td id=""21-5"">Results and statistical
analysis</td><td id=""21-6"">Effect
size</td><td id=""21-7"">Favours</td></tr>
<tr><td id=""21-8"" colspan=""6"">Improvement or cure</td></tr>
<tr><td id=""21-9"" rowspan=""3"">[33]

Systematic
review</td><td id=""21-a"">1147 people</td><td id=""21-b"" rowspan=""2"">General improvement or cure
, 7 days
168/664 (25%) with antibiotics</td><td id=""21-c"">RR 0.89</td><td id=""21-d"" rowspan=""3"">Double-headed arrow symbol.</td><td id=""21-e""></td></tr>
<tr><td id=""21-f"">6 RCTs in this
analysis</td><td id=""21-g"">95% CI 0.77 to 1.04</td><td id=""21-h"">Not significant</td></tr>
<tr><td id=""21-i""></td><td id=""21-j"">170/483 (35%) with placebo</td><td id=""21-k""></td><td id=""21-l""></td></tr>
<tr><td id=""21-m"" rowspan=""5"">[34]

Systematic
review</td><td id=""21-n"" rowspan=""5"">1482 children with
naturally acquired
colds who had
symptoms in the
previous 2 weeks
6 RCTs in this
analysis
Of the 12 RCTs
identified by the re-
view, only 6 had
adequate data for
analysis</td><td id=""21-o"" rowspan=""2"">Proportion of children with worse or unchanged clinical outcome , 6 to 14 days</td><td id=""21-p"">RR 1.01</td><td id=""21-q"" rowspan=""5"">Double-headed arrow (visual)</td><td id=""21-r""></td></tr>
<tr><td id=""21-s"">95% CI 0.90 to 1.13</td><td id=""21-t""></td></tr>
<tr><td id=""21-u"">309/835 (37%) with antibiotics</td><td id=""21-v"" rowspan=""2"">The RR reported by the review
for this outcome does not match
the absolute results reported (see
further information on studies for
full details)</td><td id=""21-w""></td></tr>
<tr><td id=""21-x"">280/647 (43%) with placebo</td><td id=""21-y"" rowspan=""2"">Not significant</td></tr>
<tr><td id=""21-z""></td><td id=""21-A""></td></tr>
</table>",1800,180,21,0.11092349886894226,0.6142610907554626,0.8901196718215942,0.9003898501396179,2026-05-08T19:40:26.797746+00:00,1.12.0,dpt-2-20260410
Common_cold_clinincal_evidence.pdf,fa87fc67-67d8-46fe-ad5e-e363bf6e6eda,207,marginalia,© BMJ Publishing Group Ltd 2011. All rights reserved.,53,9,21,0.1124582588672638,0.9283195734024048,0.3648494780063629,0.9431467056274414,2026-05-08T19:40:26.797746+00:00,1.12.0,dpt-2-20260410
Common_cold_clinincal_evidence.pdf,9f37f507-4a8a-452a-a825-11e375379ced,208,marginalia,22,2,1,21,0.8598100543022156,0.9262362122535706,0.8880930542945862,0.9424064755439758,2026-05-08T19:40:26.797746+00:00,1.12.0,dpt-2-20260410
Common_cold_clinincal_evidence.pdf,324b86cc-f882-4490-bb01-83cfccaf4c99,209,text,Respiratory disorders (acute),29,3,21,0.8940752148628235,0.03131449222564697,0.9384296536445618,0.33888447284698486,2026-05-08T19:40:26.797746+00:00,1.12.0,dpt-2-20260410
Common_cold_clinincal_evidence.pdf,4c72a963-e681-40b4-96dc-7e76b247b92e,210,text,Common cold,11,2,22,0.6760234832763672,0.03205784410238266,0.8872569799423218,0.06041046231985092,2026-05-08T19:40:26.797746+00:00,1.12.0,dpt-2-20260410
Common_cold_clinincal_evidence.pdf,0335d652-176f-4999-90fd-c857ebc05802,211,table,"<table id=""22-1"">
<tr><td id=""22-2"">Ref (type)</td><td id=""22-3"">Population</td><td id=""22-4"">Outcome, Interventions</td><td id=""22-5"">Results and statistical analysis</td><td id=""22-6"">Effect size</td><td id=""22-7"">Favours</td></tr>
<tr><td id=""22-8"">[36]
RCT</td><td id=""22-9"">314 adults with naturally acquired colds for 1 to 30 days; &lt;7 days in 85% of people
In review [33]
Full trial evaluated</td><td id=""22-a"">Cure rates , 5 days
with amoxicillin–clavulanic acid (co-amoxiclav) 375 mg three times daily
with placebo</td><td id=""22-b"">Reported as not significant
P value not reported</td><td id=""22-c"">(horizontal double arrow)</td><td id=""22-d"">Not significant</td></tr>
<tr><td id=""22-e"">[36]
RCT</td><td id=""22-f"">61 people (20%) found to have posi- tive nasopharyn- geal cultures for H influenzae, M catarrhalis, or S pneumoniae
In review [33]
Subgroup analysis</td><td id=""22-g"">Cure rates , 5 days
27% with amoxicillin–clavulanic acid (co-amoxiclav) 375 mg, three times daily
4% with placebo</td><td id=""22-h"">P = 0.001
See comment in further informa- tion on studies</td><td id=""22-i"">(three empty circles)</td><td id=""22-j"">co-amoxiclav</td></tr>
<tr><td id=""22-k"">[35]
Systematic review</td><td id=""22-l"">618 people with acute purulent rhinitis associated with an upper respi- ratory tract infec- tion
4 RCTs in this analysis
One RCT was ex- cluded from the analysis as the an- tibiotic was topical and the placebo was a locally active agent
A second RCT was excluded as it was not clear whether the rhinitis was pu- rulent or clear</td><td id=""22-m"">Proportion of people with clearance of purulent rhinitis ,
5 to 8 days
254/355 (72%) with antibiotics
154/263 (59%) with placebo</td><td id=""22-n"">RR 1.18
95% CI 1.05 to 1.33</td><td id=""22-o"">(filled circle, two empty circles)</td><td id=""22-p"">antibiotics</td></tr>
</table>",1845,229,22,0.11088636517524719,0.06510406732559204,0.8888425827026367,0.5784204602241516,2026-05-08T19:40:26.797746+00:00,1.12.0,dpt-2-20260410
Common_cold_clinincal_evidence.pdf,1a5d33ca-56e9-4f91-b89d-196b89ef2aac,212,text,Complications,13,1,22,0.11251430213451385,0.5892160534858704,0.22789494693279266,0.6071048378944397,2026-05-08T19:40:26.797746+00:00,1.12.0,dpt-2-20260410
Common_cold_clinincal_evidence.pdf,ebe29ad2-b7b6-4fae-b0de-328fd990c902,213,text,No data from the following reference on this outcome. [33] [34] [35],68,12,22,0.11239734292030334,0.641077995300293,0.5599077939987183,0.6614077091217041,2026-05-08T19:40:26.797746+00:00,1.12.0,dpt-2-20260410
Common_cold_clinincal_evidence.pdf,931aaae0-230d-47d7-8359-d2e007cccdb5,214,text,## Adverse effects,18,3,22,0.11258207261562347,0.681587815284729,0.2354489117860794,0.699354887008667,2026-05-08T19:40:26.797746+00:00,1.12.0,dpt-2-20260410
Common_cold_clinincal_evidence.pdf,57009f89-9296-4bba-b917-25dec15ee132,215,table,"<table id=""22-q"">
<tr><td id=""22-r"">Ref
(type)</td><td id=""22-s"">Population</td><td id=""22-t"">Outcome, Interventions</td><td id=""22-u"">Results and statistical
analysis</td><td id=""22-v"">Effect
size</td><td id=""22-w"">Favours</td></tr>
<tr><td id=""22-x"" colspan=""6"">Adverse effects</td></tr>
<tr><td id=""22-y"">[33] [34]
Systematic
review</td><td id=""22-z"">At least 1482 peo-
ple
4 RCTs in this
analysis</td><td id=""22-A"">Adverse effects
with antibiotics
with placebo
Both reviews found that adverse
effects such as nausea, vomiting,
headache, rash, or vaginitis oc-
curred more often with antibiotics
than with placebo</td><td id=""22-B""></td><td id=""22-C""></td><td id=""22-D""></td></tr>
</table>",692,67,22,0.110850989818573,0.7206732034683228,0.8891008496284485,0.9027684926986694,2026-05-08T19:40:26.797746+00:00,1.12.0,dpt-2-20260410
Common_cold_clinincal_evidence.pdf,4a07e2ab-6664-409c-b098-c27df428cf42,216,marginalia,© BMJ Publishing Group Ltd 2011. All rights reserved.,53,9,22,0.11270500719547272,0.9284372329711914,0.3642711639404297,0.9428306818008423,2026-05-08T19:40:26.797746+00:00,1.12.0,dpt-2-20260410
Common_cold_clinincal_evidence.pdf,60349f1e-7361-4b2d-a628-70e4bb6d51a7,217,marginalia,23,2,1,22,0.8606604933738708,0.9262818098068237,0.8876087069511414,0.9423432350158691,2026-05-08T19:40:26.797746+00:00,1.12.0,dpt-2-20260410
Common_cold_clinincal_evidence.pdf,9f48fabf-86f6-4cf8-aa7a-1c6a11aa8693,218,text,Respiratory disorders (acute),29,3,22,0.8947317600250244,0.031598255038261414,0.937260627746582,0.33854222297668457,2026-05-08T19:40:26.797746+00:00,1.12.0,dpt-2-20260410
Common_cold_clinincal_evidence.pdf,439a91a5-51a0-462c-8e67-7c14122304a4,219,text,Common cold,11,2,23,0.6758566498756409,0.03205861151218414,0.8872317671775818,0.06049840897321701,2026-05-08T19:40:26.797746+00:00,1.12.0,dpt-2-20260410
Common_cold_clinincal_evidence.pdf,1fe0aab6-6955-4a10-98b3-adb3028192e6,220,table,"<table id=""23-1"">
<tr><td id=""23-2"">Ref (type)</td><td id=""23-3"">Population</td><td id=""23-4"">Outcome, Interventions</td><td id=""23-5"">Results and statistical analysis</td><td id=""23-6"">Effect size</td><td id=""23-7"">Favours</td></tr>
<tr><td id=""23-8"" rowspan=""3"">[35]
Systematic
review</td><td id=""23-9"" rowspan=""3"">618 people with
acute purulent
rhinitis associated
with an upper respi-
ratory tract infec-
tion

4 RCTs in this
analysis

One RCT was ex-
cluded from the
analysis as the an-
tibiotic was topical
and the placebo
was a locally active
agent

A second RCT was
excluded as it was
not clear whether
the rhinitis was pu-
rulent or clear</td><td id=""23-a"" rowspan=""3"">Proportion of people with ad-
verse effects
with antibiotics
with placebo
Absolute results not reported
Reported adverse effects were
mainly gastrointestinal, along with
a small number of rashes</td><td id=""23-b"">RR 1.46</td><td id=""23-c"" rowspan=""2""></td><td id=""23-d""></td></tr>
<tr><td id=""23-e"">95% CI 1.10 to 1.94</td><td id=""23-f""></td></tr>
<tr><td id=""23-g""></td><td id=""23-h"">three circles, one filled</td><td id=""23-i"">placebo</td></tr>
</table>",1133,130,23,0.11164379119873047,0.0657646656036377,0.8879705667495728,0.35528847575187683,2026-05-08T19:40:26.797746+00:00,1.12.0,dpt-2-20260410
Common_cold_clinincal_evidence.pdf,e4b642a1-3649-433c-8e5f-24e733400e93,221,text,"Further information on studies

[33] The relative risk (RR 1.01, 95% CI 0.90 to 1.13) surrounding clinical outcome reported by the second review does not match the absolute results reported; we have quoted it directly from the paper.

[35] If people infected with H influenzae, M catarrhalis, or S pneumoniae could be identified at first consultation, then treating 4 of these people with antibiotic rather than placebo would result in an average of one more recovery at 5 days (NNT 4, CI not reported). However, there is currently no means of easily identifying people with these infections at first consultation.",614,100,23,0.10860976576805115,0.4082397520542145,0.892805814743042,0.5289751291275024,2026-05-08T19:40:26.797746+00:00,1.12.0,dpt-2-20260410
Common_cold_clinincal_evidence.pdf,7325c246-3f48-4f6a-8e74-6e629455cd5b,222,text,"Comment:
We found no evidence of the size of the risk of antibiotic resistance or pseudomembranous colitis.

Clinical guide:
Because most common colds are viral, the potential benefit from antibiotics is limited. Until rapid identification of those people likely to benefit is possible, the modest effects seen in trials must be weighed against the adverse effects of antibiotics, costs, and potential for inducing antibiotic resistance.",437,65,23,0.11077407002449036,0.5612272024154663,0.8916522264480591,0.6568270921707153,2026-05-08T19:40:26.797746+00:00,1.12.0,dpt-2-20260410
Common_cold_clinincal_evidence.pdf,db20b436-aaa2-42ac-bfb4-7d0e6b2b9de8,223,text,"GLOSSARY

**Low-quality evidence** Further research is very likely to have an important impact on our confidence in the estimate of effect and is likely to change the estimate.

**Very low-quality evidence** Any estimate of effect is very uncertain.",249,38,23,0.10964557528495789,0.6634510159492493,0.8899627923965454,0.731945812702179,2026-05-08T19:40:26.797746+00:00,1.12.0,dpt-2-20260410
Common_cold_clinincal_evidence.pdf,8f429597-fc0d-4241-8ba6-900b6a082094,224,text,"## SUBSTANTIVE CHANGES

**Analgesic or anti-inflammatory drugs** One systematic review added. [16] Categorisation unchanged (Unknown effectiveness) as there remains insufficient data to assess this intervention.

**Decongestants for long-term relief** One RCT added. [15] Categorisation of decongestants for long-term relief unchanged (Unknown effectiveness).

**Decongestants for short-term relief** One systematic review [11] and one RCT added. [12] Categorisation of decongestants for short-term relief unchanged (Likely to be beneficial).

**Decongestants plus antihistamines** One systematic review added. [8] Categorisation unchanged (Unknown effectiveness) as there remains insufficient data to assess this intervention.

**Echinacea** One already reported systematic review updated [17] and one further systematic review added. [18] Categorisation unchanged (Unknown effectiveness) as there remains insufficient data to assess this intervention.",953,115,23,0.1097249686717987,0.7422248721122742,0.890652060508728,0.9184314608573914,2026-05-08T19:40:26.797746+00:00,1.12.0,dpt-2-20260410
Common_cold_clinincal_evidence.pdf,6eecb993-62b9-4b02-980a-e34e5a31080d,225,text,© BMJ Publishing Group Ltd 2011. All rights reserved.,53,9,23,0.11267879605293274,0.9281900525093079,0.36518099904060364,0.9428887963294983,2026-05-08T19:40:26.797746+00:00,1.12.0,dpt-2-20260410
Common_cold_clinincal_evidence.pdf,b69dc485-0217-41ef-9be2-9992dcc7a9d3,226,marginalia,24,2,1,23,0.8583071827888489,0.9267826676368713,0.8896198868751526,0.942544162273407,2026-05-08T19:40:26.797746+00:00,1.12.0,dpt-2-20260410
Common_cold_clinincal_evidence.pdf,daee614b-2fba-4452-9480-b7eea06cef42,227,text,Respiratory disorders (acute),29,3,23,0.8942219614982605,0.03140443563461304,0.9380763173103333,0.3389583230018616,2026-05-08T19:40:26.797746+00:00,1.12.0,dpt-2-20260410
Common_cold_clinincal_evidence.pdf,a72a7903-d1be-40a4-8113-a0d9f9504882,228,text,Common cold,11,2,24,0.6762949228286743,0.032533496618270874,0.8862813711166382,0.0603271946310997,2026-05-08T19:40:26.797746+00:00,1.12.0,dpt-2-20260410
Common_cold_clinincal_evidence.pdf,826d2697-7c34-4948-bb7d-2e7f438d36c2,229,text,"Vitamin C One already reported systematic review updated. [32] Categorisation unchanged (Unlikely to be beneficial).
Zinc Two systematic reviews, [26] [28] one subsequent RCT, [25] and one report on harms [28] added. Categorisation
unchanged (Unknown effectiveness) as there remains insufficient data to assess this intervention.",329,45,24,0.11198842525482178,0.06666145473718643,0.8883817195892334,0.11788690835237503,2026-05-08T19:40:26.797746+00:00,1.12.0,dpt-2-20260410
Common_cold_clinincal_evidence.pdf,20cfa6c3-648e-46c8-ae3e-21f85f33d3c2,230,text,"# REFERENCES
1. Lauber B. The common cold. J Gen Intern Med 1996;11:229-236.[PubMed]
2. Ball TM, Holberg CJ, Martinez FD, et al. Is there a common cold constitution? Ambul Pediatr 2002;2:261-267.
3. Fry J, Sandler G. Common diseases. Their nature, prevalence and care. Dordrecht, The Netherlands: Kluwer Academic, 1993.
4. Tupasi TE, de Leon LE, Lupisan S, et al. Patterns of acute respiratory tract infection in children: a longitudinal study in a depressed community in Metro Manila. Rev Infect Dis 1990;12:S940-S949.[PubMed]
5. Cruz JR, Pareja G, de Fernandez A, et al. Epidemiology of acute respiratory tract infections among Guatemalan ambulatory preschool children. Rev Infect Dis 1990;12:1029S-1034S.
6. Kvaerner KJ, Nafstad P, Jaakkola JJ. Upper respiratory morbidity in preschool children: a cross-sectional study. Arch Otolaryngol Head Neck Surg 2000;126:1201-1206. [PubMed]
7. D'Agostino RB Sr, Weintraub M, Russell HK, et al. The effectiveness of antihistamines in reducing the severity of runny nose and sneezing: a meta-analysis. Clin Pharmacol Ther 1998;64:579-596. Search date not reported. [PubMed]
8. De Sutter AIM, Lemiengre M, Campbell H, et al. Antihistamines for the common cold [withdrawn]. In: The Cochrane Library, Issue 4, 2009. Chichester, UK: John Wiley & Sons, Ltd. Search date 2003.
9. Yoder KE, Shaffer ML, La Tournous SJ, et al. Child assessment of dextromethorphan, diphenhydramine, and placebo for nocturnal cough due to upper respiratory infection. Clin Pediatr 2006;45:633-640. [PubMed]
10. US Food and Drug Administration. http://www.fda.gov/Drugs/DrugSafety/Post-marketDrugSafetyInformationforPatientsandProviders/ucm109364.htm (last accessed 3 February 2011).
11. Taverner D Latte J. Nasal decongestants for the common cold [withdrawn]. In: The Cochrane Library, Issue 4, 2009. Chichester, UK: John Wiley & Sons, Ltd. Search date 2006.[PubMed]
12. Eccles R, Eriksson M, Garreffa S, et al. The nasal decongestant effect of xylometazoline in the common cold. Am J Rhinol 2008;22:491-496. [PubMed]
13. Kernan WN, Viscoli CM, Brass LM, et al. Phenylpropanolamine and the risk of hemorrhagic stroke. N Engl J Med 2000;343:1826-1832. [PubMed]
14. Kollar C, Schneider H, Waksman J, et al. Meta-analysis of the efficacy of a single dose of phenylephrine 10 mg compared with placebo in adults with acute nasal congestion due to the common cold. Clin Ther 2007;29:1057-1070. [PubMed]
15. Latte J, Taverner D. Clinical trial of 3 days of treatment with oral pseudoephedrine for the common cold in the southern hemisphere. Am J Rhinol 2007;21:452-455.[PubMed]
16. Kim SY, Chang YJ, Cho HM, et al. Non-steroidal anti-inflammatory drugs for the common cold. In: The Cochrane Library, Issue 4, 2009. Chichester, UK: John Wiley & Sons, Ltd. Search date 2009. [PubMed]
17. Linde K, Fischer P, Melchart D, et al. Echinacea for preventing and treating the common cold. In: The Cochrane Library, Issue 4, 2009. Chichester, UK: John Wiley & Sons, Ltd. Search date 2007. [PubMed]",2996,447,24,0.11058157682418823,0.13013501465320587,0.4971906542778015,0.5739133358001709,2026-05-08T19:40:26.797746+00:00,1.12.0,dpt-2-20260410
Common_cold_clinincal_evidence.pdf,1adb0f98-73da-452b-937b-a7929ee2903a,231,text,"18. Shah SA, Sander S, White CM, et al. Evaluation of echinacea for the prevention and treatment of the common cold: a meta-analysis. Lancet Infect Dis 2007;7:473–480.[PubMed]
19. Mullins RJ. Echinacea associated anaphylaxis. Med J Aust 1998;168:170–171.[PubMed]
20. Mullins RJ, Heddle R. Adverse reactions associated with echinacea: the Australian experience. Ann Allergy Asthma Immunol 2002;88:42–51. [PubMed]
21. Singh M. Heated, humidified air for the common cold. In: The Cochrane Library, Issue 4, 2009. Chichester, UK: John Wiley & Sons, Ltd. Search date 2005.
22. Marshall I. Zinc for the common cold [withdrawn]. In: The Cochrane Library, Issue 4, 2009. Chichester, UK: John Wiley & Sons, Ltd. Search date 1997.
23. Jackson JL, Lesho E, Peterson C. Zinc and the common cold: a meta-analysis revisited. J Nutr 2000;130(suppl):1512S–1515S. Search date 1998.
24. Hulisz D. Efficacy of zinc against common cold viruses: an overview. J Am Pharm Assoc 2004;44:594–603. Search date 2003. [PubMed]
25. Kurugol Z, Bayram N, Atik T. Effect of zinc sulfate on common cold in children: randomized, double blind study. Pediatr Int 2007;49:842–847. [PubMed]
26. Caruso TJ, Prober CG, Gwaltney JM. Treatment of naturally acquired common colds with zinc: a structured review. Clin Infect Dis 2007;45:569–574. [PubMed]
27. Jafek BW, Linschoten MR, Murrow BW. Anosmia after intranasal zinc gluconate use. Am J Rhinol 2004;18:137–141.[PubMed]
28. D'Cruze H, Arroll B, Kenealy T. Is intranasal zinc effective for the common cold? A systematic review and meta-analysis. J Prim Health Care 2009;1:134–139.[PubMed]
29. Hirt M, Nobel S, Barron E. Zinc nasal gel for the treatment of common cold symptoms: a double-blind, placebo-controlled trial. Ear Nose Throat J 2000;79:778–782. [PubMed]
30. Mossad SB. Effect of zincum gluconicum nasal gel on the duration and symptom severity of the common cold in otherwise healthy adults. QJM 2003;96:35–43.[PubMed]
31. Belongia EA, Berg R, Liu K. A randomized trial of zinc nasal spray for the treatment of upper respiratory illness in adults. Am J Med 2001;111:103–108. [PubMed]
32. Douglas RM, Chalker EB, Treacy B. Vitamin C for preventing and treating the common cold. In: The Cochrane Library, Issue 4, 2009. Chichester, UK: John Wiley & Sons, Ltd. Search date 2006.
33. Arroll B, Kenealy T. Antibiotics for the common cold and acute purulent rhinitis. In: The Cochrane Library, Issue 4, 2009. Chichester, UK: John Wiley & Sons, Ltd. Search date 2005. [PubMed]
34. Fahey T, Stocks N, Thomas T. Systematic review of the treatment of upper respiratory tract infection. Arch Dis Child 1998;79:225–230. Search date not reported. [PubMed]
35. Arroll B, Kenealy T. Are antibiotics effective for acute purulent rhinitis? Systematic review and meta-analysis of placebo controlled randomised trials. BMJ 2007;333:279.[PubMed]
36. Kaiser L, Lew D, Hirschel B, et al. Effects of antibiotic treatment in the subset of common-cold patients who have bacteria in nasopharyngeal secretions. Lancet 1996;347:1507–1510.[PubMed]",3040,461,24,0.5024233460426331,0.14642488956451416,0.8898851275444031,0.5934904217720032,2026-05-08T19:40:26.797746+00:00,1.12.0,dpt-2-20260410
Common_cold_clinincal_evidence.pdf,9a08c2ae-91d6-4f94-a53e-656ba78786c1,232,text,"Department of General Practice and Primary Health Care

**Bruce Arroll**
Professor
Auckland
New Zealand",103,14,24,0.49499744176864624,0.6014823317527771,0.8875748515129089,0.66768878698349,2026-05-08T19:40:26.797746+00:00,1.12.0,dpt-2-20260410
Common_cold_clinincal_evidence.pdf,6fdfd205-4149-4deb-a6f0-ef9478a110d2,233,text,"Competing interests: BA is on the advisory board for the Pharmac educational seminars. Pharmac is the government-funded pharmaceutical purchasing agency in New Zealand.
BA is also on the primary-care committee of the Future Forum, an educational foundation funded by AstraZeneca (UK). BA is the lead author of two studies included in this review.",346,53,24,0.11309394240379333,0.6768428087234497,0.8864054679870605,0.6983728408813477,2026-05-08T19:40:26.797746+00:00,1.12.0,dpt-2-20260410
Common_cold_clinincal_evidence.pdf,fafdabaf-0061-474b-a546-ff1bb2043a3e,234,text,"Disclaimer
The information contained in this publication is intended for medical professionals. Categories presented in Clinical Evidence indicate a judgement about the strength of the evidence available to our contributors prior to publication and the relevant importance of benefit and harms. We rely on our contributors to confirm the accuracy of the information presented and to adhere to describe accepted practices. Readers should be aware that professionals in the field may have different opinions. Because of this and regular advances in medical research we strongly recommend that readers' independently verify specified treatments and drugs including manufacturers' guidance. Also, the categories do not indicate whether a particular treatment is generally appropriate or whether it is suitable for a particular individual. Ultimately it is the readers' responsibility to make their own professional judgements, so to appropriately advise and treat their patients. To the fullest extent permitted by law, BMJ Publishing Group Limited and its editors are not responsible for any losses, injury or damage caused to any person or property (including under contract, by negligence, products liability or otherwise) whether they be direct or indirect, special, incidental or consequential, resulting from the application of the information in this publication.",1366,197,24,0.11196473240852356,0.7058096528053284,0.888458251953125,0.8431784510612488,2026-05-08T19:40:26.797746+00:00,1.12.0,dpt-2-20260410
Common_cold_clinincal_evidence.pdf,0082295c-994a-4809-a7f6-e4b33df1c8a3,235,marginalia,© BMJ Publishing Group Ltd 2011. All rights reserved.,53,9,24,0.11305166780948639,0.9287440180778503,0.3641049265861511,0.9428383708000183,2026-05-08T19:40:26.797746+00:00,1.12.0,dpt-2-20260410
Common_cold_clinincal_evidence.pdf,bfb12397-e8c2-400e-8f94-6383a11d83ce,236,marginalia,25,2,1,24,0.8605536818504333,0.9262368679046631,0.887402355670929,0.9421995878219604,2026-05-08T19:40:26.797746+00:00,1.12.0,dpt-2-20260410
Common_cold_clinincal_evidence.pdf,70b08ae2-9017-4e14-a86d-fcde61581fa1,237,text,Respiratory disorders (acute),29,3,24,0.8957436084747314,0.03252524137496948,0.9361956119537354,0.3374128043651581,2026-05-08T19:40:26.797746+00:00,1.12.0,dpt-2-20260410
Common_cold_clinincal_evidence.pdf,486f36b8-c8f8-4c46-b7c5-e35346198d29,238,marginalia,Common cold,11,2,25,0.7708807587623596,0.046803735196590424,0.9194844365119934,0.08532483130693436,2026-05-08T19:40:26.797746+00:00,1.12.0,dpt-2-20260410
Common_cold_clinincal_evidence.pdf,6d4f73a2-4312-4308-be7e-8fbc50714390,239,text,GRADE Evaluation of interventions for Common cold.,50,7,25,0.08075907826423645,0.09703920781612396,0.7637817859649658,0.12898938357830048,2026-05-08T19:40:26.797746+00:00,1.12.0,dpt-2-20260410
Common_cold_clinincal_evidence.pdf,a0f24fe7-6eb6-4bde-9943-4c75371d55c7,240,table,"<table id=""25-1"">
<tr><td id=""25-2"" colspan=""3"">Important outcomes</td><td id=""25-3"" colspan=""7"">Complications, Symptom severity</td></tr>
<tr><td id=""25-4"">Studies (Participants)</td><td id=""25-5"">Outcome</td><td id=""25-6"">Comparison</td><td id=""25-7"">Type of
evidence</td><td id=""25-8"">Quality</td><td id=""25-9"">Consis-
tency</td><td id=""25-a"">Direct-
ness</td><td id=""25-b"">Effect
size</td><td id=""25-c"">GRADE</td><td id=""25-d"">Comment</td></tr>
<tr><td id=""25-e"" colspan=""10"">What are the effects of treatments for common cold?</td></tr>
<tr><td id=""25-f"">at least 10 (at least
3592) [7] [8] [9]</td><td id=""25-g"">Symptom severity</td><td id=""25-h"">Antihistamines versus
placebo</td><td id=""25-i"">4</td><td id=""25-j"">-1</td><td id=""25-k"">0</td><td id=""25-l"">-2</td><td id=""25-m"">0</td><td id=""25-n"">Very low</td><td id=""25-o"">Quality point deducted for incomplete reporting of re-
sults. Directness points deducted for inclusion of exper-
imentally induced colds and for unclear clinical impor-
tance of results</td></tr>
<tr><td id=""25-p"">7 (703) [11] [12]</td><td id=""25-q"">Symptom severity</td><td id=""25-r"">Decongestants for short-
term relief versus placebo</td><td id=""25-s"">4</td><td id=""25-t"">-1</td><td id=""25-u"">0</td><td id=""25-v"">-1</td><td id=""25-w"">0</td><td id=""25-x"">Low</td><td id=""25-y"">Quality point deducted for incomplete reporting of re-
sults. Directness point deducted for unclear clinical
importance of results</td></tr>
<tr><td id=""25-z"">at least 3 (at least 659) [11] [15]</td><td id=""25-A"">Symptom severity</td><td id=""25-B"">Decongestants for long- term relief versus placebo</td><td id=""25-C"">4</td><td id=""25-D"">-2</td><td id=""25-E"">0</td><td id=""25-F"">0</td><td id=""25-G"">0</td><td id=""25-H"">Low</td><td id=""25-I"">Quality points deducted for incomplete reporting of results and weak methods (randomisation not reported)</td></tr>
<tr><td id=""25-J"">3 (461) [8]</td><td id=""25-K"">Symptom severity</td><td id=""25-L"">Decongestants plus antihis- tamines versus placebo</td><td id=""25-M"">4</td><td id=""25-N"">-1</td><td id=""25-O"">0</td><td id=""25-P"">-1</td><td id=""25-Q"">0</td><td id=""25-R"">Low</td><td id=""25-S"">Quality point deducted for incomplete reporting of results. Directness point deducted for unclear clinical importance of results</td></tr>
<tr><td id=""25-T"">2 (254) [16]</td><td id=""25-U"">Symptom severity</td><td id=""25-V"">Analgesics or anti-inflam- matory drugs versus placebo</td><td id=""25-W"">4</td><td id=""25-X"">-1</td><td id=""25-Y"">0</td><td id=""25-Z"">-1</td><td id=""25-10"">0</td><td id=""25-11"">Low</td><td id=""25-12"">Quality point deducted for weak methods in 1 RCT. Directness point deducted for small number of analgesics assessed</td></tr>
<tr><td id=""25-13"">at least 10 (at least 1630) [17] [18]</td><td id=""25-14"">Symptom severity</td><td id=""25-15"">Echinacea versus placebo</td><td id=""25-16"">4</td><td id=""25-17"">-1</td><td id=""25-18"">0</td><td id=""25-19"">-2</td><td id=""25-1a"">0</td><td id=""25-1b"">Very low</td><td id=""25-1c"">Quality point deducted for incomplete recording of results. Directness points deducted for clinical heterogeneity between RCTs (including statistical heterogeneity in 1 analysis), significance of results depending on the analysis undertaken, and for the use of additional supplements in some RCTs</td></tr>
<tr><td id=""25-1d"">2 (146) [21]</td><td id=""25-1e"">Symptom severity</td><td id=""25-1f"">Steam inhalation versus sham inhalation</td><td id=""25-1g"">4</td><td id=""25-1h"">-3</td><td id=""25-1i"">0</td><td id=""25-1j"">0</td><td id=""25-1k"">0</td><td id=""25-1l"">Very low</td><td id=""25-1m"">Quality points deducted for sparse data, uncertainty about the validity of control, and unclear symptom score indices</td></tr>
<tr><td id=""25-1n"">10 (at least 1212)
[23] [24] [25]</td><td id=""25-1o"">Symptom severity</td><td id=""25-1p"">Zinc lozenges versus
placebo</td><td id=""25-1q"">4</td><td id=""25-1r"">-1</td><td id=""25-1s"">-1</td><td id=""25-1t"">0</td><td id=""25-1u"">0</td><td id=""25-1v"">Low</td><td id=""25-1w"">Quality point deducted for inclusion of people with ex- perimentally induced colds. Consistency point deducted for heterogeneity between RCTs</td></tr>
<tr><td id=""25-1x"">3 (451) [28]</td><td id=""25-1y"">Symptom severity</td><td id=""25-1z"">Intranasal zinc gel versus
placebo</td><td id=""25-1A"">4</td><td id=""25-1B"">0</td><td id=""25-1C"">0</td><td id=""25-1D"">-2</td><td id=""25-1E"">0</td><td id=""25-1F"">Low</td><td id=""25-1G"">Directness points deducted for wide range of doses used in RCTs, inclusions of slightly different population, and varying significance of results depending on anal- ysis undertaken</td></tr>
<tr><td id=""25-1H"">at least 7 (at least 3294
cold episodes) [32]</td><td id=""25-1I"">Symptom severity</td><td id=""25-1J"">Vitamin C versus placebo</td><td id=""25-1K"">4</td><td id=""25-1L"">-1</td><td id=""25-1M"">0</td><td id=""25-1N"">-1</td><td id=""25-1O"">0</td><td id=""25-1P"">Low</td><td id=""25-1Q"">Quality point deducted for analysis by cold episodes not people. Directness point deducted for wide range of treatment protocols in RCTs</td></tr>
<tr><td id=""25-1R"">at least 6 (at least
1482) [33] [34] [35]
[36]</td><td id=""25-1S"">Symptom severity</td><td id=""25-1T"">Antibiotics versus placebo</td><td id=""25-1U"">4</td><td id=""25-1V"">-1</td><td id=""25-1W"">0</td><td id=""25-1X"">-1</td><td id=""25-1Y"">0</td><td id=""25-1Z"">Low</td><td id=""25-20"">Quality point deducted for incomplete reporting of re- sults (and unclear in 1 review). Directness point deduct- ed for inclusion of people with additional bacterial infec- tion</td></tr>
</table>
We initially allocate 4 points to evidence from RCTs, and 2 points to evidence from observational studies. To attain the final GRADE score for a given comparison, points are deducted or added from this initial score based on preset criteria relating to the categories of quality, directness, consistency, and effect size. Quality: based on issues affecting methodological rigour (e.g., incomplete reporting of results, quasi- randomisation, sparse data [<200 people in the analysis]). Consistency: based on similarity of results across studies. Directness: based on generalisability of population or outcomes. Effect size: based on magnitude of effect as measured by statistics such as relative risk, odds ratio, or hazard ratio.",6259,614,25,0.08015584945678711,0.14792552590370178,0.9206072092056274,0.8851410150527954,2026-05-08T19:40:26.797746+00:00,1.12.0,dpt-2-20260410
Common_cold_clinincal_evidence.pdf,51a0b60c-ab2e-4fcc-84ca-a10af0792166,241,marginalia,© BMJ Publishing Group Ltd 2011. All rights reserved.,53,9,25,0.07899726182222366,0.8991312384605408,0.2560170888900757,0.9193463921546936,2026-05-08T19:40:26.797746+00:00,1.12.0,dpt-2-20260410
Common_cold_clinincal_evidence.pdf,60ffaa05-bd82-4af3-be5e-f7c65828c5cb,242,marginalia,26,2,1,25,0.9009028673171997,0.8951311111450195,0.9208834171295166,0.9183164834976196,2026-05-08T19:40:26.797746+00:00,1.12.0,dpt-2-20260410
Common_cold_clinincal_evidence.pdf,35edd1a1-3852-4473-b764-110d88f9781c,243,text,Respiratory disorders (acute),29,3,25,0.9261482357978821,0.044926464557647705,0.9558921456336975,0.47907179594039917,2026-05-08T19:40:26.797746+00:00,1.12.0,dpt-2-20260410
Common_cold_clinincal_evidence.pdf,dbb83233-fded-466f-87bc-6c19d8f6f15e,244,text,Common cold,11,2,26,0.7688745260238647,0.04200061410665512,0.9212311506271362,0.08971313387155533,2026-05-08T19:40:26.797746+00:00,1.12.0,dpt-2-20260410
Common_cold_clinincal_evidence.pdf,03556b3f-4875-4ecc-851b-baebbd7fd9fa,245,marginalia,27,2,1,26,0.9003814458847046,0.8946653604507446,0.9207988977432251,0.9191440343856812,2026-05-08T19:40:26.797746+00:00,1.12.0,dpt-2-20260410
Common_cold_clinincal_evidence.pdf,724fdc9c-8ce4-46a5-ac03-fa6416b2157d,246,marginalia,© BMJ Publishing Group Ltd 2011. All rights reserved.,53,9,26,0.07918398082256317,0.8981139659881592,0.256198525428772,0.9197494983673096,2026-05-08T19:40:26.797746+00:00,1.12.0,dpt-2-20260410
Common_cold_clinincal_evidence.pdf,0f098b0f-c664-4d5e-87b7-88f451e73c73,247,text,Respiratory disorders (acute),29,3,26,0.9233840107917786,0.04271449148654938,0.9575079083442688,0.47871148586273193,2026-05-08T19:40:26.797746+00:00,1.12.0,dpt-2-20260410
Evaluation_of_echinacea_for_the_prevention_and_treatment_of_the_common_cold.pdf,fab8831c-fe62-4f9f-94a2-8123656414d8,0,marginalia,Review,6,1,0,0.8502292037010193,0.044815320521593094,0.9201249480247498,0.06531768292188644,2026-05-08T19:40:26.797832+00:00,1.12.0,dpt-2-20260410
Evaluation_of_echinacea_for_the_prevention_and_treatment_of_the_common_cold.pdf,9f015e50-76bf-454a-a7b0-000d4a447a96,1,text,"Evaluation of echinacea for the prevention and treatment of
the common cold: a meta-analysis
Sachin A Shah, Stephen Sander, C Michael White, Mike Rinaldi, Craig I Coleman",170,27,0,0.05505141615867615,0.1461089849472046,0.8027149438858032,0.23036864399909973,2026-05-08T19:40:26.797832+00:00,1.12.0,dpt-2-20260410
Evaluation_of_echinacea_for_the_prevention_and_treatment_of_the_common_cold.pdf,03851221-f227-4ac5-8b2d-9dca231993a6,2,text,"Echinacea is one of the most commonly used herbal products, but controversy exists about its benefit in the prevention and treatment of the common cold. Thus, we did a meta-analysis evaluating the effect of echinacea on the incidence and duration of the common cold. 14 unique studies were included in the meta-analysis. Incidence of the common cold was reported as an odds ratio (OR) with 95% CI, and duration of the common cold was reported as the weighted mean difference (WMD) with 95% CI. Weighted averages and mean differences were calculated by a random-effects model (DerSimonian-Laird methodology). Heterogeneity was assessed by the Q statistic and review of L'Abbé plots, and publication bias was assessed through the Egger weighted regression statistic and visual inspection of funnel plots. Echinacea decreased the odds of developing the common cold by 58% (OR 0.42; 95% CI 0.25–0.71; Q statistic p<0.001) and the duration of a cold by 1.4 days (WMD -1.44, -2.24 to -0.64; p=0.01).
Similarly, significant reductions were maintained in subgroup analyses limited to Echinaguard/Echinacin use, concomitant supplement use, method of cold exposure, Jadad scores less than 3, or use of a fixed-effects model.
Published evidence supports echinacea's benefit in decreasing the incidence and duration of the common cold.",1323,205,0,0.055450618267059326,0.23879608511924744,0.8069477677345276,0.41046664118766785,2026-05-08T19:40:26.797832+00:00,1.12.0,dpt-2-20260410
Evaluation_of_echinacea_for_the_prevention_and_treatment_of_the_common_cold.pdf,15de1d0f-0fde-41ca-8993-76a7194401e9,3,text,"# Introduction
According to the National Institute of Allergy and
Infectious Diseases, the US population has 1 billion colds
annually. Adults have between two and four colds per
year, whereas children have between six and ten colds.¹
Although rhinovirus and coronavirus are the most
common viruses precipitating cold symptoms,
approximately 200 other viruses are also known to cause
the common cold. In the USA, about 40% of lost work
time and 30% of time lost from school are attributed to
symptoms caused by the common cold.² The common
cold is also associated with a large financial burden on
society, with about US$1.5 billion spent annually for
physicians' visits and another $2 billion spent on non-
prescription cough and cold treatments.³",746,120,0,0.05615156888961792,0.4175717830657959,0.4269859194755554,0.6274170875549316,2026-05-08T19:40:26.797832+00:00,1.12.0,dpt-2-20260410
Evaluation_of_echinacea_for_the_prevention_and_treatment_of_the_common_cold.pdf,7058d577-d3ee-40da-84f5-32ba2b74f6c5,4,text,"In 2002, approximately 20% of the adult US population used nutraceuticals (herbal products, functional foods, animal based supplements). Echinacea, a collection of nine related plant species indigenous to North America, was the most common nutraceutical used and was consumed by over 40.3% of these people.4,5 *Echinacea angustifolia*, *Echinacea pallida*, and *Echinacea purpurea* (figure 1) are the most common species recognised for their medicinal value.6 The mechanism of action underlying the proposed immunostimulatory effects of echinacea remains unclear. Some evidence suggests that upregulation of tumour necrosis factor-α mRNA, which is stimulated by agonistic activity of the cannabinoid receptor (CB2) by alkamides present in echinacea, has a role.7",762,106,0,0.05599755048751831,0.6272315382957458,0.42794495820999146,0.8201436400413513,2026-05-08T19:40:26.797832+00:00,1.12.0,dpt-2-20260410
Evaluation_of_echinacea_for_the_prevention_and_treatment_of_the_common_cold.pdf,acdc100c-25e7-47fb-91e1-83f6d1a53058,5,text,"The German Commission E, WHO, and the Canadian
Natural Health Products Directorate have advocated
echinacea use for the common cold. 8-12 However, there is
controversy about the efficacy of echinacea for the
prevention or treatment of the common cold with some
studies showing benefit and others showing a null effect.
Meta-analysis can be useful in situations such as this,
since it can show what the preponderance of evidence in
the published work suggests. A past systematic review by",487,78,0,0.056111663579940796,0.8197326064109802,0.4277541935443878,0.9465294480323792,2026-05-08T19:40:26.797832+00:00,1.12.0,dpt-2-20260410
Evaluation_of_echinacea_for_the_prevention_and_treatment_of_the_common_cold.pdf,abdd65c4-8f28-490b-abb7-7894b64c98a6,6,text,"Melchart and colleagues¹³ concluded that echinacea preparations from the aerial part of the plant were effective for the treatment of colds but the evidence for the prevention of a cold was lacking.¹³ It is important to note, however, that this review excluded studies using an experimental rhinovirus infection and echinacea preparations with supplements, and it did not include a more recent study by Turner and colleagues.¹⁴ We therefore did a meta-analysis evaluating the effect of echinacea on the incidence and duration of the common cold in randomised placebo-controlled studies.",586,89,0,0.435699999332428,0.4188193678855896,0.8061860203742981,0.5746301412582397,2026-05-08T19:40:26.797832+00:00,1.12.0,dpt-2-20260410
Evaluation_of_echinacea_for_the_prevention_and_treatment_of_the_common_cold.pdf,4faa4d14-27e5-4728-ab69-ab23332ec930,7,text,"## Methods
Search strategy and selection criteria
A literature search using the terms ""Echinacea"" and ""Purple coneflower"" (limited to human beings and clinical trials) was done by three independent reviewers (SAS, CMW, and CIC) using Medline (1966 to April,",257,39,0,0.43530091643333435,0.5829117298126221,0.8053678274154663,0.6715507507324219,2026-05-08T19:40:26.797832+00:00,1.12.0,dpt-2-20260410
Evaluation_of_echinacea_for_the_prevention_and_treatment_of_the_common_cold.pdf,4e61aab7-8ee7-43a2-87cf-f887f420b660,8,text,"Lancet Infect Dis 2007; 7:
473–80
University of Connecticut
School of Pharmacy, Storrs, CT,
USA (S A Shah PharmD,
S Sander PharmD,
C M White PharmD,
M Rinaldi PharmD,
C I Coleman PharmD);
University of Connecticut
Health Center Division of
Infectious Diseases,
Farmington, CT, USA
(M Rinaldi); and Division of
Drug Information, Hartford
Hospital, Hartford, CT, USA
(S A Shah, S Sander, C M White,
C I Coleman)",409,68,0,0.8091962337493896,0.24190713465213776,0.9542926549911499,0.4461641311645508,2026-05-08T19:40:26.797832+00:00,1.12.0,dpt-2-20260410
Evaluation_of_echinacea_for_the_prevention_and_treatment_of_the_common_cold.pdf,b29ac1b3-0960-42ea-b448-a742e9292039,9,text,"Correspondence to:
Dr Craig I Coleman,
University of Connecticut School
of Pharmacy, Hartford Hospital,
80 Seymour Street,
CB 309 Hartford, CT 06102, USA.
Tel +1 860 545 2096;
fax +1 860 545 2277;
ccolema@harthosp.org",217,34,0,0.8105709552764893,0.44740986824035645,0.9560192823410034,0.5498226284980774,2026-05-08T19:40:26.797832+00:00,1.12.0,dpt-2-20260410
Evaluation_of_echinacea_for_the_prevention_and_treatment_of_the_common_cold.pdf,172eaa98-311f-41b6-abfc-fb5b281cb46e,10,figure,"<::A close-up photograph of an Echinacea purpurea flower. The flower has vibrant purple petals, which are slightly drooping. The center of the flower is a dark, spiky cone with small yellow-orange pollen-like structures visible on some of the spikes. The background is a soft, out-of-focus green. Figure 1: Echinacea purpurea flower
: photo::>",343,53,0,0.4349803626537323,0.674536406993866,0.9557498693466187,0.9455172419548035,2026-05-08T19:40:26.797832+00:00,1.12.0,dpt-2-20260410
Evaluation_of_echinacea_for_the_prevention_and_treatment_of_the_common_cold.pdf,c6ad738f-fedd-426b-b6d6-d182c2793a6a,11,marginalia,http://infection.thelancet.com Vol 7 July 2007,46,5,0,0.05651957541704178,0.9640465974807739,0.28712981939315796,0.9802052974700928,2026-05-08T19:40:26.797832+00:00,1.12.0,dpt-2-20260410
Evaluation_of_echinacea_for_the_prevention_and_treatment_of_the_common_cold.pdf,8ed6bb39-2e69-4eab-9ef9-bd190e399680,12,marginalia,473,3,1,0,0.925392210483551,0.9663733839988708,0.9519053101539612,0.9793904423713684,2026-05-08T19:40:26.797832+00:00,1.12.0,dpt-2-20260410
Evaluation_of_echinacea_for_the_prevention_and_treatment_of_the_common_cold.pdf,82af5321-cb53-451b-9fa0-1f3574778646,13,text,Maxine Adcock/Science Photo Library,35,4,0,0.9543926119804382,0.8332487344741821,0.9675779938697815,0.9287793636322021,2026-05-08T19:40:26.797832+00:00,1.12.0,dpt-2-20260410
Evaluation_of_echinacea_for_the_prevention_and_treatment_of_the_common_cold.pdf,28d303ac-0db1-481b-bf37-aaf6643b2ae5,14,marginalia,Review,6,1,1,0.0816124677658081,0.045435916632413864,0.14968883991241455,0.06502439826726913,2026-05-08T19:40:26.797832+00:00,1.12.0,dpt-2-20260410
Evaluation_of_echinacea_for_the_prevention_and_treatment_of_the_common_cold.pdf,8cb86aaf-38fe-4876-b04a-e5928ab101fc,15,figure,"<::
738 citations identified and screened

665 citations excluded
142 not human studies
523 not clinical trials

73 abstracts retrieved for detailed evaluation

50 excluded: no usable endpoint reported

23 articles selected for detailed full-text review

9 articles excluded
8 no usable endpoint reported
1 not placebo-controlled

14 studies included
7 reported cold incidence
5 reported cold duration
2 reported cold incidence and duration
: flowchart::>
Figure 2: Study identification, inclusion, and exclusion",512,73,1,0.1945028007030487,0.1559104323387146,0.563468337059021,0.437017560005188,2026-05-08T19:40:26.797832+00:00,1.12.0,dpt-2-20260410
Evaluation_of_echinacea_for_the_prevention_and_treatment_of_the_common_cold.pdf,b9cf0556-a4f2-4290-8668-138b5fb905a9,16,text,"2006), CINAHL (Cumulative Index to Nursing and
Allied Health Literature; 1982 to April, 2005), Web of
Science (1994 to April, 2006), the Cochrane Database of
Systematic Reviews (October to December, 2005).
Hand searches of references in the echinacea
monograph of the Natural Medicines Comprehensive
Database and in relevant primary and review articles
were also done.",368,55,1,0.5719091296195984,0.15617763996124268,0.9465867877006531,0.2692550718784332,2026-05-08T19:40:26.797832+00:00,1.12.0,dpt-2-20260410
Evaluation_of_echinacea_for_the_prevention_and_treatment_of_the_common_cold.pdf,185a1559-1c40-465e-a9b9-09470b80adbe,17,text,Trials were included for analysis if they met the following inclusion criteria: randomised placebo-controlled trials evaluating echinacea-containing products in the prevention and/or treatment of the common cold with adequately reported data on either cold incidence or duration.,279,37,1,0.5720843076705933,0.2692597210407257,0.9465227127075195,0.35177507996559143,2026-05-08T19:40:26.797832+00:00,1.12.0,dpt-2-20260410
Evaluation_of_echinacea_for_the_prevention_and_treatment_of_the_common_cold.pdf,328fc432-453b-46f4-a276-4d5efc45c74b,18,text,"In cases where a study evaluated the effects of different echinacea species or formulations compared with placebo, when possible the data from the echinacea arms were pooled and compared with the placebo arm. 14,15 When data were reported separately for bacterial and viral infections, only the latter was extracted for inclusion in the analysis. 13,16",352,55,1,0.5715365409851074,0.35188359022140503,0.9464641809463501,0.4370443820953369,2026-05-08T19:40:26.797832+00:00,1.12.0,dpt-2-20260410
Evaluation_of_echinacea_for_the_prevention_and_treatment_of_the_common_cold.pdf,4c079c08-2aea-4999-a39e-5d74db8bcc0a,19,table,"<table id=""1-1"">
<tr><td id=""1-2""></td><td id=""1-3"">Patient population</td><td id=""1-4"">Echinacea species</td><td id=""1-5"">Use of Echinaguard or Echinacin</td><td id=""1-6"">Concomitant supplement</td><td id=""1-7"">Dose</td><td id=""1-8"">Virus exposure</td><td id=""1-9"">Duration</td><td id=""1-a"">Jadad score</td></tr>
<tr><td id=""1-b"">Turner et al (2005)14</td><td id=""1-c"">Healthy volunteers</td><td id=""1-d"">E angustifolia</td><td id=""1-e"">No</td><td id=""1-f"">No</td><td id=""1-g"">Three times a day equivalent to 900 mg/day</td><td id=""1-h"">Inoculation with rhinovirus 39</td><td id=""1-i"">7 days pre and 5 days post-inoculation</td><td id=""1-j"">4</td></tr>
<tr><td id=""1-k"">Cohen et al (2004)28</td><td id=""1-l"">Healthy volunteers, children</td><td id=""1-m"">E purpurea/ E angustifolia</td><td id=""1-n"">No</td><td id=""1-o"">Vitamin C, propolis</td><td id=""1-p"">5 mL twice a day for ages 1–3 years, 7.5 mL twice a day for ages 4–5 years. Increase to four times a day during episode flare only</td><td id=""1-q"">Natural</td><td id=""1-r"">12 weeks</td><td id=""1-s"">5</td></tr>
<tr><td id=""1-t"">Sperber et al (2004)22</td><td id=""1-u"">Healthy volunteers</td><td id=""1-v"">E purpurea</td><td id=""1-w"">Echinaguard</td><td id=""1-x"">No</td><td id=""1-y"">2.5 mL three times a day</td><td id=""1-z"">Inoculation with rhinovirus 39</td><td id=""1-A"">7 days pre and 5 days post-inoculation</td><td id=""1-B"">4</td></tr>
<tr><td id=""1-C"">Taylor et al (2003)32</td><td id=""1-D"">Active cold, children</td><td id=""1-E"">E purpurea</td><td id=""1-F"">No</td><td id=""1-G"">No</td><td id=""1-H"">3.75 mL twice a day for ages 2–5 years and 5 mL twice a day for ages 6–11 years</td><td id=""1-I"">Natural</td><td id=""1-J"">10 days</td><td id=""1-K"">5</td></tr>
<tr><td id=""1-L"">Barrett et al (2002)20</td><td id=""1-M"">Active cold</td><td id=""1-N"">E purpurea/ E angustifolia</td><td id=""1-O"">No</td><td id=""1-P"">Thyme, peppermint, citric acid</td><td id=""1-Q"">6 g on day 1 and 3 g on subsequent days</td><td id=""1-R"">Natural</td><td id=""1-S"">10 days</td><td id=""1-T"">5</td></tr>
<tr><td id=""1-U"">Schulten et al (2001) 23</td><td id=""1-V"">Healthy volunteers</td><td id=""1-W"">E purpurea</td><td id=""1-X"">Echinacin</td><td id=""1-Y"">No</td><td id=""1-Z"">5 mL twice a day</td><td id=""1-10"">Natural</td><td id=""1-11"">At first sign of cold for 10 days</td><td id=""1-12"">5</td></tr>
<tr><td id=""1-13"">Turner et al (2000)31</td><td id=""1-14"">Healthy volunteers</td><td id=""1-15"">Not specified</td><td id=""1-16"">No</td><td id=""1-17"">No</td><td id=""1-18"">300 mg three times a day</td><td id=""1-19"">Inoculation with rhinovirus 23</td><td id=""1-1a"">14 days pre and 5 days post-inoculation</td><td id=""1-1b"">1</td></tr>
<tr><td id=""1-1c"">Lindenmuth and Lindenmuth (2000)29</td><td id=""1-1d"">Active cold</td><td id=""1-1e"">E purpurea/ E angustifolia</td><td id=""1-1f"">No</td><td id=""1-1g"">Lemongrass leaf, spearmint</td><td id=""1-1h"">Five to six bags per day titrated down to one bag on day 5</td><td id=""1-1i"">Natural</td><td id=""1-1j"">12 weeks</td><td id=""1-1k"">3</td></tr>
<tr><td id=""1-1l"">Grimm and Muller (1999)24</td><td id=""1-1m"">Healthy volunteers</td><td id=""1-1n"">E purpurea</td><td id=""1-1o"">Echinacin</td><td id=""1-1p"">No</td><td id=""1-1q"">4 mL twice a day</td><td id=""1-1r"">Natural</td><td id=""1-1s"">8 weeks</td><td id=""1-1t"">5</td></tr>
<tr><td id=""1-1u"">Berg (1998)25</td><td id=""1-1v"">Healthy volunteers</td><td id=""1-1w"">E purpurea</td><td id=""1-1x"">Echinacin</td><td id=""1-1y"">No</td><td id=""1-1z"">8 mL/day</td><td id=""1-1A"">Natural</td><td id=""1-1B"">28 days</td><td id=""1-1C"">1</td></tr>
<tr><td id=""1-1D"">Melchart et al (1998)15</td><td id=""1-1E"">Healthy volunteers</td><td id=""1-1F"">E purpurea/ E angustifolia</td><td id=""1-1G"">No</td><td id=""1-1H"">No</td><td id=""1-1I"">50 drops twice a day for 12 weeks</td><td id=""1-1J"">Natural</td><td id=""1-1K"">12 weeks</td><td id=""1-1L"">5</td></tr>
<tr><td id=""1-1M"">Hoheisel et al (1997)27</td><td id=""1-1N"">Healthy volunteers</td><td id=""1-1O"">E purpurea</td><td id=""1-1P"">Echinaguard</td><td id=""1-1Q"">No</td><td id=""1-1R"">20 drops every 2 h in water on day 1 followed by three times a day for 9 days</td><td id=""1-1S"">Natural</td><td id=""1-1T"">At first sign of cold for 10 days</td><td id=""1-1U"">5</td></tr>
<tr><td id=""1-1V"">Scaglione and Lund (1995)30</td><td id=""1-1W"">Active cold</td><td id=""1-1X"">E purpurea</td><td id=""1-1Y"">No</td><td id=""1-1Z"">Vitamin C, rosemary leaf, eucalyptus, fennel seed</td><td id=""1-20"">Four tablets daily equivalent to 100 mg/day</td><td id=""1-21"">Natural</td><td id=""1-22"">For duration of the cold</td><td id=""1-23"">2</td></tr>
<tr><td id=""1-24"">Braunig and Knick (1993)16</td><td id=""1-25"">Active cold</td><td id=""1-26"">E pallida</td><td id=""1-27"">No</td><td id=""1-28"">No</td><td id=""1-29"">90 drops equivalent to 900 mg/ day</td><td id=""1-2a"">Natural</td><td id=""1-2b"">8-10 days</td><td id=""1-2c"">3</td></tr>
<tr><td id=""1-2d"" colspan=""9"">Table 1: Characteristics of included studies</td></tr>
</table>",4940,446,1,0.04153543710708618,0.44764238595962524,0.9450081586837769,0.9445264935493469,2026-05-08T19:40:26.797832+00:00,1.12.0,dpt-2-20260410
Evaluation_of_echinacea_for_the_prevention_and_treatment_of_the_common_cold.pdf,48ada66f-7ee1-4016-80ba-b87f8cb97233,20,marginalia,474,3,1,1,0.04347856342792511,0.9659938216209412,0.0709184780716896,0.9793415665626526,2026-05-08T19:40:26.797832+00:00,1.12.0,dpt-2-20260410
Evaluation_of_echinacea_for_the_prevention_and_treatment_of_the_common_cold.pdf,7c54a33c-511e-4c78-b8c7-10a930fccac2,21,marginalia,http://infection.thelancet.com Vol 7 July 2007,46,5,1,0.7085592150688171,0.964288055896759,0.9380261301994324,0.9800636172294617,2026-05-08T19:40:26.797832+00:00,1.12.0,dpt-2-20260410
Evaluation_of_echinacea_for_the_prevention_and_treatment_of_the_common_cold.pdf,6b6b53f7-4a86-4db2-9c59-5b515e3c7dec,22,marginalia,Review,6,1,2,0.8503786325454712,0.0451260507106781,0.9201748371124268,0.06508035212755203,2026-05-08T19:40:26.797832+00:00,1.12.0,dpt-2-20260410
Evaluation_of_echinacea_for_the_prevention_and_treatment_of_the_common_cold.pdf,d8dbd68f-6935-49cd-8482-8d8f3b0f1113,23,text,"## Validity assessment
The following methodological features, most relevant to the control of bias, were assessed: randomisation, random allocation concealment, masking of treatment allocation, blinding, and withdrawals. Jadad scores were calculated to aid in the identification of reports with overall weaker study methodologies.<sup>17</sup> All studies were reviewed and evaluated by three independent reviewers (SAS, CMW, and CIC) with disagreement resolved by consensus.",475,62,2,0.055416032671928406,0.1556192934513092,0.42790138721466064,0.28625282645225525,2026-05-08T19:40:26.797832+00:00,1.12.0,dpt-2-20260410
Evaluation_of_echinacea_for_the_prevention_and_treatment_of_the_common_cold.pdf,77b8b7f4-7d9b-48ec-bd6a-03d185ddaaf6,24,text,"## Data abstraction
All data were independently abstracted by three investigators (SAS, CMW, and CIC) through the use of a standardised data abstraction tool. The following information was sought from each article: author identification, year of publication, geographical location of the study, study funding source, type of study design (prospective or retrospective, randomised or observational, presence and type of control, blinded or open-label), study population, sample size, duration of patient follow-up, echinacea product used (specific species, dose, preparation type, and branded or unbranded), presence or absence of concomitantly administered supplement, mode of virus exposure (natural or inoculation), and definition for incidence or duration of cold (when reported).",783,107,2,0.05537109076976776,0.29439935088157654,0.4274781346321106,0.520026445388794,2026-05-08T19:40:26.797832+00:00,1.12.0,dpt-2-20260410
Evaluation_of_echinacea_for_the_prevention_and_treatment_of_the_common_cold.pdf,69ddaa3c-f8e2-4cb5-afae-bc11e8154317,25,text,"Statistical analysis
Incidence of the common cold was treated as a
dichotomous variable and reported as an odds ratio with",122,20,2,0.05614040791988373,0.5283989310264587,0.4277799725532532,0.574528157711029,2026-05-08T19:40:26.797832+00:00,1.12.0,dpt-2-20260410
Evaluation_of_echinacea_for_the_prevention_and_treatment_of_the_common_cold.pdf,8cc6aea4-4e5c-47d4-af5a-d8d3e269c226,26,text,"its 95% CI using a DerSimonian and Laird random-effects
model. Calculation of odds ratios can be problematic
when there is an absence of events in one of the
comparator groups. For these studies, a nominal value
(0.5 colds) was added in each 2x2 cell to enable calculation
of an odds ratio. 18,19",296,52,2,0.4354044497013092,0.1566941887140274,0.8061075210571289,0.2413441687822342,2026-05-08T19:40:26.797832+00:00,1.12.0,dpt-2-20260410
Evaluation_of_echinacea_for_the_prevention_and_treatment_of_the_common_cold.pdf,c7372978-66b7-4ce1-843d-957aa1bbb683,27,text,"Risk difference was also calculated to aid in the
assessment of not only statistical but clinical significance
as well. Duration of illness was treated as a continuous
variable and the weighted mean difference (WMD) was
calculated as the difference between the mean days of the
common cold in the echinacea and control groups. Again,
a DerSimonian and Laird random-effects model was
used in calculating the weighted mean difference and its
95% CI. Only one study provided 95% CIs for continuous
data, for this study the standard deviation of the mean
was calculated from the 95% CI using standard methods. 19
Statistical heterogeneity was addressed using the
Q statistic (p<0.1 considered significant). Heterogeneity
was also assessed through visual inspection of L'Abbé
plots. All statistical analyses were done using StatsDirect
Version 2.4.6 (Stats Direct Ltd, Cheshire, UK).",878,135,2,0.43566572666168213,0.24178598821163177,0.8066052198410034,0.46199047565460205,2026-05-08T19:40:26.797832+00:00,1.12.0,dpt-2-20260410
Evaluation_of_echinacea_for_the_prevention_and_treatment_of_the_common_cold.pdf,7ba98ed6-8ec7-4d4e-a68e-f53e584326f0,28,text,"Numerous subgroup analyses to assess sources of clinical heterogeneity were done. The concomitant administration of additional nutraceuticals with echinacea could potentially result in synergistic, additive, or inhibitory interactions. Therefore, echinacea's efficacy was assessed both in the presence and absence of other nutraceuticals. Because of the lack of regulation of herbal products, concern has arisen regarding the content of",436,58,2,0.4350098967552185,0.4620710611343384,0.8081702589988708,0.5753045082092285,2026-05-08T19:40:26.797832+00:00,1.12.0,dpt-2-20260410
Evaluation_of_echinacea_for_the_prevention_and_treatment_of_the_common_cold.pdf,3c7dcfe1-0633-4e6a-a416-6119d1503409,29,table,"<table id=""2-1"">
<tr><td id=""2-2""></td><td id=""2-3"">Analyses included in study</td><td id=""2-4"">Incidence in echinacea group*</td><td id=""2-5"">Incidence in control group*</td><td id=""2-6"">Number of patients with cold in echinacea group</td><td id=""2-7"">Number of patients with cold in control group</td><td id=""2-8"">Mean duration in echinacea group (SD)</td><td id=""2-9"">Mean duration in control group (SD)</td></tr>
<tr><td id=""2-a"">Turner et al (2005)24</td><td id=""2-b"">Incidence of cold</td><td id=""2-c"">73/149</td><td id=""2-d"">58/103</td><td id=""2-e"">NA</td><td id=""2-f"">NA</td><td id=""2-g"">NA</td><td id=""2-h"">NA</td></tr>
<tr><td id=""2-i"">Cohen et al (2004)28</td><td id=""2-j"">Incidence of cold, duration of cold</td><td id=""2-k"">85/160</td><td id=""2-l"">150/168</td><td id=""2-m"">138†</td><td id=""2-n"">308†</td><td id=""2-o"">1-60 (1-90)</td><td id=""2-p"">2-90 (1-60)</td></tr>
<tr><td id=""2-q"">Sperber et al (2004)22</td><td id=""2-r"">Incidence of cold</td><td id=""2-s"">14/24</td><td id=""2-t"">18/22</td><td id=""2-u"">NA</td><td id=""2-v"">NA</td><td id=""2-w"">NA</td><td id=""2-x"">NA</td></tr>
<tr><td id=""2-y"">Taylor et al (2003)32</td><td id=""2-z"">Duration of cold</td><td id=""2-A"">NA</td><td id=""2-B"">NA</td><td id=""2-C"">337†</td><td id=""2-D"">370†</td><td id=""2-E"">9.00 (9-37)</td><td id=""2-F"">9.00 (9.81)</td></tr>
<tr><td id=""2-G"">Barrett et al (2002)20</td><td id=""2-H"">Duration of cold</td><td id=""2-I"">NA</td><td id=""2-J"">NA</td><td id=""2-K"">69</td><td id=""2-L"">73</td><td id=""2-M"">6.27‡</td><td id=""2-N"">5.75‡</td></tr>
<tr><td id=""2-O"">Schulten et al (2001)23</td><td id=""2-P"">Incidence of cold</td><td id=""2-Q"">35/41</td><td id=""2-R"">38/39</td><td id=""2-S"">NA</td><td id=""2-T"">NA</td><td id=""2-U"">NA</td><td id=""2-V"">NA</td></tr>
<tr><td id=""2-W"">Turner et al (2000)31</td><td id=""2-X"">Incidence of cold</td><td id=""2-Y"">11/50</td><td id=""2-Z"">14/42</td><td id=""2-10"">NA</td><td id=""2-11"">NA</td><td id=""2-12"">NA</td><td id=""2-13"">NA</td></tr>
<tr><td id=""2-14"">Lindenmuth and Lindenmuth (2000)29</td><td id=""2-15"">Duration of cold</td><td id=""2-16"">NA</td><td id=""2-17"">NA</td><td id=""2-18"">48</td><td id=""2-19"">47</td><td id=""2-1a"">2.34 (1.08)</td><td id=""2-1b"">4.33 (0.93)</td></tr>
<tr><td id=""2-1c"">Grimm and Muller (1999)24</td><td id=""2-1d"">Incidence of cold</td><td id=""2-1e"">35/54</td><td id=""2-1f"">40/54</td><td id=""2-1g"">NA</td><td id=""2-1h"">NA</td><td id=""2-1i"">NA</td><td id=""2-1j"">NA</td></tr>
<tr><td id=""2-1k"">Berg (1998)25</td><td id=""2-1l"">Incidence of cold</td><td id=""2-1m"">0/14</td><td id=""2-1n"">7/26</td><td id=""2-1o"">NA</td><td id=""2-1p"">NA</td><td id=""2-1q"">NA</td><td id=""2-1r"">NA</td></tr>
<tr><td id=""2-1s"">Melchart et al (1998)15</td><td id=""2-1t"">Incidence of cold, duration of cold</td><td id=""2-1u"">60/199</td><td id=""2-1v"">33/90</td><td id=""2-1w"">60</td><td id=""2-1x"">33</td><td id=""2-1y"">8.00 (5-10)</td><td id=""2-1z"">8-7 (3-60)</td></tr>
<tr><td id=""2-1A"">Hoheisel et al (1997)</td><td id=""2-1B"">Incidence of cold</td><td id=""2-1C"">24/60</td><td id=""2-1D"">36/60</td><td id=""2-1E"">NA</td><td id=""2-1F"">NA</td><td id=""2-1G"">NA</td><td id=""2-1H"">NA</td></tr>
<tr><td id=""2-1I"">Scaglione and Lund (1995)</td><td id=""2-1J"">Duration of cold</td><td id=""2-1K"">NA</td><td id=""2-1L"">NA</td><td id=""2-1M"">16</td><td id=""2-1N"">16</td><td id=""2-1O"">3-37 (1-25)</td><td id=""2-1P"">4-37 (1-57)</td></tr>
<tr><td id=""2-1Q"">Braunig and Knick (1993)16</td><td id=""2-1R"">Duration of cold</td><td id=""2-1S"">NA</td><td id=""2-1T"">NA</td><td id=""2-1U"">70</td><td id=""2-1V"">45</td><td id=""2-1W"">9-10 (1-8)</td><td id=""2-1X"">12-9 (2-1)</td></tr>
<tr><td id=""2-1Y"" colspan=""8"">NA=not applicable. *Data shown as number of events/total population. †Reported data is number of cold episodes, not number of patients with cold. ‡Reported data as difference of –0·52 days, 95% CI –1·09 to –0·22.</td></tr>
<tr><td id=""2-1Z"" colspan=""8"">Table 2: Individual study characteristics</td></tr>
</table>",3907,300,2,0.05780640244483948,0.5865325927734375,0.8048051595687866,0.9432094097137451,2026-05-08T19:40:26.797832+00:00,1.12.0,dpt-2-20260410
Evaluation_of_echinacea_for_the_prevention_and_treatment_of_the_common_cold.pdf,ad5da77a-6741-4bd0-9a07-f2d79b73f67a,30,marginalia,http://infection.thelancet.com Vol 7 July 2007,46,5,2,0.05633646994829178,0.9640465378761292,0.287041574716568,0.9803513884544373,2026-05-08T19:40:26.797832+00:00,1.12.0,dpt-2-20260410
Evaluation_of_echinacea_for_the_prevention_and_treatment_of_the_common_cold.pdf,1d7022fe-908d-4252-9bc3-807cb21f1137,31,marginalia,475,3,1,2,0.9243630170822144,0.9656975865364075,0.9524776935577393,0.9794568419456482,2026-05-08T19:40:26.797832+00:00,1.12.0,dpt-2-20260410
Evaluation_of_echinacea_for_the_prevention_and_treatment_of_the_common_cold.pdf,ee745ae9-f78e-4df3-b051-c36cf5a4e749,32,marginalia,Review,6,1,3,0.08153502643108368,0.045410607010126114,0.1497092992067337,0.06500644981861115,2026-05-08T19:40:26.797832+00:00,1.12.0,dpt-2-20260410
Evaluation_of_echinacea_for_the_prevention_and_treatment_of_the_common_cold.pdf,67c63b8f-6917-4f75-8924-37c831bc6ba4,33,figure,"<::Forest plot showing the effect of echinacea on incidence of common cold. A vertical line is drawn at 1.0 on the Odds ratio (95% CI) axis.

Studies listed on the left, with their corresponding odds ratio (95% CI) on the right, and graphical representation as squares with error bars:
- Turner (2005): 0.745 (0.436-1.273)
- Cohen (2004): 0.136 (0.072-0.250)
- Sperber (2004): 0.311 (0.060-1.407)
- Schulten (2001): 0.154 (0.003-1.389)
- Turner (2000): 0.564 (0.200-1.574)
- Grimm (1999): 0.645 (0.258-1.591)
- Berg (1998): 0.090 (0.000-0.914)
- Melchart (1998): 0.746 (0.428-1.310)
- Hoheisel (1997): 0.444 (0.201-0.981)
- Combined (random): 0.418 (0.248-0.705)

The x-axis represents Odds ratio (95% CI) with a logarithmic scale from 0.001 to 2, marked at 0.001, 0.01, 0.1, 0.2, 0.5, 1, 2.

Figure 3: The effect of echinacea on incidence of common cold
The squares represent individual studies and the size of the square represents the weight given to each study in the meta-analysis. Error bars represent 95% CIs.
The diamond represents the combined result. The solid vertical line extending upwards from 10 is the null value.
: chart::>",1159,180,3,0.19268479943275452,0.15659628808498383,0.9445151090621948,0.4153939485549927,2026-05-08T19:40:26.797832+00:00,1.12.0,dpt-2-20260410
Evaluation_of_echinacea_for_the_prevention_and_treatment_of_the_common_cold.pdf,d5eb5cfd-e45a-42d1-8b62-07115dee6e54,34,figure,"<::Forest plot showing the effect of echinacea on duration of common cold:

**Studies and Year** | **Weighted mean difference (95% CI)**
---|---
Cohen (2004)28 | -1.30 (-1.64, -0.96)
Taylor (2003)32 | 0.00 (-1.42, 1.42)
Barrett (2002)20 | -0.52 (-1.09, 0.22)
Lindemuth (2000)29 | -1.99 (-2.40, -1.58)
Melchart (1998)15 | -0.70 (-2.67, -1.27)
Scaglione (1995)30 | -1.00 (-1.98, -0.02)
Braunig (1993)16 | -3.80 (-4.52, -3.08)
Combined | -1.44 (-2.24, -0.64)

X-axis: Weighted mean difference (95% CI) with scale from -5.0 to 2.5.
The squares represent individual studies and the size of the square represents the weight given to each study in the meta-analysis. Error bars represent 95% Cls.
The diamond represents the combined result. The solid vertical line extending upwards from 0 is the null value.
: chart::>
Figure 4: The effect of echinacea on duration of common cold
The squares represent individual studies and the size of the square represents the weight given to each study in the meta-analysis. Error bars represent 95% Cls.
The diamond represents the combined result. The solid vertical line extending upwards from 0 is the null value.",1147,182,3,0.1928248405456543,0.42611780762672424,0.9448037147521973,0.664127767086029,2026-05-08T19:40:26.797832+00:00,1.12.0,dpt-2-20260410
Evaluation_of_echinacea_for_the_prevention_and_treatment_of_the_common_cold.pdf,d030e330-8e8b-49f7-a97e-4d68e5595092,35,text,"active ingredients contained in various products. A study that evaluated echinacea preparations available in a retail setting showed that six (10%) of 59 preparations contained no measurable echinacea.²¹ Furthermore, only nine (43%) of 21 standardised preparations met the quality standards as described on the label.²¹ Five studies in this meta-analysis included an _E purpurea_ product extracted in 22% alcohol (Echinaguard and Echinacin, Madaus AG, Cologne, Germany).²²⁻²⁷ As such, an analysis of benefit using these two products was done in a subgroup. Finally, studies included in this meta-analysis examined patients who were exposed to (or contracted) a cold either naturally¹³,¹⁵,¹⁶,²³⁻³⁰ or through investigator inoculation.¹⁴,²²,³¹ Since the effect this might have had on the efficacy of echinacea was not known, separate analyses were done to evaluate studies using natural and investigator-inoculated virus.",919,130,3,0.1931636929512024,0.6798434853553772,0.5651001930236816,0.902905285358429,2026-05-08T19:40:26.797832+00:00,1.12.0,dpt-2-20260410
Evaluation_of_echinacea_for_the_prevention_and_treatment_of_the_common_cold.pdf,626ee6dd-80bc-4e4d-9b56-eeec77e2dbab,36,text,"Studies of poorer methodological quality, such as
unblinded or open-labelled trials might exhibit exaggerated
treatment effects. Excluding them might result in increased",169,22,3,0.1932729035615921,0.902366042137146,0.5645425915718079,0.9456518888473511,2026-05-08T19:40:26.797832+00:00,1.12.0,dpt-2-20260410
Evaluation_of_echinacea_for_the_prevention_and_treatment_of_the_common_cold.pdf,9137751f-de9d-4629-9d7e-79c1106b34e4,37,text,"internal validity but could reduce external validity of the
analysis. Additionally, the selection of a random versus
fixed-effect model in meta-analyses is controversial. The
use of a random-effect model in the calculation of
confidence intervals results in wider intervals and thus a
more conservative estimate of treatment effect compared
with a fixed-effect model. To reconcile these issues,
sensitivity analysis was done, in which the meta-analysis
was reanalysed excluding studies of weaker methodology
(Jadad score less than 3) and using a fixed-effects model
(Mantel-Haenszel methodology).",596,84,3,0.574087917804718,0.6804205179214478,0.9449256062507629,0.8336396217346191,2026-05-08T19:40:26.797832+00:00,1.12.0,dpt-2-20260410
Evaluation_of_echinacea_for_the_prevention_and_treatment_of_the_common_cold.pdf,b5768b35-7a59-4021-aee6-d2f8dfdc191a,38,text,Egger weighted regression statistics and a visual inspection of funnel plots were used to assess for the presence of publication bias.,134,21,3,0.5735077857971191,0.8334977030754089,0.9456988573074341,0.877528727054596,2026-05-08T19:40:26.797832+00:00,1.12.0,dpt-2-20260410
Evaluation_of_echinacea_for_the_prevention_and_treatment_of_the_common_cold.pdf,30488abe-4955-440e-9fc3-dfc07dd2ccd1,39,text,"Results
Trials included
Study identification, inclusion, and exclusion are shown
in figure 2. Our initial search strategy yielded 738 citations.",144,20,3,0.5723049640655518,0.8860779404640198,0.944602370262146,0.9460040926933289,2026-05-08T19:40:26.797832+00:00,1.12.0,dpt-2-20260410
Evaluation_of_echinacea_for_the_prevention_and_treatment_of_the_common_cold.pdf,c81afaf1-8b25-4bea-bfae-1e3ada07055f,40,marginalia,476,3,1,3,0.043890900909900665,0.9659438133239746,0.07131253182888031,0.9788956642150879,2026-05-08T19:40:26.797832+00:00,1.12.0,dpt-2-20260410
Evaluation_of_echinacea_for_the_prevention_and_treatment_of_the_common_cold.pdf,84698c87-e7ed-4335-9d60-547c528d6f0f,41,marginalia,http://infection.thelancet.com Vol 7 July 2007,46,5,3,0.7085208892822266,0.9647176861763,0.937941312789917,0.9798645377159119,2026-05-08T19:40:26.797832+00:00,1.12.0,dpt-2-20260410
Evaluation_of_echinacea_for_the_prevention_and_treatment_of_the_common_cold.pdf,5a8a184b-d4f2-4562-88cf-1981397bcd9f,42,text,Review,6,1,4,0.8502628207206726,0.04496733844280243,0.9201365113258362,0.06516353785991669,2026-05-08T19:40:26.797832+00:00,1.12.0,dpt-2-20260410
Evaluation_of_echinacea_for_the_prevention_and_treatment_of_the_common_cold.pdf,06e088ba-d4aa-4fb4-9dee-856a9a3e0e64,43,text,"Of these, 665 were excluded manually and electronically by limiting our search to human beings and clinical trials. The remaining 73 abstracts were reviewed of which 50 were excluded for evaluating echinacea for outcomes other than cold incidence or duration. Therefore, 23 abstracts remained and underwent full-text article review. Eight of the 23 studies did not report data on either primary endpoint of the analysis (incidence or duration), and one of the 23 used an active control. Therefore, 14 unique studies 14-16,20,22-25,27-32 were therefore included in this meta-analysis, encompassing 1356 study participants for incidence and 1630 participants for duration.",670,99,4,0.056005820631980896,0.15546290576457977,0.42726874351501465,0.32484233379364014,2026-05-08T19:40:26.797832+00:00,1.12.0,dpt-2-20260410
Evaluation_of_echinacea_for_the_prevention_and_treatment_of_the_common_cold.pdf,6f1bffd2-41b0-499d-b3b9-880c264cfd1e,44,text,"Table 1 shows characteristics of the included studies.
Seven studies evaluated monotherapy with
*E purpurea*,²²⁻²⁵,²⁷,³⁰,³² one study evaluated *E angustifolia*,¹⁴
one evaluated *E pallida*,¹³,¹⁶ one study did not specify
which specific species of echinacea was studied,³¹ and
four studies evaluated a combination of different
*Echinacea* species.¹⁵,²⁰,²⁸,²⁹ Two studies evaluated echinacea's
effect in children.²⁸,³² Five studies used either Echinaguard
or Echinacin products made by one company,
Madaus AG.²²⁻²⁵,²⁷ Virus exposure using rhinovirus
inoculation was done in three studies,¹⁴,²²,³¹ and four
studies evaluated the effect of echinacea along with a
supplement.²⁰,²⁸⁻³⁰",679,89,4,0.05631536245346069,0.3241480588912964,0.42736321687698364,0.5057291388511658,2026-05-08T19:40:26.797832+00:00,1.12.0,dpt-2-20260410
Evaluation_of_echinacea_for_the_prevention_and_treatment_of_the_common_cold.pdf,3d187e3d-3826-4da4-a41d-65ddb8f37fb8,45,text,"## Meta-analyses outcomes
A summary of individual study data on the incidence and duration of colds is provided in table 2. Meta-analysis showed that echinacea decreased the odds of a patient contracting a cold by 58% (odds ratio [OR] 0.42, 95% CI 0-25-0-71; Q statistic p<0.001), corresponding with a risk difference of -0.17 (-0.25 to -0.08; number needed to treat 6). Echinacea was also found to decrease the duration of cold by 1.4 days (WMD-1.44, -2.24 to -0.64; p=0.01), as shown in figure 3 and figure 4. The Q statistic showed significant heterogeneity in both the incidence and duration analyses. However, review of the L'Abbé plot for incidence showed that included studies generally agreed on echinacea's positive effect, but not the magnitude of the benefit (figure 5). Some degree of asymmetry was noted upon review of the funnel plots for both the incidence and duration analyses, resulting in our inability to rule out the presence of publication bias in our analyses (figure 6). However, when publication bias was assessed using the Egger weighted regression statistic, no significant publication bias was detected for either the incidence or duration analyses (p=0.64 and p=0.79, respectively).",1211,192,4,0.0565924197435379,0.5155040621757507,0.427092969417572,0.8228954672813416,2026-05-08T19:40:26.797832+00:00,1.12.0,dpt-2-20260410
Evaluation_of_echinacea_for_the_prevention_and_treatment_of_the_common_cold.pdf,d8657cc5-dd8c-4856-89b4-e535e9709236,46,text,"## Subgroup and sensitivity analysis
Table 3 depicts the results of subgroup and sensitivity analyses. Regardless of whether echinacea was administered in the presence or absence of other supplements or nutraceuticals, substantial reductions in the incidence of the common cold were seen. Whereas the subgroup of those receiving echinacea with a supplement showed a significant effect on shorting the duration of cold in its",424,64,4,0.05722866952419281,0.8316199779510498,0.42755502462387085,0.9466871023178101,2026-05-08T19:40:26.797832+00:00,1.12.0,dpt-2-20260410
Evaluation_of_echinacea_for_the_prevention_and_treatment_of_the_common_cold.pdf,f25e948b-01a5-4006-9773-8b6726282456,47,text,"own right (p<0.0001), the subgroup receiving echinacea
without a supplement showed only a trend towards
benefit (p=0.27).",121,17,4,0.43650686740875244,0.15726915001869202,0.8052995204925537,0.20059868693351746,2026-05-08T19:40:26.797832+00:00,1.12.0,dpt-2-20260410
Evaluation_of_echinacea_for_the_prevention_and_treatment_of_the_common_cold.pdf,229e98f1-ae95-4cba-845d-66f3520e84eb,48,text,"In the analysis limited to five studies evaluating Echinaguard or Echinacin products, 22-25,27 similar significant reductions in patients' odds compared with the overall analysis were observed (p=0.0009). A reduction in the odds of contracting a cold was observed when virus exposure occurred naturally or was investigator inoculated. A decrease in duration of cold was also maintained when only natural virus exposure studies were evaluated. 13,15,16,20,28-30,32",463,65,4,0.43672263622283936,0.2005380094051361,0.8061883449554443,0.31074586510658264,2026-05-08T19:40:26.797832+00:00,1.12.0,dpt-2-20260410
Evaluation_of_echinacea_for_the_prevention_and_treatment_of_the_common_cold.pdf,3b691e2c-d837-4e56-b3ed-3ff9894e3986,49,text,"For the endpoint of cold duration, no studies used Echinaguard/Echinacin or evaluated investigational rhinovirus inoculation; thus these analyses could not be undertaken. Finally, neither the use of a fixed-effects model instead of a random-effects model nor the exclusion of studies with a Jadad score less than 3 had any effect on overall study conclusions.",359,54,4,0.4359952211380005,0.31098437309265137,0.806148886680603,0.4095512628555298,2026-05-08T19:40:26.797832+00:00,1.12.0,dpt-2-20260410
Evaluation_of_echinacea_for_the_prevention_and_treatment_of_the_common_cold.pdf,64a93369-c9d3-4ce5-bff8-3635b664f908,50,text,"## Discussion
More than 800 products containing echinacea are available,
which come in tablet, extract, fresh juice, tincture, and tea
formulations. 33 There are three commonly used species of
echinacea, differing parts of the plant can be used in
different products (flower, stem, root), and the same plant
species may contain differing levels of constituent
molecules in different parts of the year or geographical
location. Although concentration variances exist, all three
species of echinacea contain water-soluble polysaccharides,
a lipophilic fraction (alkamides, polyacetylenes), caffeoyl
conjugates (echinacoside, chicoric acid, caffeic acid) and
flavonoids. 34,35 It is yet to be determined if it is one, a few, or
the combined effect of many constituents (mainly
alkamides, chicoric acid, and polysaccharides) that induce
immunostimulation. Despite all of these factors that can
influence the efficacy of echinacea and the different doses",949,136,4,0.4357796907424927,0.4179457724094391,0.8063077926635742,0.6562074422836304,2026-05-08T19:40:26.797832+00:00,1.12.0,dpt-2-20260410
Evaluation_of_echinacea_for_the_prevention_and_treatment_of_the_common_cold.pdf,f9506307-1aba-4346-a5bb-475054e7b20c,51,figure,"<::L'Abbé plot showing cold incidence in echinacea group versus control group.
The x-axis is labeled ""Cold incidence in control group"" and ranges from 0 to 100 in increments of 20.
The y-axis is labeled ""Cold incidence in echinacea group"" and ranges from 0 to 100 in increments of 20.
A solid diagonal line extends from (0,0) to (100,100).
A dashed diagonal line extends from (0,0) to approximately (100,45).
Eight data points are plotted as blue circles of varying sizes, representing individual studies. The size of each circle indicates the sample size.
The approximate coordinates of the data points are:
(30, 5), (35, 22), (38, 30), (58, 50), (60, 39), (75, 65), (85, 58), (95, 85).
Figure 5: L'Abbé plot for incidence of common cold
Each dot represents an individual study. Symbol size represents sample size.
: L'Abbé plot::>",832,138,4,0.4343779683113098,0.6604419946670532,0.9582752585411072,0.9470174312591553,2026-05-08T19:40:26.797832+00:00,1.12.0,dpt-2-20260410
Evaluation_of_echinacea_for_the_prevention_and_treatment_of_the_common_cold.pdf,30fc5245-efda-48e8-b615-af0944857146,52,marginalia,http://infection.thelancet.com Vol 7 July 2007,46,5,4,0.05666199326515198,0.9640666842460632,0.2870120406150818,0.9799103140830994,2026-05-08T19:40:26.797832+00:00,1.12.0,dpt-2-20260410
Evaluation_of_echinacea_for_the_prevention_and_treatment_of_the_common_cold.pdf,d20a52f2-d069-40f5-b4e1-e6a29d99d1b3,53,marginalia,477,3,1,4,0.9245277643203735,0.965682327747345,0.9523942470550537,0.9795309901237488,2026-05-08T19:40:26.797832+00:00,1.12.0,dpt-2-20260410
Evaluation_of_echinacea_for_the_prevention_and_treatment_of_the_common_cold.pdf,774c9e57-921e-4cd4-b528-f52777f45af8,54,text,Review,6,1,5,0.08150812983512878,0.045373402535915375,0.14979153871536255,0.06502518802881241,2026-05-08T19:40:26.797832+00:00,1.12.0,dpt-2-20260410
Evaluation_of_echinacea_for_the_prevention_and_treatment_of_the_common_cold.pdf,2b711395-f4d4-4e57-bda1-35ffd5e26b48,55,figure,"<::Figure 6: Funnel plots of common cold incidence and duration
(A) Incidence of cold.
Funnel plot showing Egger weighted regression; p=0.64.
Y-axis labeled ""Sample size"" with ticks at 10, 110, 210, 310, 410.
X-axis labeled ""Log (odds ratio)"" with ticks at -3.00, -2.25, -1.50, -0.75, 0.00.
Multiple data points are plotted, and a vertical line is present at approximately -0.75.

(B) Duration of cold.
Funnel plot showing Egger weighted regression; p=0.79.
Y-axis labeled ""Standard error"" with ticks at 0.1, 0.3, 0.5, 0.7, 0.9, 1.1.
X-axis labeled ""Weighted mean difference"" with ticks at -4.0, -3.2, -2.4, -1.6, -0.8, 0.0, 0.8.
Multiple data points are plotted, and a vertical line is present at approximately -1.6.
Vertical line represents the combined effect observed in the analysis.
: figure::>",800,125,5,0.039663344621658325,0.15615534782409668,0.564487099647522,0.6994062662124634,2026-05-08T19:40:26.797832+00:00,1.12.0,dpt-2-20260410
Evaluation_of_echinacea_for_the_prevention_and_treatment_of_the_common_cold.pdf,e5fa66e4-d8a9-4b47-9f72-c33e5781a1ea,56,text,"that can be used, the results of our meta-analysis show that echinacea reduces the incidence as well as the duration of the common cold.",136,24,5,0.5720275640487671,0.15632887184619904,0.9445306062698364,0.20061297714710236,2026-05-08T19:40:26.797832+00:00,1.12.0,dpt-2-20260410
Evaluation_of_echinacea_for_the_prevention_and_treatment_of_the_common_cold.pdf,3f76e718-d521-44a2-a0af-47ba2ac03c6f,57,text,"Since the Echinaguard or Echinacin products both
contain the fresh pressed juice of _E purpurea_ in 22%
alcohol extract, were manufactured by the same company,
and were evaluated in five different studies, 22-27 we analysed
the benefits of these products separately and found a
reduction in the incidence of cold by 56%. This might be
important since the variability in the echinacea product
evaluated between these trials would be minimised.",442,70,5,0.5724862217903137,0.200531467795372,0.9453501105308533,0.31089502573013306,2026-05-08T19:40:26.797832+00:00,1.12.0,dpt-2-20260410
Evaluation_of_echinacea_for_the_prevention_and_treatment_of_the_common_cold.pdf,508bd6ef-a6f8-4caa-a419-ec03bca8608a,58,text,"Our meta-analysis had only one cold incidence study²⁸ that used echinacea with other supplements (vitamin C and propolis). This study found an 86% reduction in the incidence of the common cold. As such, we cannot determine if the combination of echinacea with other nutraceuticals yields better results than echinacea alone. Several experimental studies have shown that vitamin C might have effects on the immune system.³⁶ Propolis, a natural resinous product collected by honeybees from various plant sources, has also been used in the prevention of respiratory infections.³⁷ For cold duration as the outcome, four studies²⁰,²⁸⁻³⁰ used echinacea combined with additional supplements (vitamin C, propolis, lemongrass leaf, spearmint, peppermint, thyme, citric acid, rosemary leaf, eucalyptus, and fennel seed) and yielded a 1·3-day shorter duration of cold than placebo. Echinacea used alone, although showing a similar benefit, did not show a significantly shorter duration of cold than placebo (p=0·27), suggesting that this sub-group analysis was underpowered. Comparing the results on duration of cold in the overall analysis to the subgroup analyses suggests that the benefit is caused by echinacea rather than the other supplements.",1238,182,5,0.5720729231834412,0.31099259853363037,0.9452489018440247,0.6131855845451355,2026-05-08T19:40:26.797832+00:00,1.12.0,dpt-2-20260410
Evaluation_of_echinacea_for_the_prevention_and_treatment_of_the_common_cold.pdf,209abc0b-187c-4e7c-81a5-75db782a061c,59,text,"We evaluated the method of viral exposure on the
outcome of cold induction. If echinacea was given
prophylactically in an attempt to reduce the incidence of
natural cold induction, the incidence was reduced by 65%
versus placebo. When echinacea was given as prophylaxis
against cold induction caused by direct rhinovirus",320,50,5,0.5720807909965515,0.6132169365882874,0.9455227255821228,0.6982378363609314,2026-05-08T19:40:26.797832+00:00,1.12.0,dpt-2-20260410
Evaluation_of_echinacea_for_the_prevention_and_treatment_of_the_common_cold.pdf,1bb3760c-3cb0-480d-92ac-fa2cf37b75c1,60,table,"<table id=""5-1"">
<tr><td id=""5-2""></td><td id=""5-3"" colspan=""4"">Incidence of cold</td><td id=""5-4"" colspan=""4"">Duration of cold</td></tr>
<tr><td id=""5-5""></td><td id=""5-6"">Number of studies</td><td id=""5-7"">Echinacea group*</td><td id=""5-8"">Control group*</td><td id=""5-9"">Odds ratio (95% CI) random effects</td><td id=""5-a"">Number of
studies</td><td id=""5-b"">Number of
participants,
echinacea</td><td id=""5-c"">Number of
participants,
control</td><td id=""5-d"">Weighted mean
difference (95% CI)
random effects</td></tr>
<tr><td id=""5-e"">All studies</td><td id=""5-f"">9</td><td id=""5-g"">337/751 (45%)</td><td id=""5-h"">394/604 (65%)</td><td id=""5-i"">0.42 (0-25 to 0-71)</td><td id=""5-j"">7</td><td id=""5-k"">738</td><td id=""5-l"">892</td><td id=""5-m"">-1.44 (-2.24 to -0.64)</td></tr>
<tr><td id=""5-n"">Fixed-effects model</td><td id=""5-o"">9</td><td id=""5-p"">337/751 (45%)</td><td id=""5-q"">394/604 (65%)</td><td id=""5-r"">0.44 (0-34 to 0-56)</td><td id=""5-s"">7</td><td id=""5-t"">738</td><td id=""5-u"">892</td><td id=""5-v"">-1.59 (-2.25 to -0.94)</td></tr>
<tr><td id=""5-w"">Excluding studies with Jadad score less than 3</td><td id=""5-x"">7</td><td id=""5-y"">326/687 (47%)</td><td id=""5-z"">373/536 (70%)</td><td id=""5-A"">0-42 (0-23 to 0-76)</td><td id=""5-B"">6</td><td id=""5-C"">722</td><td id=""5-D"">876</td><td id=""5-E"">-1.51 (-2.40 to -0.61)</td></tr>
<tr><td id=""5-F"">Excluding Cohen et al (2004) 28</td><td id=""5-G"">8</td><td id=""5-H"">252/591 (43%)</td><td id=""5-I"">244/436 (56%)</td><td id=""5-J"">0-61 (0-46 to 0.81)</td><td id=""5-K"">6</td><td id=""5-L"">600</td><td id=""5-M"">584</td><td id=""5-N"">-1.43 (-2.53 to -0.33)</td></tr>
<tr><td id=""5-O"">Studies evaluating echinacea without a supplement</td><td id=""5-P"">8</td><td id=""5-Q"">252/591 (43%)</td><td id=""5-R"">244/436 (56%)</td><td id=""5-S"">0-61 (0-46 to 0.81)</td><td id=""5-T"">3</td><td id=""5-U"">467</td><td id=""5-V"">448</td><td id=""5-W"">-1.57 (-4.34 to 1.19)</td></tr>
<tr><td id=""5-X"">Studies evaluating echinacea with a supplement</td><td id=""5-Y"">1</td><td id=""5-Z"">85/160 (53%)</td><td id=""5-10"">150/168 (89%)</td><td id=""5-11"">0-14 (0-07 to 0.25)</td><td id=""5-12"">4</td><td id=""5-13"">271</td><td id=""5-14"">444</td><td id=""5-15"">-1.25 (-1.87 to -0.65)</td></tr>
<tr><td id=""5-16"">Studies using Echinaguard/Echinacin</td><td id=""5-17"">5</td><td id=""5-18"">108/193 (56%)</td><td id=""5-19"">139/201 (69%)</td><td id=""5-1a"">0-44 (0-27 to 0.71)</td><td id=""5-1b"">0</td><td id=""5-1c"">0</td><td id=""5-1d"">0</td><td id=""5-1e"">NA</td></tr>
<tr><td id=""5-1f"">Natural virus exposure only</td><td id=""5-1g"">6</td><td id=""5-1h"">239/514 (46%)</td><td id=""5-1i"">304/437 (70%)</td><td id=""5-1j"">0-35 (0-16 to 0-74)</td><td id=""5-1k"">7</td><td id=""5-1l"">738</td><td id=""5-1m"">892</td><td id=""5-1n"">-1.44 (-2.24 to -0.64)</td></tr>
<tr><td id=""5-1o"">Rhinovirus exposure only</td><td id=""5-1p"">3</td><td id=""5-1q"">98/223 (44%)</td><td id=""5-1r"">90/167 (54%)</td><td id=""5-1s"">0.65 (0.42 to 0.99)</td><td id=""5-1t"">0</td><td id=""5-1u"">0</td><td id=""5-1v"">0</td><td id=""5-1w"">NA</td></tr>
<tr><td id=""5-1x"" colspan=""9"">NA=not applicable. *Data shown as number events/total population (%).</td></tr>
<tr><td id=""5-1y"" colspan=""2"">Table 3: Results of subgroup and sensitivity analysis</td><td id=""5-1z""></td><td id=""5-1A""></td><td id=""5-1B""></td><td id=""5-1C""></td><td id=""5-1D""></td><td id=""5-1E""></td><td id=""5-1F""></td></tr>
</table>",3357,261,5,0.04251191020011902,0.7065238356590271,0.9440008401870728,0.9438832402229309,2026-05-08T19:40:26.797832+00:00,1.12.0,dpt-2-20260410
Evaluation_of_echinacea_for_the_prevention_and_treatment_of_the_common_cold.pdf,1a9aa8be-53d7-4224-9181-4ef974c0b82d,61,marginalia,478,3,1,5,0.043900784105062485,0.9653387665748596,0.07112446427345276,0.9793291687965393,2026-05-08T19:40:26.797832+00:00,1.12.0,dpt-2-20260410
Evaluation_of_echinacea_for_the_prevention_and_treatment_of_the_common_cold.pdf,1580ed91-af28-406d-a646-d32a96c3e8ab,62,marginalia,http://infection.thelancet.com Vol 7 July 2007,46,5,5,0.708869218826294,0.964421272277832,0.9376471042633057,0.9799491167068481,2026-05-08T19:40:26.797832+00:00,1.12.0,dpt-2-20260410
Evaluation_of_echinacea_for_the_prevention_and_treatment_of_the_common_cold.pdf,8fe5c53e-77a7-4958-b654-52b65fda5709,63,marginalia,Review,6,1,6,0.8503060340881348,0.04492975398898125,0.9201213121414185,0.0651635080575943,2026-05-08T19:40:26.797832+00:00,1.12.0,dpt-2-20260410
Evaluation_of_echinacea_for_the_prevention_and_treatment_of_the_common_cold.pdf,8dc120d5-2b9d-4562-88ff-74b0cce0bcf0,64,text,"inoculation, the incidence was only reduced by 35%. One
postulation for the possible reduced benefits with direct
inoculation is that echinacea works better on preventing
the common cold caused by viruses other than rhinovirus.
With over 200 viruses capable of causing the common cold,
echinacea could have modest effect against rhinovirus but
marked effects against other viruses. Of the direct
rhinovirus inoculation trials, the most touted is the study
by Turner and colleagues published in 2005. The authors
compared patients given E angustifolia equivalent to
900 mg/day with placebo and showed that echinacea did
not have ""clinically significant effects on infection with a
rhinovirus or on the clinical illness that results from it"".
The German Commission E has approved E purpurea at a
recommended dose of 900 mg but has not approved
E angustifolia. The 1999 WHO monograph recommends
E angustifolia at a dose of 3 g, a dose more than three times
the dose used by Turner and colleagues.38 As such, the dose
used in this trial may have been too low to be fully
effective.",1077,177,6,0.05557475984096527,0.15624766051769257,0.4277036190032959,0.43489062786102295,2026-05-08T19:40:26.797832+00:00,1.12.0,dpt-2-20260410
Evaluation_of_echinacea_for_the_prevention_and_treatment_of_the_common_cold.pdf,e7995ae0-1a75-4f8a-a188-a3ea3ba746a6,65,text,"The previous meta-analysis done by Melchart and colleagues and updated in November, 2005,39 included 16 trials encompassing 22 analyses and showed a benefit of echinacea for the treatment but not prevention of a common cold. 13,39 By comparison, our meta-analysis included 14 trials encompassing 16 analyses. Although our results are in agreement with the previous meta-analysis, our results suggest an additional benefit of echinacea for use in the prevention, as well as the treatment, of a cold. The meta-analysis by Linde and colleagues assessed a cold severity endpoint, included two unpublished evaluations, and excluded studies that used experimental rhinovirus inoculation or that combined echinacea with other nutraceutical ingredients. In our analysis we chose not to evaluate cold severity because of concerns about the potential heterogeneity of the methods used for cold severity assessment in the studies. We included studies evaluating echinacea with other nutraceuticals in our analysis, as well as studies evaluating direct rhinovirus inoculation, which have the highest internal validity since the virus, the degree of exposure, and the exact time of exposure are all known. We decided to address the effect of these potential confounders through the use of subgroup and sensitivity analyses rather than through exclusion, which provides more information from which to make a determination of the efficacy of echinacea. Furthermore, we included one study that was published after Melchart and colleagues updated their analysis and excluded unpublished studies because data in such studies have not undergone rigorous peer review.",1647,244,6,0.05530647933483124,0.4344286322593689,0.42787110805511475,0.8469316363334656,2026-05-08T19:40:26.797832+00:00,1.12.0,dpt-2-20260410
Evaluation_of_echinacea_for_the_prevention_and_treatment_of_the_common_cold.pdf,ff93d771-d710-4403-b562-2cb389c01f49,66,text,"There are several limitations to this meta-analysis that must be addressed. First, the studies by Barrett²⁰ and Turner¹⁴ and their colleagues used alfalfa and a mixture of alcohol beverages, respectively, as their placebo arm. Since alfalfa and alcoholic concoctions may have immuno-stimulatory benefits, their use in the placebo arm is controversial.⁴⁰ Although we agree that this may be a",390,59,6,0.055814504623413086,0.8465880155563354,0.42800289392471313,0.9463083744049072,2026-05-08T19:40:26.797832+00:00,1.12.0,dpt-2-20260410
Evaluation_of_echinacea_for_the_prevention_and_treatment_of_the_common_cold.pdf,f217437f-b6d6-45eb-bd24-7fee3b001fb4,67,text,"potential confounder in our analyses, it should be noted
that if these agents do in fact have beneficial properties
that reduce the incidence and/or duration of the common
cold, then this would result in an underestimation of
echinacea's benefit. Second, although the Egger statistic
shows absence of publication bias, our funnel plot shows
asymmetry, suggesting that the potential for publication
bias cannot be eliminated. Publication bias arises when
trials with negative outcomes have a lower propensity to
be published. Third, heterogeneity was present in our
meta-analysis; however, the L'Abbé plot shows that the
heterogeneity is a result of studies' disagreement in the
magnitude, but not the direction, of echinacea's benefit.
Furthermore, after doing various subgroup analyses to
assess the effect of clinical heterogeneity, echinacea
maintained significant effects on the reduction of cold
incidence and duration. Finally, this analysis focuses on
the efficacy but not the safety of echinacea. Although
adverse events with echinacea are not commonly
reported, gastrointestinal upset and rash have been
reported. Much more work needs to be done to elucidate
the safety of prolonged therapy since its effect on the
rate-corrected QT interval, blood pressure, and other
safety parameters is not well known. Of note, echinacea
is a human cytochrome P450 3A4 enzyme inhibitor so
the potential for drug interactions also needs to be
assessed. 41",1450,219,6,0.4356224834918976,0.15686093270778656,0.8059484958648682,0.5318848490715027,2026-05-08T19:40:26.797832+00:00,1.12.0,dpt-2-20260410
Evaluation_of_echinacea_for_the_prevention_and_treatment_of_the_common_cold.pdf,6447dd59-72ea-418f-b262-53a333114931,68,text,"## Conclusion
An analysis of the current evidence in the literature suggests that echinacea has a benefit in decreasing the incidence and duration of the common cold; however, large-scale randomised prospective studies controlling for variables such as species, quality of preparation and dose of echinacea, method of cold induction, and objectivity of study endpoints evaluated are needed before echinacea for the prevention or treatment of the common cold can become standard practice.",487,72,6,0.43642330169677734,0.5419158339500427,0.8069043159484863,0.6830626130104065,2026-05-08T19:40:26.797832+00:00,1.12.0,dpt-2-20260410
Evaluation_of_echinacea_for_the_prevention_and_treatment_of_the_common_cold.pdf,e8926402-e6e0-4dda-bd12-4da262851800,69,text,"**Conflicts of interest**
We declare that we have no conflicts of interest.

**References**
1. National Institute of Allergy and Infectious Diseases. The common cold, health matters fact sheets. http://www3.niaid.nih.gov/healthscience/healthtopics/colds/overview.htm (accessed May 30, 2007).
2. Kirkpatrick GL. The common cold. Prim Care 1996; 23: 657-75.
3. Giles JT, Palat CT 3rd, Chien SH, Chang ZG, Kennedy DT. Evaluation of echinacea for treatment of the common cold. Pharmacotherapy 2000; 20: 690-97.
4. Barnes PM, Powell-Griner E, McFann K, Nahin RL. Complementary and alternative medicine use among adults: United States, 2002. Advance data from vital and health statistics; number 343. Hyattsville, Maryland: National Center for Health Statistics, 2004.
5. Caruso TJ, Gwaltney JM Jr. Treatment of the common cold with echinacea: a structured review. Clin Infect Dis 2005; 40: 807-10.
6. Huntley AL, Coon JT, Ernst E. The safety of herbal medicinal products derived from Echinacea species. Drug Saf 2005; 28: 387-400.
7. Woelkart K, Xu W, Pei Y, Makriyannis A, Picone RP, Bauer R. The endocannabinoid system as a target for alkamides from Echinacea angustifolia roots. Planta Med 2005; 71: 701-05.",1205,179,6,0.4359217584133148,0.6854115724563599,0.8034220933914185,0.9489727020263672,2026-05-08T19:40:26.797832+00:00,1.12.0,dpt-2-20260410
Evaluation_of_echinacea_for_the_prevention_and_treatment_of_the_common_cold.pdf,7a46f592-c66d-4f94-81a9-00c1fcf6a2a0,70,text,"Search strategy
and selection
criteria

These are described
in detail in the
Methods section on
page 473.",105,17,6,0.8112714886665344,0.15774741768836975,0.9558467268943787,0.2734962999820709,2026-05-08T19:40:26.797832+00:00,1.12.0,dpt-2-20260410
Evaluation_of_echinacea_for_the_prevention_and_treatment_of_the_common_cold.pdf,7fe65132-6dea-4458-a8e9-6e8cdaa11ec7,71,marginalia,http://infection.thelancet.com Vol 7 July 2007,46,5,6,0.057019464671611786,0.964389443397522,0.2863712012767792,0.9799065589904785,2026-05-08T19:40:26.797832+00:00,1.12.0,dpt-2-20260410
Evaluation_of_echinacea_for_the_prevention_and_treatment_of_the_common_cold.pdf,631af27f-f0e9-4f25-a988-147d71297228,72,marginalia,479,3,1,6,0.9250087738037109,0.9660791754722595,0.951163649559021,0.9793242812156677,2026-05-08T19:40:26.797832+00:00,1.12.0,dpt-2-20260410
Evaluation_of_echinacea_for_the_prevention_and_treatment_of_the_common_cold.pdf,4722502c-d7f8-42ad-b749-afe2e224849b,73,marginalia,Review,6,1,7,0.08151137828826904,0.04552829638123512,0.1496012955904007,0.0648842379450798,2026-05-08T19:40:26.797832+00:00,1.12.0,dpt-2-20260410
Evaluation_of_echinacea_for_the_prevention_and_treatment_of_the_common_cold.pdf,cffa173e-9523-45bb-aecf-a4f2194d7942,74,text,"8 Blumenthal M, Busse WR, Goldberg A, Hall T, Riggins CW, Rister RS, eds. The complete German Commission E monographs: therapeutic guide to herbal medicines. Austin, TX: American Botanical Council, 1998.
9 WHO. Echinacea. In: WHO monographs on selected medicinal plants. Geneva: World Health Organization, 1999: 125–44.
10 Health Canada. Echinacea angustifolia: natural health products directorate. Draft January, 2004. http://hc-sc.gc.ca/dhp-mps/prodnatur/applications/licen-prod/monograph/mono_echinacea_e.html (accessed May 30, 2007).
11 Health Canada. Echinacea purpurea: natural health products directorate. Draft January 19, 2004. http://www.hc-sc.gc.ca/dhp-mps/alt_formats/hpfb-dgpsa/pdf/prodnatur/mono_echinacea_purpurea_e.pdf (accessed May 18, 2007).
12 Health Canada. Echinacea pallida: natural health products directorate. Draft January 19, 2004. http://www.hc-sc.gc.ca/dhp-mps/alt_formats/hpfb-dgpsa/pdf/prodnatur/mono_echinacea_pallida_e.pdf (accessed May 18, 2007).
13 Melchart D, Linde K, Fischer P, Kaesmayr J. Echinacea for preventing and treating the common cold. Cochrane Database Syst Rev 2000; 2: CD000530
14 Turner RB, Bauer R, Woelkart K, Hulsey TC, Gangemi JD. An evaluation of Echinacea angustifolia in experimental rhinovirus infections. N Engl J Med 2005; 353: 341–48.
15 Melchart D, Walther E, Linde K, Brandmaier R, Lersch C. Echinacea root extract for the prevention of upper respiratory tract infections: A double-blind, placebo-controlled randomized trial. Arch Fam Med 1998; 7: 541–45.
16 Braunig B, Knick E. Therapeutic experiences with Echinacea pallida in influenzal infections. Naturheilpraxis mit Naturmedizin 1993; 1: 72–75 (in German).
17 Jadad AR, Moore RA, Carroll D, et al. Assessing the quality of reports of randomized clinical trials: is blinding necessary? Control Clin Trials 1996; 17: 1–12.
18 Bradburn MJ, Deeks JJ, Berlin JA, Localio AR. Much ado about nothing: a comparison of the performance of meta-analytical methods with rare events. Stat Med 2007; 26: 53–77.
19 Higgins JP, Green S. Cochrane handbook for systematic reviews of interventions 4.2.6 [updated September 2006]. Chichester, UK: John Wiley & Sons Ltd, 2006.
20 Barrett BP, Brown RL, Locken K, Maberry R, Bobula JA, D’Alessio D. Treatment of the common cold with unrefined echinacea. A randomized, double-blind, placebo controlled trial. Ann Intern Med 2002; 137: 939–46.
21 Gilroy CM, Steiner JF, Byers T, Shapiro H, Georgian W. Echinacea and truth in labeling. Arch Intern Med 2003; 163: 699–704.
22 Sperber SJ, Shah LP, Gilbert RD, Ritchey TW, Monto A. Echinacea purpurea for prevention of experimental rhinovirus colds. Clin Infect Dis 2004; 38: 1367–71.
23 Schulten B, Bulitta M, Brigitta B, Koster U, Schafer M. Efficacy of Echinacea purpurea in patients with a common cold: a placebo-controlled, randomised, double-blind clinical trial. Arzneimittelforschung 2001; 51: 563–68.
24 Grimm W, Muller HH. A randomized controlled trial of the effect of fluid extract of Echinacea purpurea on the incidence and severity of colds and respiratory infections. Am J Med 1999; 106: 138–43.",3100,430,7,0.19245140254497528,0.15629178285598755,0.5648966431617737,0.7542581558227539,2026-05-08T19:40:26.797832+00:00,1.12.0,dpt-2-20260410
Evaluation_of_echinacea_for_the_prevention_and_treatment_of_the_common_cold.pdf,4851f5e8-7fc0-41e7-b961-abe19ccd9e31,75,text,"25 Berg A, Northoff H, Konig D, et al. Influence of echinacin (EC31) treatment on the exercise-induced immune response in athletes. J Clin Res 1998; 1: 367–80.
26 Blumenthal M, Hall T, Goldberg A, et al, eds. The ABC clinical guide to herbs. Austin, TX: American Botanical Council, 2003.
27 Hoheisel O, Sandberg M, Bertram S, Bulitta M, Schafer M. Echinaguard treatment shortens the course of the common cold: a double-blind, placebo-controlled clinical trial. Eur J Clin Res 1997; 9: 261–69.
28 Cohen HA, Varsano I, Kahan E, Sarrell EM, Uziel Y. Effectiveness of an herbal preparation containing echinacea, propolis and vitamin C in preventing respiratory tract infections in children: a randomized, double-blind, placebo-controlled, multicenter study. Arch Pediatr Adolesc Med 2004; 158: 217–21.
29 Lindenmuth GF, Lindenmuth EB. The efficacy of echinacea compound herbal tea preparation on the severity and duration of upper respiratory and flu symptoms: a randomized, double-blind placebo-controlled study. J Altern Complement Med 2000; 6: 327–34.
30 Scaglione F, Lund B. Efficacy in the treatment of the common cold of a preparation containing an echinacea extract. Int J Immunother 1995; 11: 163–66.
31 Turner RB, Riker DK, Gangemi JD. Ineffectiveness of echinacea for prevention of experimental rhinovirus colds. Antimicrob Agents Chemother 2000; 44: 1708–09.
32 Taylor JA, Weber W, Standish L, Quinn H, Goesling J, McGann M, Calabrese C. Efficacy and safety of echinacea in treating upper respiratory tract infections in children: a randomized controlled trial. JAMA 2003; 290: 2824–30.
33 Islam J, Carter R. Use of echinacea in upper respiratory tract infection. South Med J 2005; 98: 311–18.
34 Gruenwald J, ed. Physicians' desk reference for herbal medicines. 3rd edn. Montvale, NJ: Thomson PDR, 2004: 267.
35 Dennehy C, Tsourounis C. Herbs and nutritional supplements. In: Koda-Kimble MA, Young LY, Kradjan WA, Guglielmo BJ, Alldredge BK, Corelli RL, eds. Applied therapeutics: the clinical use of drugs, 8th edn. Baltimore, MD: Lippincott Williams and Wilkins; 2005: 3–15.
36 Hemila H. Vitamin C supplementation and respiratory infections: a systematic review. Mil Med 2004; 169: 920–25.
37 Burdock GA. Review of the biological properties and toxicity of bee propolis. Food Chem Toxicol 1998; 36: 347–63.
38 Blumenthal M, Farnsworth NR. Echinacea angustifolia in rhinovirus infections. N Engl J Med 2005; 353: 1971–72.
39 Linde K, Barrett B, Wolkart K, Bauer R, Melchart D. Echinacea for preventing and treating the common cold. Cochrane Database Syst Rev 2006; 1: CD000530.
40 Millea PJ. Echinacea for the common cold. Ann Intern Med 2003; 139: 7.
41 Budzinski JW, Foster BC, Vandenhoek S, Arnason JT. An in vitro evaluation of human cytochrome P450 3A4 inhibition by selected commercial herbal extracts and tinctures. Phytomedicine 2000; 7: 273–82.",2862,443,7,0.5715790390968323,0.15845218300819397,0.9433032870292664,0.7130081653594971,2026-05-08T19:40:26.797832+00:00,1.12.0,dpt-2-20260410
Evaluation_of_echinacea_for_the_prevention_and_treatment_of_the_common_cold.pdf,ec11d66e-55b2-4f15-8c76-adddb31dacf2,76,marginalia,480,3,1,7,0.04424477368593216,0.9659091234207153,0.0710209533572197,0.9786115884780884,2026-05-08T19:40:26.797832+00:00,1.12.0,dpt-2-20260410
Evaluation_of_echinacea_for_the_prevention_and_treatment_of_the_common_cold.pdf,d9c66731-f9b7-4208-9e87-9dd243d24f8e,77,marginalia,http://infection.thelancet.com Vol 7 July 2007,46,5,7,0.7085042595863342,0.9651187658309937,0.938033401966095,0.9793778657913208,2026-05-08T19:40:26.797832+00:00,1.12.0,dpt-2-20260410
Prevention_and_treatment_of_the_common_cold.pdf,1cc713a5-1d79-4c50-8bf8-2a4dcd1b3358,0,logo,"<::logo: CME Review
CME Review
A blue rectangular logo with white serif text.::>",80,13,0,0.0006203055381774902,0.025796230882406235,0.301884263753891,0.077106773853302,2026-05-08T19:40:26.797916+00:00,1.12.0,dpt-2-20260410
Prevention_and_treatment_of_the_common_cold.pdf,e9dcf56c-98e9-4380-8c6a-3730bbe2616e,1,logo,"<::logo: CMAJ
CMAJ
The logo features the letters ""CMAJ"" in a light blue serif font against a slightly lighter blue rectangular background::>",140,22,0,0.8263082504272461,0.03596159815788269,0.9204503297805786,0.07249143719673157,2026-05-08T19:40:26.797916+00:00,1.12.0,dpt-2-20260410
Prevention_and_treatment_of_the_common_cold.pdf,368c909e-261e-4221-9d4d-e7d7f8a642b5,2,text,"Prevention and treatment of the common cold:
making sense of the evidence",73,12,0,0.06070363521575928,0.10955765843391418,0.7576350569725037,0.17246952652931213,2026-05-08T19:40:26.797916+00:00,1.12.0,dpt-2-20260410
Prevention_and_treatment_of_the_common_cold.pdf,2b02bcc0-f274-4510-90f9-a57498f46bf1,3,text,"G. Michael Allan MD, Bruce Arroll MB ChB PhD",44,9,0,0.06180509924888611,0.1958586573600769,0.4507429301738739,0.21942546963691711,2026-05-08T19:40:26.797916+00:00,1.12.0,dpt-2-20260410
Prevention_and_treatment_of_the_common_cold.pdf,741b823d-7ba7-48ea-bd05-672114427fc5,4,text,"Competing interests:
Bruce Arroll organizes
general lectures for the
New Zealand government's
Pharmaceutical
Management Agency.
No competing interests
declared by Michael Allan.

This article has been peer
reviewed.

Correspondence to:
G. Michael Allan,
michael.allan@ualberta.ca

CMAJ 2014. DOI:10.1503
/cmaj.121442",316,38,0,0.060875557363033295,0.23195809125900269,0.22436997294425964,0.4349575638771057,2026-05-08T19:40:26.797916+00:00,1.12.0,dpt-2-20260410
Prevention_and_treatment_of_the_common_cold.pdf,82ad60ef-2850-4e04-b534-29c4ef101c54,5,text,"The common cold is an acute, self-limiting viral infection of the upper respiratory tract involving the nose, sinuses, pharynx and larynx. The virus is spread by hand contact with secretions from an infected person (direct or indirect) or aerosol of the secretions and virus.¹ The incubation period varies but is just under two days for rhinovirus.² Symptoms, which generally relate to the infected mucosa, typically peak at 1–3 days and last 7–10 days, although they occasionally persist for three weeks.¹,³⁻⁵ They include sore throat, rhinitis, rhinorrhea, cough and malaise.¹⁴ The severity and type of symptoms will vary among individuals and with different infective agents. For example, fever is common in children but rare and mild in adults.¹ The incidence of the common cold declines with age.⁵⁻⁷ Children under two years have about six infections a year, adults two to three and older people about one per year.⁵⁻⁹ Stress¹⁰ and poor sleep¹¹ may increase the risk of the common cold among adults, whereas attendance at a daycare centre¹² increases the risk among preschool children.",1090,173,0,0.23974855244159698,0.22985318303108215,0.5837898254394531,0.5599713325500488,2026-05-08T19:40:26.797916+00:00,1.12.0,dpt-2-20260410
Prevention_and_treatment_of_the_common_cold.pdf,417bee24-d889-4df4-9fb1-917ebe0708c7,6,text,"Rhinovirus accounts for 24%-52% of clinical
cases or 52%-76% of infections with an identi-
fied pathogen. 6-8,13 No pathogen is identified in
31%-57% of upper respiratory tract infections, 8,13
likely because of a host of reasons, including
poor collection technique, low pathogen count
due to sampling late in the illness, or previously
unidentified agents. 1 Only about 5% of clinically
diagnosed cases were found to have bacterial
infection (with or without viral co-infection). 13
Although self-limiting, the common cold is",527,80,0,0.24029585719108582,0.5594215989112854,0.5840425491333008,0.7242127060890198,2026-05-08T19:40:26.797916+00:00,1.12.0,dpt-2-20260410
Prevention_and_treatment_of_the_common_cold.pdf,2e1cfcdf-3116-4fac-a057-f18ca0413e12,7,text,"KEY POINTS

* Evidence for interventions aimed at preventing and treating the common cold is frequently of poor quality, and results are inconsistent.
* The best evidence for the prevention of the common cold supports physical interventions (e.g., handwashing) and possibly the use of zinc supplements.
* The best evidence for traditional treatments supports the use of acetaminophen and nonsteroidal anti-inflammatory drugs (for pain and fever) and possibly antihistamine-decongestant combinations and intranasal ipratropium. Ibuprofen appears to be superior to acetaminophen for the treatment of fever in children.
* The best evidence for nontraditional treatments of the common cold supports the use of oral zinc supplements in adults and honey at bedtime for cough in children over one year.",795,118,0,0.06272080540657043,0.7346785068511963,0.5810366868972778,0.9293509721755981,2026-05-08T19:40:26.797916+00:00,1.12.0,dpt-2-20260410
Prevention_and_treatment_of_the_common_cold.pdf,cb207516-a459-4bf8-ae3b-6cd807dc2b8b,8,text,"highly prevalent and may be debilitating. It causes
declines in function and productivity at work,
and may affect other activities such as driving. Its
impact on society and health care is large. Of indi-
viduals with an upper respiratory tract infection,
7%–17% of adults, and 33% of children visit a
physician. Upper respiratory tract infections result
in an estimated increase of 12.5% in patient visits
per month during cold and flu season. In the
United States, direct medical costs related to the
common cold (physician visits, secondary infec-
tions and medications) were an estimated
$17 billion a year in 1997. Indirect costs owing
to missed work because of illness or caring for
an ill child were an estimated $25 billion a year.",748,122,0,0.5947716236114502,0.2294715940952301,0.9394365549087524,0.4559556543827057,2026-05-08T19:40:26.797916+00:00,1.12.0,dpt-2-20260410
Prevention_and_treatment_of_the_common_cold.pdf,c9a2efc9-228d-418f-a1d7-014d92538b90,9,text,"We review the evidence underpinning preven-
tive and treatment interventions for the common
cold. We do not explore the proposed biologic
mechanisms for the different products, because
most are not substantiated and generally represent
more supposition than science. The quality of the
evidence was frequently poor, with a moderate to
high risk of bias. Although preventive interventions
have somewhat discrete outcomes (presence of an
upper respiratory tract infection), interpretation of
the evidence for treatment of the common cold is
challenged by the complexity of outcome
reporting. The evidence used in this review is
described in Box 1.",645,97,0,0.5942795276641846,0.45605605840682983,0.9400420188903809,0.6659542918205261,2026-05-08T19:40:26.797916+00:00,1.12.0,dpt-2-20260410
Prevention_and_treatment_of_the_common_cold.pdf,062b7b26-570d-4471-9e05-12e9cc8ba661,10,text,"How can the common cold
be distinguished from other
conditions?

The symptoms and signs of the common cold
overlap with those of other conditions. Allergic
rhinitis presents similarly, but it may have a sea-
sonal component or clear allergic aggravation
and is unlikely to have an accompanying sore
throat. When sore throat is the primary com-
plaint, streptococcal pharyngitis should be con-
sidered. Centor criteria²⁰ are helpful in delineat-
ing the need for throat swabs and antibiotics.",491,77,0,0.5927663445472717,0.6741881370544434,0.9399005770683289,0.885915994644165,2026-05-08T19:40:26.797916+00:00,1.12.0,dpt-2-20260410
Prevention_and_treatment_of_the_common_cold.pdf,40ba90e1-b3ec-441e-8874-c858a83a0577,11,text,"Sinusitis (acute or subacute) is a clinical diag-
nosis without reliable clinical scoring criteria to
help differentiate it from the common cold. Groups",152,23,0,0.594517171382904,0.8858070373535156,0.9406960606575012,0.9331576824188232,2026-05-08T19:40:26.797916+00:00,1.12.0,dpt-2-20260410
Prevention_and_treatment_of_the_common_cold.pdf,bd2c2cfa-0ba4-42d4-987d-4db7553ced2d,12,marginalia,190,3,1,0,0.06514103710651398,0.957425594329834,0.09955373406410217,0.9750257730484009,2026-05-08T19:40:26.797916+00:00,1.12.0,dpt-2-20260410
Prevention_and_treatment_of_the_common_cold.pdf,b9693b60-6c7f-4359-aa3e-b012c6c14fc1,13,marginalia,"CMAJ, February 18, 2014, 186(3)",31,5,0,0.125790074467659,0.9571888446807861,0.36504310369491577,0.9769464731216431,2026-05-08T19:40:26.797916+00:00,1.12.0,dpt-2-20260410
Prevention_and_treatment_of_the_common_cold.pdf,bac72a6e-ff37-49dd-80dd-1f13d6804d4e,14,marginalia,© 2014 Canadian Medical Association or its licensors,52,8,0,0.6452416181564331,0.9597545862197876,0.9372923374176025,0.9750219583511353,2026-05-08T19:40:26.797916+00:00,1.12.0,dpt-2-20260410
Prevention_and_treatment_of_the_common_cold.pdf,f7c49859-a1ef-443c-95d4-033412ccec66,15,marginalia,REVIEW,6,1,1,0.8451274037361145,0.02720041200518608,0.9399427771568298,0.045848410576581955,2026-05-08T19:40:26.797916+00:00,1.12.0,dpt-2-20260410
Prevention_and_treatment_of_the_common_cold.pdf,9f30b63a-9f69-4a74-93a1-c59472628dfc,16,text,"reviewing the evidence for the antibiotic treatment
of sinusitis recommend that symptoms be present
for 7–10 days and not show signs of improvement
before antibiotics are considered. 21,22",188,28,1,0.06284767389297485,0.06827560812234879,0.40468668937683105,0.1300942599773407,2026-05-08T19:40:26.797916+00:00,1.12.0,dpt-2-20260410
Prevention_and_treatment_of_the_common_cold.pdf,ce6690b5-7b31-4453-ad4f-531b578abbdc,17,text,"Ear pain and otitis media commonly accom-
pany or follow the common cold, particularly in
children. Findings on physical examination can
be helpful in diagnosing otitis media (e.g., a
bulging tympanic membrane has a likelihood
ratio of 51),²³ and there are simple rules for pre-
scribing antibiotics or using watchful waiting in
children with possible otitis media.²⁴",367,57,1,0.06294354796409607,0.1297142207622528,0.40585312247276306,0.24843421578407288,2026-05-08T19:40:26.797916+00:00,1.12.0,dpt-2-20260410
Prevention_and_treatment_of_the_common_cold.pdf,5645a08d-14cc-409a-abfb-3f7730f69517,18,text,"People with influenza usually are sicker than
those with the common cold, the former having
fever, chills, headaches, myalgia and malaise.
Influenza can be serious in older people and
those who are immunocompromised. More seri-
ous illness should prompt consideration of
meningococcal disease or septicemia.",307,45,1,0.062348365783691406,0.24802589416503906,0.4050372540950775,0.3526667356491089,2026-05-08T19:40:26.797916+00:00,1.12.0,dpt-2-20260410
Prevention_and_treatment_of_the_common_cold.pdf,18822c0a-3767-42bb-9188-6f6ed6f2e3a9,19,text,"More details regarding primary conditions
whose signs and symptoms overlap with those of
the common cold are available in guidelines and
review articles on allergic rhinitis, 25 sore throat, 26
sinusitis, 21 otitis media 24 and influenza. 27,28 In
addition, the National Institute for Health and
Care Excellence (NICE) has released a primary
care guide for prescribing antibiotics for upper
respiratory tract infections. 29",423,64,1,0.06210273504257202,0.3523064851760864,0.4054410457611084,0.488597571849823,2026-05-08T19:40:26.797916+00:00,1.12.0,dpt-2-20260410
Prevention_and_treatment_of_the_common_cold.pdf,b4519e40-62cb-4f17-9e01-b606bdeecb18,20,text,"What interventions are effective
for preventing the common cold?

Preventive therapies are summarized in Table 1.30-50",118,16,1,0.06254896521568298,0.5017001032829285,0.40297046303749084,0.5761070847511292,2026-05-08T19:40:26.797916+00:00,1.12.0,dpt-2-20260410
Prevention_and_treatment_of_the_common_cold.pdf,59f40c56-47a3-48ce-93b4-80a4a6ac6942,21,text,"## Physical interventions
A Cochrane systematic review examined the effectiveness of traditional physical public health interventions in preventing upper respiratory tract infections in 67 studies of various types (randomized controlled trials [RCTs], cluster RCTs, retrospective and prospective cohort studies, case-control studies and before–after studies).30 The type of interventions varied considerably — handwashing, use of alcohol-based disinfectants, other disinfectants, hand-wipes, gloves, masks, gowns and various combinations. As a result, pooling of data was limited, and many of the studies had an unclear or high risk of bias. Nevertheless, the majority of results suggested that physical preventive measures such as handwashing reduced the risk of getting or spreading upper respiratory tract infections.",820,110,1,0.06205397844314575,0.585391640663147,0.4053843021392822,0.8445956707000732,2026-05-08T19:40:26.797916+00:00,1.12.0,dpt-2-20260410
Prevention_and_treatment_of_the_common_cold.pdf,ee811a69-d09c-457a-a64a-a8a4ca99980c,22,text,"**Zinc**
Zinc appears to be effective in reducing the number
of colds per year, at least in children. A Cochrane
review³¹ of the prophylactic efficacy of orally
administered zinc considered two RCTs that we",206,34,1,0.06240464746952057,0.8521270155906677,0.4060693383216858,0.9339764714241028,2026-05-08T19:40:26.797916+00:00,1.12.0,dpt-2-20260410
Prevention_and_treatment_of_the_common_cold.pdf,abc41af4-ab8c-4346-a341-90b51eda748a,23,text,"also examined individually. 32,33 These studies had methodologic concerns and included only children given zinc sulfate 10 mg or 15 mg daily. The mean number of colds was significantly lower in the zinc group than in the placebo group both in the pooled analysis (Table 1) and in the individual studies (mean 1.2 v. 1.7 [p = 0.003] in one trial32 and 1.7 v. 3.1 [p<0.001] in the other33). School absences were significantly lower in the zinc groups of each study, by an average of 0.4 days (p = 0.04)32 and 0.8 days (p < 0.001).33 Antibiotic use was also significantly lower in the zinc groups of each study (5 v. 18 [p = 0.009]32 and 20 v. 47 [p < 0.001]33 respectively). In one of the studies, 32 the proportion of children with no colds during the study period was 33% in the zinc group versus 14% in the control group, for a number needed to treat of six.",859,160,1,0.41821861267089844,0.067681223154068,0.7597814798355103,0.32307931780815125,2026-05-08T19:40:26.797916+00:00,1.12.0,dpt-2-20260410
Prevention_and_treatment_of_the_common_cold.pdf,91b0146d-a8b0-4de2-94e7-6115853eccc0,24,text,"Although the evidence for cold prevention
with zinc comes from studies involving only
children, there is no biological reason why zinc
would work only in children and not adults.",178,29,1,0.4185909628868103,0.3227640688419342,0.7599580883979797,0.3844626843929291,2026-05-08T19:40:26.797916+00:00,1.12.0,dpt-2-20260410
Prevention_and_treatment_of_the_common_cold.pdf,a4adec39-9742-4164-a91d-e089f4569649,25,text,"## Probiotics
Probiotics may be helpful in preventing upper respiratory tract infections, but the interventions and evidence are inconsistent. A systematic review of 14 RCTs included 10 trials (n = 3451) that provided sufficient data for pooling.34 Pediatric and adult populations from a wide variety of countries were included. Probiotic prophylaxis reduced the number of participants who had one or more upper respiratory tract infections (odds ratio [OR] 0.58, 95% confidence interval [CI] 0.36 to 0.92) and the number of upper respiratory tract infections per person-year (rate ratio 0.88, 95% CI 0.81 to 0.96). Both outcomes had inconsistent results in the individual studies, reflected in estimates of heterogeneity (P = 69% and 44%, respectively).",754,114,1,0.4180777072906494,0.39338991045951843,0.7601889371871948,0.6370377540588379,2026-05-08T19:40:26.797916+00:00,1.12.0,dpt-2-20260410
Prevention_and_treatment_of_the_common_cold.pdf,60625939-a666-448b-b19e-a4b9b76087f2,26,text,"Box 1: Summary of literature review

In July and August 2012, a literature search was performed by one of us
(G.M.A.) of PubMed, the Cochrane Database of Systematic Reviews, _ACP_
_Journal Club_ and _Evidence-Based Medicine_. Search terms included ""common
cold"" and ""upper respiratory tract infection."" In PubMed, the search was
restricted to randomized controlled trials (RCTs), reviews, systematic reviews and
meta-analyses. Individual treatments were also searched (e.g., ""vitamin C"").
A similar search was performed in early 2012 by B.A. for a related project. We
conducted a manual search of the bibliographies of included articles. Further
details of the literature search are available from the authors upon request.",723,107,1,0.420227974653244,0.6435316205024719,0.9340959787368774,0.7823038697242737,2026-05-08T19:40:26.797916+00:00,1.12.0,dpt-2-20260410
Prevention_and_treatment_of_the_common_cold.pdf,171f7840-154f-4a79-8a6d-15635d55c8d2,27,text,"We selected the highest level of evidence available for each intervention,
focusing on systematic reviews (with or without a meta-analysis) and RCTs.
We rated the quality of evidence for each intervention as high, moderate or
low risk of bias. For systematic reviews, we considered the authors'
assessment of methodologic quality (e.g., blinding) of included trials but
also examined the quality of the systematic review itself (e.g., thoroughness
of the literature search). For RCTs, we considered traditional validity criteria
(e.g., allocation concealment) as well other limitations (e.g., funding or
restricted populations). Lastly, we considered the overall volume (size and
number of RCTs) and the consistency of the evidence. We used lower levels
of evidence for general information such as epidemiology.",811,119,1,0.4199761748313904,0.7824686765670776,0.9341585040092468,0.9273403882980347,2026-05-08T19:40:26.797916+00:00,1.12.0,dpt-2-20260410
Prevention_and_treatment_of_the_common_cold.pdf,ac54e86c-e0a5-4f9a-b13d-9f59904ad6d3,28,marginalia,"CMAJ, February 18, 2014, 186(3)",31,5,1,0.6361922025680542,0.9569857716560364,0.8736541271209717,0.9764681458473206,2026-05-08T19:40:26.797916+00:00,1.12.0,dpt-2-20260410
Prevention_and_treatment_of_the_common_cold.pdf,be3545e9-cb63-4671-862f-f6207d12b4f9,29,marginalia,191,3,1,1,0.9033393263816833,0.9572224617004395,0.9341294169425964,0.9752224683761597,2026-05-08T19:40:26.797916+00:00,1.12.0,dpt-2-20260410
Prevention_and_treatment_of_the_common_cold.pdf,282d1429-d961-4d50-9fbd-afe6c259a137,30,text,REVIEW,6,1,2,0.06592795252799988,0.027787959203124046,0.15837866067886353,0.0449996218085289,2026-05-08T19:40:26.797916+00:00,1.12.0,dpt-2-20260410
Prevention_and_treatment_of_the_common_cold.pdf,96b28408-4164-4bf9-a57a-f71c42b11d83,31,text,"However, use of probiotics reduced antibiotic use
(risk ratio 0.67, 95% CI 0.45 to 0.98). In all but
two studies, the probiotics varied in types of
organisms, combinations of organisms, formula-
tions (e.g., pills, liquids) and quantity (colony-
forming units). These inconsistencies limit the
clinical application of the study findings.",337,50,2,0.24105951189994812,0.06789101660251617,0.582886815071106,0.17441239953041077,2026-05-08T19:40:26.797916+00:00,1.12.0,dpt-2-20260410
Prevention_and_treatment_of_the_common_cold.pdf,c10e7ce5-5b61-4f46-981d-a3bfcb2dda1d,32,text,"We examined the two highest-quality studies
included in the systematic review. In the first,35 638
children aged three to six years attending a commu-
nity preschool or daycare were randomly assigned
to receive either a drink containing the probiotic
strain *Lactobacillus casei* DN-114 001 (10s colony-
forming units) or a matching placebo for 90 days.
Use of the probiotic resulted in a reduction of 0.6
upper respiratory tract infections per 100 person-
days (*p* = 0.036). In the second RCT,36 742 children
more than 12 months of age who were admitted to
hospital were randomly assigned to drink 100 mL
of a fermented milk product containing either *Lac*-",659,108,2,0.24067603051662445,0.17424583435058594,0.5822054743766785,0.36901557445526123,2026-05-08T19:40:26.797916+00:00,1.12.0,dpt-2-20260410
Prevention_and_treatment_of_the_common_cold.pdf,5e851d7b-870c-46f6-ace3-4a461d21adf4,33,text,"tobacillus rhamnosus strain GG (10 colony-
forming units) or no probiotic for the duration of
their hospital stay. The incidence of upper respira-
tory tract infections was reduced in the probiotic
group (relative risk 0.38, 95% CI 0.18 to 0.85), for
a number needed to treat of 30.",283,48,2,0.5964471101760864,0.06894268095493317,0.937372088432312,0.1613675057888031,2026-05-08T19:40:26.797916+00:00,1.12.0,dpt-2-20260410
Prevention_and_treatment_of_the_common_cold.pdf,b6474b9e-2d54-4f2b-abf1-768555009d4d,34,text,"## Gargling
Frequent gargling with water may help reduce episodes of upper respiratory tract infection, but evidence is limited to a single study. The well-designed RCT involved 387 adults randomly assigned to gargling with water, gargling with a diluted povidone–iodine solution or usual care (control).³⁷ Gargling with the povidone–iodine solution had no effect, whereas gargling with water was effective in reducing the risk of an upper respiratory tract infection (30.1% v. 40.8% in the control group; _p_ = 0.044), for a number needed to treat of 10. The degree of gargling",578,91,2,0.5962759256362915,0.17154307663440704,0.9369000196456909,0.37042975425720215,2026-05-08T19:40:26.797916+00:00,1.12.0,dpt-2-20260410
Prevention_and_treatment_of_the_common_cold.pdf,87b7ea1b-1239-49a6-aff3-6f3487a59760,35,table,"<table id=""2-1"">
<tr><td id=""2-2"" colspan=""7"">Table 1 (part 1 of 2): Interventions for the prevention of the common cold</td></tr>
<tr><td id=""2-3"">Intervention</td><td id=""2-4"">Formulation and dose</td><td id=""2-5"">Evidence</td><td id=""2-6"">Risk of bias</td><td id=""2-7"">Outcome</td><td id=""2-8"">Harms</td><td id=""2-9"">Comment</td></tr>
<tr><td id=""2-a"">Physical intervention30</td><td id=""2-b"">Various techniques (e.g., handwashing, use of alcohol-based hand disinfectant, gloves, masks)</td><td id=""2-c"">Systematic review of 67 studies (various types)</td><td id=""2-d"">High (studies had unclear risk of bias for most quality indicators)</td><td id=""2-e"">General reduced risk with handwashing, hand disinfectant, gloves and masks</td><td id=""2-f"">N95 masks offered
no advantage over
normal surgical
masks, were
uncomfortable and
irritated the skin</td><td id=""2-g"">Likely
beneficial</td></tr>
<tr><td id=""2-h"">Zinc supplement31-33</td><td id=""2-i"">Zinc sulfate tablets, 10 mg and 15 mg</td><td id=""2-j"">Meta-analysis (2 RCTs; n = 400, age 5-8 yr)</td><td id=""2-k"">High (unclear randomization;33 and events censored from analysis for unclear reasons32)</td><td id=""2-l"">Pooled analysis of 2 RCTs: significant reduction in colds (RR 0.64, 95% CI 0.47 to 0.88); about 0.5-1.4 fewer colds over 5-7 &quot;winter&quot; months</td><td id=""2-m"">3 children in the
intervention group
in one RCT had mild
gastrointestinal
discomfort; no other
significant
differences noted</td><td id=""2-n"">Likely
beneficial</td></tr>
<tr><td id=""2-o"">Probiotics34-36</td><td id=""2-p"">Different organisms, combinations, formulations and quantity; Lactobacillus most common (rhamnosus, casei and other species)</td><td id=""2-q"">Systematic review and meta-analysis (10 RCTs; n = 3451), with focus on 2 RCTs of highest quality</td><td id=""2-r"">Moderate (≤ 50% of the trials were low risk of bias for quality indicators)</td><td id=""2-s"">Pooled analysis of 6 RCTs: significant reduction in number with ≥ 1 colds (OR 0.58, 95% CI 0.36 to 0.92); results of RCTs were inconsistent (I² = 69%)</td><td id=""2-t"">No difference
noted</td><td id=""2-u"">May be
beneficial</td></tr>
<tr><td id=""2-v"">Gargling37</td><td id=""2-w"">Tap water or diluted povidone-iodine (7%) solution, 20 mL gargled for 15 s 3 times per session; repeated at least 3 times daily</td><td id=""2-x"">RCT (n = 384)</td><td id=""2-y"">Low (allocation concealment and blinded outcome assessment)</td><td id=""2-z"">Significantly fewer URTIs with gargling water (RR 0.64, 95% CI 0.42 to 0.99); no significant reduction with gargling povidone-iodine (RR 0.87, 95% CI 0.58 to 1.34)</td><td id=""2-A"">Not reported</td><td id=""2-B"">Unclear benefit from water gargling; no benefit from gargling of iodine solution</td></tr>
<tr><td id=""2-C"">Ginseng38-40</td><td id=""2-D"">North American ginseng as COLD-FX brand in 5 of 6 RCTs (400 mg generally); Asian ginseng as Ginsana G115 brand</td><td id=""2-E"">Systematic review (5 RCTs; n = 747) and single RCT (n = 783)</td><td id=""2-F"">High (multiple variations of analysis)</td><td id=""2-G"">Pooled analysis of 5 RCTs: no significant reduction in colds (relative risk 0.70, 95% CI 0.48 to 1.02); results of RCTs were inconsistent (I² = 68%) Analysis of single RCT: no significant difference from placebo (p = 0.23)</td><td id=""2-H"">No consistent difference</td><td id=""2-I"">Unclear benefit</td></tr>
<tr><td id=""2-J"">Exercise41</td><td id=""2-K"">45 min of moderate-intensity exercise 5 d/wk</td><td id=""2-L"">RCT (n = 115 overweight or obese postmenopausal women)</td><td id=""2-M"">High (unclear allocation concealment and equivocal findings)</td><td id=""2-N"">Significantly fewer self-reported colds per person-year in intervention group (0.55 v. 0.96 in control group, p = 0.02); no difference in URTIs between groups (p = 0.16)</td><td id=""2-O"">Not reported</td><td id=""2-P"">Unclear benefit</td></tr>
</table>",3866,461,2,0.06366491317749023,0.38266274333000183,0.9393908977508545,0.9300659894943237,2026-05-08T19:40:26.797916+00:00,1.12.0,dpt-2-20260410
Prevention_and_treatment_of_the_common_cold.pdf,70b7940b-51fc-4377-90e3-fd7f63745563,36,marginalia,192,3,1,2,0.06660146266222,0.9582971930503845,0.09715042263269424,0.9742534756660461,2026-05-08T19:40:26.797916+00:00,1.12.0,dpt-2-20260410
Prevention_and_treatment_of_the_common_cold.pdf,aede2d63-f1fa-43cc-b4fc-085c343a9e9a,37,marginalia,"CMAJ, February 18, 2014, 186(3)",31,5,2,0.1267944872379303,0.9579162001609802,0.36298123002052307,0.9763208031654358,2026-05-08T19:40:26.797916+00:00,1.12.0,dpt-2-20260410
Prevention_and_treatment_of_the_common_cold.pdf,0be70f96-91e5-4382-8fe8-9ad7628deb31,38,text,REVIEW,6,1,3,0.8451656103134155,0.02725335583090782,0.9402710199356079,0.045887310057878494,2026-05-08T19:40:26.797916+00:00,1.12.0,dpt-2-20260410
Prevention_and_treatment_of_the_common_cold.pdf,bd798605-5611-4bf2-970b-0df975ae6176,39,text,"required was considerable (20 mL for 15 sec-
onds repeated three times, performed three times
daily). Confirmation from a second RCT would
be helpful before recommending gargling.",182,27,3,0.06299549341201782,0.06762923300266266,0.4048156440258026,0.1335362195968628,2026-05-08T19:40:26.797916+00:00,1.12.0,dpt-2-20260410
Prevention_and_treatment_of_the_common_cold.pdf,065da4ba-16cc-4ca8-8492-4c6ee855de2a,40,text,"# Ginseng
The role of ginseng in preventing colds is questionable. A familiar product in Canada is COLD-FX, a proprietary extract produced from the roots of North American ginseng (_Panax quinquefolius_). A meta-analysis³⁸ of five RCTs (four of COLD-FX and one of Asian ginseng [_P. ginseng_]) and one RCT³⁹ of COLD-FX have provided inconsistent results. Some of the trials showed a statistically significant reduction in laboratory-confirmed colds and influenza, whereas others found small changes in clinical, but not laboratory-confirmed, upper respiratory tract infections only.⁴⁰ Trials of COLD-FX were found",613,89,3,0.06205858290195465,0.142073392868042,0.40591782331466675,0.35516002774238586,2026-05-08T19:40:26.797916+00:00,1.12.0,dpt-2-20260410
Prevention_and_treatment_of_the_common_cold.pdf,d9d503e6-95cc-46e6-8d9d-469b619d0c74,41,text,"to have multiple problems, including dropout
rates above 10% before a single dose was taken,
post-hoc modification of analyses to achieve sta-
tistical significance (per-protocol analysis, com-
bination of trials or selection of certain time
frames), multiple analyses, a focus on laboratory
(not clinical) outcomes and inconsistent results. 40",344,49,3,0.4187289774417877,0.06805618107318878,0.7592798471450806,0.17721694707870483,2026-05-08T19:40:26.797916+00:00,1.12.0,dpt-2-20260410
Prevention_and_treatment_of_the_common_cold.pdf,75b72a66-c1ad-44fa-a23a-5a2b1cb57310,42,text,"## Other interventions
A variety of other interventions have been studied for the prevention of the common cold. Studies of exercise, 41 garlic 42,43 and homeopathy 44-46 showed unclear evidence of benefit, whereas those of vitamin D 48,49 and echinacea 50 showed no evidence of benefit. Vitamin C 47 may provide some benefit in people under physical stress (e.g., marathon runners or soldiers in subarctic environments), but no meaningful benefit has been shown for the average patient.",487,77,3,0.41823017597198486,0.18569520115852356,0.7600178718566895,0.3548939526081085,2026-05-08T19:40:26.797916+00:00,1.12.0,dpt-2-20260410
Prevention_and_treatment_of_the_common_cold.pdf,ccf9ca9d-a386-47f5-8bc5-d06d3c5cf7ff,43,table,"<table id=""3-1"">
<tr><td id=""3-2"" colspan=""7"">Table 1 (part 2 of 2): Interventions for the prevention of the common cold</td></tr>
<tr><td id=""3-3"">Intervention</td><td id=""3-4"">Formulation and dose</td><td id=""3-5"">Evidence</td><td id=""3-6"">Risk of bias</td><td id=""3-7"">Outcome</td><td id=""3-8"">Harms</td><td id=""3-9"">Comment</td></tr>
<tr><td id=""3-a"">Garlic supplement42,43</td><td id=""3-b"">Allicin powder 180 mg</td><td id=""3-c"">Meta-analysis (1 RCT; n = 146)</td><td id=""3-d"">High (1 trial had unclear allocation concealment)</td><td id=""3-e"">73 participants in each group; over 90-d period, 24 colds in intervention group v. 65 in control group (p &lt; 0.001); unclear how many had no colds</td><td id=""3-f"">Not reported (other than 4 taking garlic and 1 taking placebo having a smell when burping)</td><td id=""3-g"">Unclear benefit</td></tr>
<tr><td id=""3-h"">Homeopathy44-46</td><td id=""3-i"">Multiple different treatments</td><td id=""3-j"">3 RCTs (n = 170, 142 and 199 children, respectively, aged ≤ 10 yr)</td><td id=""3-k"">Moderate (2 trials had 15%-23% drop out before first dose; 1 was nonblinded)</td><td id=""3-l"">2 placebo-controlled RCTs: no significant effect; 1 RCT with wait-list control showed reduced symptoms and days ill</td><td id=""3-m"">1 of 3 RCTs reported adverse events; 22% had mild and transient adverse effects, but control group not mentioned</td><td id=""3-n"">Unclear (likely no) benefit</td></tr>
<tr><td id=""3-o"">Vitamin C47</td><td id=""3-p"">Vitamin C 0.2-3 g/d (1 g/d most common)</td><td id=""3-q"">Meta-analysis (29 RCTs; n = 11 306)</td><td id=""3-r"">Unclear (reviewers used blinding as surrogate of allocation concealment)</td><td id=""3-s"">Community participants: no effect (RR 0.97, 95% CI 0.94 to 1.00); participants exposed to cold or heavy physical stress: fewer colds (RR 0.48, 95% CI 0.35 to 0.64). Duration shorter than with placebo (mean difference -9.1%, 95% CI-12.6% to -5.6%). Effect not better with higher dose</td><td id=""3-t"">None reported</td><td id=""3-u"">No benefit (no meaningful benefit in the average patient)</td></tr>
<tr><td id=""3-v"">Vitamin D48,49</td><td id=""3-w"">Vitamin D 400 IU daily; 200 000 IU monthly for 2 mo, then 100 000 monthly</td><td id=""3-x"">2 RCTs (n = 164 male military recruits, 322 health workers or students)</td><td id=""3-y"">Moderate (high risk of bias in one trial, low risk in the other trial)</td><td id=""3-z"">No consistent benefit</td><td id=""3-A"">Likely none</td><td id=""3-B"">No benefit</td></tr>
<tr><td id=""3-C"">Echinacea50</td><td id=""3-D"">Echinacea purpurea, E. angustifolia (pressed juice or extract in different dilutions and volumes)</td><td id=""3-E"">Systematic review (2 RCTs; n = 519)</td><td id=""3-F"">Low</td><td id=""3-G"">3 comparisons, not pooled: none showed statistical difference from placebo in preventing colds</td><td id=""3-H"">No significant difference from placebo</td><td id=""3-I"">No benefit</td></tr>
<tr><td id=""3-J"" colspan=""7"">Note: CI = confidence interval, OR = odds ratio, RCT = randomized control trial, RR = rate ratio, URTI = upper respiratory tract infection.</td></tr>
</table>",3087,374,3,0.06353878974914551,0.36341333389282227,0.9396569728851318,0.9303187131881714,2026-05-08T19:40:26.797916+00:00,1.12.0,dpt-2-20260410
Prevention_and_treatment_of_the_common_cold.pdf,c48ad78b-a7b6-4423-9654-e9323554eb07,44,marginalia,"CMAJ, February 18, 2014, 186(3)",31,5,3,0.6363521814346313,0.957159161567688,0.8734340667724609,0.9758626222610474,2026-05-08T19:40:26.797916+00:00,1.12.0,dpt-2-20260410
Prevention_and_treatment_of_the_common_cold.pdf,302bf36c-b15c-46fa-bde2-d9f3ab529655,45,marginalia,193,3,1,3,0.903639018535614,0.9573650360107422,0.9346407055854797,0.9749089479446411,2026-05-08T19:40:26.797916+00:00,1.12.0,dpt-2-20260410
Prevention_and_treatment_of_the_common_cold.pdf,d075f378-f825-41e5-a681-61549eea84cf,46,text,REVIEW,6,1,4,0.06609748303890228,0.027877770364284515,0.1583847850561142,0.04503217339515686,2026-05-08T19:40:26.797916+00:00,1.12.0,dpt-2-20260410
Prevention_and_treatment_of_the_common_cold.pdf,456e5dec-90df-431b-bcea-5cffe88b9d67,47,text,"Summarized details of these interventions can
be found in Table 1. See also Appendix 1 (avail-
able at www.cmaj.ca/lookup/suppl/doi:10.1503
/cmaj.121442/-/DC1) for a more detailed discus-
sion of each intervention.",214,29,4,0.24036788940429688,0.06777317821979523,0.5816576480865479,0.1470133662223816,2026-05-08T19:40:26.797916+00:00,1.12.0,dpt-2-20260410
Prevention_and_treatment_of_the_common_cold.pdf,fba452ec-3e7a-4abc-9473-63572414d8a4,48,text,**What medications are effective for treating the common cold?** The traditional pharmacologic treatments of the common cold are summarized in Table 2.51-66,156,22,4,0.2409360110759735,0.16125662624835968,0.5800191164016724,0.24915160238742828,2026-05-08T19:40:26.797916+00:00,1.12.0,dpt-2-20260410
Prevention_and_treatment_of_the_common_cold.pdf,48517616-2a3e-4115-baad-7aae2083b797,49,text,"**Antihistamines, monotherapy**
Antihistamines as monotherapy have no meaningful effect in the treatment of the common cold.51,52 A recent meta-analysis showed no significant improvement in general symptoms for this intervention (Peto OR 0.97, 95% CI 0.85 to 1.12); multiple sensitivity and subgroup analyses did not alter the finding in a meaningful way.52 Although statistical significance was reached for some nasal symptoms, clinical significance (<=0.3",457,63,4,0.24169620871543884,0.26089537143707275,0.5815038681030273,0.41336292028427124,2026-05-08T19:40:26.797916+00:00,1.12.0,dpt-2-20260410
Prevention_and_treatment_of_the_common_cold.pdf,8afb13b7-8168-4e27-ac9e-b9012e09c54d,50,text,"change on 4–5-point scale) was reached for none.
An earlier meta-analysis had similar results.⁵¹",96,14,4,0.5963708758354187,0.06832647323608398,0.9344637989997864,0.10250023007392883,2026-05-08T19:40:26.797916+00:00,1.12.0,dpt-2-20260410
Prevention_and_treatment_of_the_common_cold.pdf,6ceb30d3-1654-4bc9-907d-d592ed505892,51,text,"Antihistamines, combination therapy
Antihistamines combined with decongestants, analgesics or both appear to have a small to moderate effect on the common cold in older children and adults. A large systematic review and meta-analysis found that the antihistamine-decongestant combination reduced global symptoms in six pooled studies (OR 0.27, 95% CI 0.15 to 0.50). The estimated number needed to treat was five. Although overall adverse events were not increased, there were significant increases in dry mouth (OR 3.77, 95% CI 1.75 to 8.14) and insomnia (OR 3.02, 95% CI 1.08 to 8.47). Fewer, and smaller, RCTs examined other combinations, and pooling was limited. For the antihistamine-analgesic combination, two of three studies reported on global symptoms and found significant improvement. For the antihistamine-decongestant-analgesic combination compared with placebo, four trials reported improve-",904,128,4,0.5953372716903687,0.11184519529342651,0.9373778104782104,0.4145008325576782,2026-05-08T19:40:26.797916+00:00,1.12.0,dpt-2-20260410
Prevention_and_treatment_of_the_common_cold.pdf,fd335bcf-c59d-4db0-b89f-3021f9edc8c0,52,table,"<table id=""4-1"">
<tr><td id=""4-2"" colspan=""7"">Table 2 (part 1 of 2): Pharmacologic interventions for the treatment of the common cold</td></tr>
<tr><td id=""4-3"">Intervention</td><td id=""4-4"">Formulation and dose</td><td id=""4-5"">Evidence</td><td id=""4-6"">Risk of bias</td><td id=""4-7"">Outcome</td><td id=""4-8"">Harms</td><td id=""4-9"">Comment</td></tr>
<tr><td id=""4-a"">Antihistamine, monotherapy 51,52</td><td id=""4-b"">Various antihistamines</td><td id=""4-c"">2 meta-analyses (9 RCTs in first, n = 1023 adults; 32 RCTs in second, n = 8930 adults and children); total 22 RCTs</td><td id=""4-d"">Moderate (some trial quality issues and conflicting results)</td><td id=""4-e"">Overall symptoms and nasal obstruction not improved; subjective improvement in rhinorrhea and sneezing at days 2-4 statistically significant but not clinically significant (scores generally ≤ 0.3 on scale of 4-5)</td><td id=""4-f"">Adverse events (primarily sedation) increased with first-generation antihistamines (Peto OR 1.25, 95% CI 1.04-1.50); no increase with nonsedating antihistamines</td><td id=""4-g"">No clinically meaningful benefit</td></tr>
<tr><td id=""4-h"">Antihistamine, combination therapy53</td><td id=""4-i"">Antihistamine plus decongestant or analgesic or both</td><td id=""4-j"">Meta-analysis (27 RCTs; n = 5117 adults and children)</td><td id=""4-k"">High (trial quality issues common, and conflicting results)</td><td id=""4-l"">Best evidence for antihistamine- decongestant combination (NNT = 5 for global symptoms); other combinations had small to moderate effects in adults and older children</td><td id=""4-m"">Some increased adverse events (insomnia and dry mouth) with antihistamine- decongestant combination; no statistically significant differences with other combinations</td><td id=""4-n"">Likely beneficial in adults and older children; no effect in children ≤ 5 yr</td></tr>
<tr><td id=""4-o"">Decongestant 54-57</td><td id=""4-p"">Oral phenylephrine and topical nasal decongestant</td><td id=""4-q"">3 meta-analyses and 1 systematic review (4-15 RCTs)</td><td id=""4-r"">High (limited quality information available)</td><td id=""4-s"">Oral and topical decongestants: small, statistically significant effect on nasal airway resistance, but no consistent clinical effect; no data for children</td><td id=""4-t"">No consistent effect on heart rate or blood pressure; small increase in insomnia</td><td id=""4-u"">Small benefit but uncertain clinical significance; no data for children</td></tr>
<tr><td id=""4-v"">Intranasal
ipratropium
58</td><td id=""4-w"">Ipratropium
42–168 µg
(1–2 sprays 3–4
times per day)</td><td id=""4-x"">Meta-analysis
(7 RCTs; n = 2144
adults and children
≥ 5 yr)</td><td id=""4-y"">Moderate (some
trial quality
issues)</td><td id=""4-z"">Improved rhinorrhea
but not nasal
congestion; at 24 h,
87% of ipratropium
group v. 73% of
control group rated
themselves as much
better or better (p =
0.004)</td><td id=""4-A"">Increased epistaxis, nasal dryness and mouth dryness</td><td id=""4-B"">Probable benefit</td></tr>
</table>",3007,340,4,0.0620521605014801,0.42079633474349976,0.938988208770752,0.9306454062461853,2026-05-08T19:40:26.797916+00:00,1.12.0,dpt-2-20260410
Prevention_and_treatment_of_the_common_cold.pdf,a66d0cb2-2f80-41a1-804d-82431f09ebcd,53,marginalia,194,3,1,4,0.06630454212427139,0.9578506946563721,0.0980689600110054,0.9746812582015991,2026-05-08T19:40:26.797916+00:00,1.12.0,dpt-2-20260410
Prevention_and_treatment_of_the_common_cold.pdf,57464600-f874-4526-ba2b-fe52a0d6cb47,54,marginalia,"CMAJ, February 18, 2014, 186(3)",31,5,4,0.12674790620803833,0.9577916264533997,0.36291733384132385,0.9763959050178528,2026-05-08T19:40:26.797916+00:00,1.12.0,dpt-2-20260410
Prevention_and_treatment_of_the_common_cold.pdf,97464c12-f5d5-4d1f-bc0a-4e2098864e9f,55,marginalia,REVIEW,6,1,5,0.8452473878860474,0.027230344712734222,0.939861536026001,0.04587027430534363,2026-05-08T19:40:26.797916+00:00,1.12.0,dpt-2-20260410
Prevention_and_treatment_of_the_common_cold.pdf,951c6a03-d48f-44da-ae77-fffabaece0af,56,text,"ment in global symptoms and two found statisti-
cally significant improvement.",78,11,5,0.0633564293384552,0.06856001913547516,0.40287327766418457,0.10008569061756134,2026-05-08T19:40:26.797916+00:00,1.12.0,dpt-2-20260410
Prevention_and_treatment_of_the_common_cold.pdf,171e2cdc-5368-42ec-a2a8-5948dc61f607,57,text,"We found no evidence of effectiveness of antihistamines combined with decongestants, analgesics or both in younger children (age ≤ 5), and Health Canada recommends against use in this age group. 67 Adverse events were significantly increased with antihistamine–analgesic and antihistamine–decongestant–analgesic combinations, but pooled estimates were small and may not reflect actual clinical results.",402,53,5,0.06347082555294037,0.09999469667673111,0.40484321117401123,0.23621812462806702,2026-05-08T19:40:26.797916+00:00,1.12.0,dpt-2-20260410
Prevention_and_treatment_of_the_common_cold.pdf,110afb15-c253-43e2-93e7-4ca1459784ca,58,text,"## Decongestants
Decongestants result in small improvements of uncertain clinical significance in nasal symptoms, according to three meta-analyses⁵⁴⁻⁵⁶ and a systematic review.⁵⁷ Oral decongestants were shown to decrease subjective nasal symptoms by 6% with a single dose and 4% with recurrent doses, but clinical relevance is uncertain.⁵⁶ Although phenylephrine (10–25 mg orally) was found to reduce nasal airway resistance by about 10% (_p_ < 0.05), the clinical meaning of this outcome is",491,72,5,0.06311576068401337,0.24585188925266266,0.4058009386062622,0.4139525890350342,2026-05-08T19:40:26.797916+00:00,1.12.0,dpt-2-20260410
Prevention_and_treatment_of_the_common_cold.pdf,216a7b7f-e21b-40eb-9d8f-7d3ce11cca43,59,text,"uncertain. 54,55 Fourteen of 26 studies did not report
significant improvement in any subjective clinical
outcome. 55 A single RCT of nasal xylometazoline
monotherapy found positive effects, but the trial
may have selectively reported positive outcomes
and was funded by the manufacturer.57 Children
were not represented in trials of topical deconges-
tants, and Health Canada recommends against
use in this age group. 67",421,63,5,0.4189826250076294,0.06832504272460938,0.7588754892349243,0.205976665019989,2026-05-08T19:40:26.797916+00:00,1.12.0,dpt-2-20260410
Prevention_and_treatment_of_the_common_cold.pdf,2bcc28d2-a285-4586-9202-60c7b54c8733,60,text,"# Intranasal ipratropium
Inhaled ipratropium bromide appears to improve cold symptoms, particularly rhinorrhea, with a moderate increase in adverse events such as epistaxis and dryness of the nose and mouth. A systematic review and meta-analysis of intranasal ipratropium bromide spray did not pool data because of variability in scales, measurements and other parameters. 58 Four RCTs identified in the systematic review reported statistically significant improvement in rhinorrhea symptoms compared with placebo. However, four other RCTs found no improvement in nasal congestion compared with",594,83,5,0.4191993772983551,0.21645063161849976,0.7589253187179565,0.41414040327072144,2026-05-08T19:40:26.797916+00:00,1.12.0,dpt-2-20260410
Prevention_and_treatment_of_the_common_cold.pdf,47abf400-f569-442f-b564-0b974d22d680,61,table,"<table id=""5-1"">
<tr><td id=""5-2"" colspan=""7"">Table 2 (part 2 of 2): Pharmacologic interventions for the treatment of the common cold</td></tr>
<tr><td id=""5-3"">Intervention</td><td id=""5-4"">Formulation and dose</td><td id=""5-5"">Evidence</td><td id=""5-6"">Risk of bias</td><td id=""5-7"">Outcome</td><td id=""5-8"">Harms</td><td id=""5-9"">Comment</td></tr>
<tr><td id=""5-a"">Over-the-counter cough treatments58</td><td id=""5-b"">Antitussives, antihistamines, mucolytics, expectorants, alone or in combination*</td><td id=""5-c"">Meta-analysis (8 RCTs, n = 616 children; 18 RCTs, n = 3421 adults)</td><td id=""5-d"">High (multiple trial quality issues and conflicting results)</td><td id=""5-e"">Children: no benefit Adults: some inconsistent benefit with some combinations and dextromethorphan</td><td id=""5-f"">Inconsistently reported</td><td id=""5-g"">No benefit in children; benefit unclear (but likely small) in adults</td></tr>
<tr><td id=""5-h"">Vapour rub59</td><td id=""5-i"">5-10 mL rubbed on chest and neck one night</td><td id=""5-j"">RCT (n = 138 children, age 2-11 yr)</td><td id=""5-k"">Moderate (poorly described randomization, blinding limited, single study)</td><td id=""5-l"">No improvement in cough or rhinorrhea but small improvement in sleep for child and parent compared with placebo</td><td id=""5-m"">Significant increase in adverse events (burning of skin, eyes and nose)</td><td id=""5-n"">Unclear benefit, but harms present</td></tr>
<tr><td id=""5-o"">NSAID60</td><td id=""5-p"">7 different NSAIDs used (ibuprofen most common)</td><td id=""5-q"">Meta-analysis (9 RCTs; n = 1069 adults)</td><td id=""5-r"">Moderate (main limitation was missing information on randomization)</td><td id=""5-s"">No improvement in duration of cold, overall symptoms or most respiratory symptoms; improvement in some pain areas (ear, muscles, headache) but not sore throat</td><td id=""5-t"">Nonsignificant trend to increased adverse events (risk ratio 2.94, 95% CI 0.51 to 17.03)</td><td id=""5-u"">Likely beneficial for pain; no benefit for other symptoms</td></tr>
<tr><td id=""5-v"">Acetaminophen (paracetamol)61-64</td><td id=""5-w"">1000 mg 4 times daily in adults or 15 mg/kg in children</td><td id=""5-x"">2 RCTs (n = 90 children, 392 adults), plus 2 meta- analyses focused on fever</td><td id=""5-y"">Moderate (few trials with limited randomization and allocation information)</td><td id=""5-z"">Overall, acetaminophen was more effective than placebo in reducing fever and providing mild analgesia; it was less effective than ibuprofen in fever control (in children)</td><td id=""5-A"">Adverse events higher with 1000 mg acetaminophen v. (25% v. 5%, p &lt; 0.001); all events were mild or moderate (e.g., sweating)</td><td id=""5-B"">Likely effective for fever and analgesia v. placebo; inferior to ibuprofen for fever control</td></tr>
<tr><td id=""5-C"">Antibiotic65</td><td id=""5-D"">Various antibiotics</td><td id=""5-E"">Meta-analysis (6 RCTs; n = 1047 adults and children)</td><td id=""5-F"">Moderate (some trial quality concerns and inconsistent results)</td><td id=""5-G"">No effect on reduction of persistent symptoms (risk ratio 0.95, 95% CI 0.59 to 1.51)</td><td id=""5-H"">Adverse events increased (relative risk 1.8, 95% CI 1.01 to 3.21)</td><td id=""5-I"">No benefit, and harms present</td></tr>
<tr><td id=""5-J"" colspan=""7"">Note: CI = confidence interval, NNT = number needed to treat, NSAIDs = nonsteroidal anti-inflammatory drugs, OR = odds ratio, RCT = randomized control trial.
*Includes dextromethorphan, codeine, letosteine, brompheniramine–phenylpropanolamine, guaifenesin, pseudophedrine, diphenhydramine, chlorpheniramine,
clemastine and combinations.</td></tr>
</table>",3638,414,5,0.062268078327178955,0.4272092580795288,0.9392277598381042,0.9294906854629517,2026-05-08T19:40:26.797916+00:00,1.12.0,dpt-2-20260410
Prevention_and_treatment_of_the_common_cold.pdf,ab93490d-fd6f-40e0-84e3-cb64d1472e9e,62,marginalia,"CMAJ, February 18, 2014, 186(3)",31,5,5,0.636564314365387,0.9571803212165833,0.8733516335487366,0.9757360816001892,2026-05-08T19:40:26.797916+00:00,1.12.0,dpt-2-20260410
Prevention_and_treatment_of_the_common_cold.pdf,1c341b88-253e-46b7-a05f-c7680270f0fa,63,marginalia,195,3,1,5,0.9035120010375977,0.957535445690155,0.9347572326660156,0.9747291207313538,2026-05-08T19:40:26.797916+00:00,1.12.0,dpt-2-20260410
Prevention_and_treatment_of_the_common_cold.pdf,2ad21d20-4871-45b5-b6cb-01719839603d,64,marginalia,REVIEW,6,1,6,0.06640295684337616,0.02795817330479622,0.15821732580661774,0.04480912908911705,2026-05-08T19:40:26.797916+00:00,1.12.0,dpt-2-20260410
Prevention_and_treatment_of_the_common_cold.pdf,23677fef-00cc-43ef-beb0-e2247a0009fc,65,text,"placebo. Two RCTs found a statistically signifi-
cant improvement in the global assessment of
symptoms, with 10%-15% more patients in the
ipratropium group reporting themselves as ""good
or better"" or ""much better or better"" on day 1 or 2
(e.g., in one study, 74% of patients using iprat-
ropium and 61% of those using placebo rated
themselves ""much better or better"" [p = 0.02]).
Pooled data on adverse events (from up to six
RCTs) showed significantly increased epistaxis
(OR 3.21, 95% CI 1.68 to 6.13), nasal dryness
(OR 2.55, 95% CI 1.50 to 4.33) and dry mouth
(OR 3.59, 95% CI 1.38 to 9.38).",595,104,6,0.24170222878456116,0.06742899864912033,0.5829143524169922,0.26589807868003845,2026-05-08T19:40:26.797916+00:00,1.12.0,dpt-2-20260410
Prevention_and_treatment_of_the_common_cold.pdf,34bbeb7a-30e5-4137-a15d-1a29caa20de0,66,text,"## Over-the-counter cough suppressants
Over-the-counter cough suppressants are of no benefit for children, and Health Canada recommends against their use in children under the age of six years. 67 For adults, the benefit is unclear but likely small. A systematic review evaluated a variety of outcomes such as cough and global improvement scores in children (age two to seven years), but statistically significant improvements were infrequent and inconsistent and of doubtful clinical significance. 59,68 In addition, a Canadian review of codeine for acute cough in children found no benefit when compared with placebo. 69 In adults, antihistamines and codeine had no effect on cough. 59 One study of guaifenesin found no benefit; in another, 75% of participants reported that guaifenesin was helpful for their cough, compared with 31% given placebo (p < 0.01). 59 Dextromethorphan had mixed results, with two positive trials showing a 12%–36% improvement in cough scores (p < 0.05). 59 Combination products seemed to have some benefit, but there is little consistency in outcomes and it is not clear whether all negative outcomes were reported. Poor trial quality, varying reported outcomes and inconsistent results limit interpretation. 59",1241,190,6,0.24046175181865692,0.2755572199821472,0.583354651927948,0.6512661576271057,2026-05-08T19:40:26.797916+00:00,1.12.0,dpt-2-20260410
Prevention_and_treatment_of_the_common_cold.pdf,1f4d0029-53ad-4b59-9c5c-ca77a00eb58f,67,text,"# Vapour rub
Vapour rub containing camphor, menthol and eucalyptus oil is applied to the neck and chest. In the one RCT⁶⁰ we found that assessed its efficacy, harms appeared to outweigh benefits. No effect was found on rhinorrhea. Scores for cough frequency and severity were improved compared with no treatment (p = 0.006 or better) but not compared with petrolatum (placebo). Scores for child and parental sleep were both significantly improved with Vapour rub versus petrolatum (p = 0.008 or better). For the combination of all scales (range 6–42), vapour rub had an improved score of about 4 higher than petrolatum (p = 0.03). However, significantly increased adverse events over placebo included burning sensation to the skin (28%), nose (14%) and eyes (16%) (p < 0.001 each). Rash and redness of skin each",811,134,6,0.24054569005966187,0.6605796813964844,0.5830601453781128,0.9330835342407227,2026-05-08T19:40:26.797916+00:00,1.12.0,dpt-2-20260410
Prevention_and_treatment_of_the_common_cold.pdf,7a9c1002-fcab-4f81-af31-c47fc37ab399,68,text,"occurred in 5% of patients using vapour rub, com-
pared with none using petrolatum.",83,14,6,0.5967457890510559,0.06879843026399612,0.934816300868988,0.10290291160345078,2026-05-08T19:40:26.797916+00:00,1.12.0,dpt-2-20260410
Prevention_and_treatment_of_the_common_cold.pdf,816f4ddf-6d11-4b8f-a794-166bce6108d9,69,text,"## Other interventions
Nonsteroidal anti-inflammatory drugs and acetaminophen appear to be effective in relieving pain and fever in people with upper respiratory tract infection but not in relieving other symptoms.61-63 Ibuprofen has been shown to be superior to acetaminophen in fever control, whereas the safety of these drugs, at least in pediatric populations, is equivalent.64,65 Antibiotics have no beneficial effect on the common cold but do increase adverse events.66 Because many symptoms of bacterial upper respiratory tract infections overlap with cold symptoms, clinicians may be tempted to prescribe antibiotics. Although prescribing should be minimized, issuing a delayed prescription for an antibiotic at times of uncertainty has been shown to reduce antibiotic use from 93% to 32%.70",799,116,6,0.5964198112487793,0.1122174859046936,0.9370578527450562,0.36713823676109314,2026-05-08T19:40:26.797916+00:00,1.12.0,dpt-2-20260410
Prevention_and_treatment_of_the_common_cold.pdf,a96537ca-9f28-4305-bc14-68a741270b5f,70,text,"Summarized details of these interventions can
be found in Table 2. See also Appendix 1 for a
more detailed discussion of each intervention.",139,23,6,0.597147524356842,0.367000937461853,0.9373480677604675,0.41290587186813354,2026-05-08T19:40:26.797916+00:00,1.12.0,dpt-2-20260410
Prevention_and_treatment_of_the_common_cold.pdf,b3832d19-d507-4202-a100-00bf50905c2e,71,text,"What alternative and
nonpharmacologic treatments
of the common cold are effective?",82,11,6,0.5964239835739136,0.422468900680542,0.9353851079940796,0.48797607421875,2026-05-08T19:40:26.797916+00:00,1.12.0,dpt-2-20260410
Prevention_and_treatment_of_the_common_cold.pdf,448e59d2-fe01-4677-8b79-e1147e0e10c9,72,text,"Alternative and nonpharmacologic treatments of the common cold are summarized in Table 3.47,50,71–80",100,13,6,0.5970391631126404,0.4974251389503479,0.9375975728034973,0.5324552655220032,2026-05-08T19:40:26.797916+00:00,1.12.0,dpt-2-20260410
Prevention_and_treatment_of_the_common_cold.pdf,5d66446e-8edb-4248-bd36-a748d7260bb7,73,text,"Honey
Consistent findings of three RCTs involving chil-
dren suggest that a single night-time dose of honey
can have a small effect on cough and sleep in chil-
dren over 12 months old.71–73 Multiple methodologic
issues were present in one or more of the trials,
including inadequate description of randomization
and allocation, no blinding, exclusion of patients
who deviated from the protocol, substitution of
clinician ratings in place of parent or child ratings,
funding by the Honey Board and uncertain clinical
significance.68,71–73 There was no consistency in
adverse events between the trials. Honey should not
be given to children younger than 12 months.",662,103,6,0.5961081981658936,0.5426447987556458,0.9380615949630737,0.7548636794090271,2026-05-08T19:40:26.797916+00:00,1.12.0,dpt-2-20260410
Prevention_and_treatment_of_the_common_cold.pdf,4b3ebeb6-3443-41b8-991c-a11cbd1df87c,74,text,"**Zinc, oral or intranasal**
Inconsistent evidence from a meta-analysis suggests that orally administered zinc reduces the duration and severity of the common cold in adults.74 A 23-mg zinc gluconate lozenge every two hours was the most commonly studied regimen, although there was considerable variability across studies in dose (4.5 to 23.7 mg), frequency (twice daily to 10 times daily) and formulations (gluconate, sulfate or acetate).74 Zinc shortened the course of colds significantly (mean difference -1.65 d, 95% CI -2.5 to",531,80,6,0.5953736901283264,0.763121485710144,0.9389393925666809,0.9327648878097534,2026-05-08T19:40:26.797916+00:00,1.12.0,dpt-2-20260410
Prevention_and_treatment_of_the_common_cold.pdf,0d1d79e3-7889-4d80-b0ff-131cf67a5ea1,75,marginalia,196,3,1,6,0.06648347526788712,0.9581469297409058,0.09798366576433182,0.9745312929153442,2026-05-08T19:40:26.797916+00:00,1.12.0,dpt-2-20260410
Prevention_and_treatment_of_the_common_cold.pdf,a3c58b6d-6220-43cc-8c2e-e745c246cbda,76,marginalia,"CMAJ, February 18, 2014, 186(3)",31,5,6,0.12676343321800232,0.957615315914154,0.3627341389656067,0.9761733412742615,2026-05-08T19:40:26.797916+00:00,1.12.0,dpt-2-20260410
Prevention_and_treatment_of_the_common_cold.pdf,04c86dc8-bb69-44cb-b8a4-21b1512c32e5,77,marginalia,REVIEW,6,1,7,0.8453044295310974,0.02720494568347931,0.9394226670265198,0.04575888812541962,2026-05-08T19:40:26.797916+00:00,1.12.0,dpt-2-20260410
Prevention_and_treatment_of_the_common_cold.pdf,45b5449c-ee28-49bd-9c6b-4017530532f6,78,text,"-0.8, compared with placebo), a finding similar to
but somewhat better than the Cochrane review³¹
(standardized mean difference -0.97 d, 95% CI
-1.56 to -0.38). However, zinc was found to have
no significant effect on the duration of colds in chil-
dren (mean difference -0.26, 95% CI -0.78 to
0.25), but the effect was significant in adults (mean
difference -2.63, 95% CI -3.69 to -1.58).74 Higher
doses appeared to be more effective than lower
doses. Zinc did not significantly affect symptom
severity in children (standard mean difference
-0.05, 95% CI -0.27 to 0.17) but did reduce sever-
ity in adults (standard mean difference -0.64, 95%
CI -1.05 to -0.24).74 Although the data were posi-",694,114,7,0.061428219079971313,0.06738507747650146,0.406185507774353,0.28030553460121155,2026-05-08T19:40:26.797916+00:00,1.12.0,dpt-2-20260410
Prevention_and_treatment_of_the_common_cold.pdf,fe3159a5-68c3-41ba-98a1-9cc5d267a224,79,text,"tive for adults, heterogeneity was consistently high
in all results (P = 55% to 95%), which reflected a
high level of inconsistency, even in subgroup test-
ing.74 Use of oral zinc supplements was associated
with an increased risk of adverse events such as bad
taste and nausea (risk ratio 1.24, 95% CI 1.05 to
1.46).74 It is unclear why oral zinc treatment seems
to benefit adults more than children.",400,69,7,0.41920968890190125,0.06848932057619095,0.7587555646896362,0.18931126594543457,2026-05-08T19:40:26.797916+00:00,1.12.0,dpt-2-20260410
Prevention_and_treatment_of_the_common_cold.pdf,0158f445-bb73-4a8a-ad66-dc072d9573b9,80,text,"The evidence to support intranasal use of zinc
is weak, and important risks exist.79 We found
only three RCTs of zinc used intranasally, 0.044
mg to 2.1 mg daily in four doses.79 There was no
significant difference in any persisting symptoms
at day 3 for all pooled studies, and again the het-",293,52,7,0.4198402464389801,0.18941447138786316,0.7595405578613281,0.2797721326351166,2026-05-08T19:40:26.797916+00:00,1.12.0,dpt-2-20260410
Prevention_and_treatment_of_the_common_cold.pdf,9bcff3ab-79db-4cca-a466-b17c79ec62fa,81,table,"<table id=""7-1"">
<tr><td id=""7-2"" colspan=""7"">Table 3: Alternative and nonpharmacologic interventions for the treatment of the common cold</td></tr>
<tr><td id=""7-3"">Intervention</td><td id=""7-4"">Formulation and dose</td><td id=""7-5"">Evidence</td><td id=""7-6"">Risk of bias</td><td id=""7-7"">Outcome</td><td id=""7-8"">Harms</td><td id=""7-9"">Comment</td></tr>
<tr><td id=""7-a"">Honey71-73</td><td id=""7-b"">2.5-10 mg, one dose at bedtime</td><td id=""7-c"">3 RCTs (n = 105, 139 and 300 children, respectively); most aged 1-5 yr</td><td id=""7-d"">Moderate (multiple trial quality issues, but results highly consistent)</td><td id=""7-e"">Evidence of benefit over placebo and dextromethorphan</td><td id=""7-f"">No consistent adverse events</td><td id=""7-g"">Small benefit for cough in children (age &gt; 1 yr); no data for adults</td></tr>
<tr><td id=""7-h"">Zinc, oral74</td><td id=""7-i"">Different formulations, doses, frequency; zinc gluconate 23-mg lozenge every 2 h most common</td><td id=""7-j"">Meta-analysis (17 RCTs, n = 2121)</td><td id=""7-k"">Moderate (high or moderate risk of bias in many studies)</td><td id=""7-l"">Pooled analysis of 8 RCTs: reduced duration of cold (mean difference -1.65 d, 95% CI -2.5 to -0.8)</td><td id=""7-m"">Increased adverse events (bad taste and nausea)</td><td id=""7-n"">Probable benefit in adults, but harms present; no benefit in children</td></tr>
<tr><td id=""7-o"">Nasal irrigation75</td><td id=""7-p"">Generally, saline drops (children) or irrigation</td><td id=""7-q"">Systematic review and meta-analysis (3 RCTs, n = 618)</td><td id=""7-r"">High (multiple outcomes, most nonsignificant, and quality issues in RCTs)</td><td id=""7-s"">Pooled analysis of 2 RCTs: no difference in nasal symptom score; other results inconsistent</td><td id=""7-t"">13% nasal irritation, 30% dry nose, 40% of infants intolerant of nasal drops</td><td id=""7-u"">Unclear benefit</td></tr>
<tr><td id=""7-v"">Humidified air76</td><td id=""7-w"">Heated water (42°C-47°C), vapourized</td><td id=""7-x"">Systematic review and meta- analysis (6 RCTs, n = 394)</td><td id=""7-y"">Moderate (unclear allocation concealment and mixed results)</td><td id=""7-z"">Pooled analysis of 2 RCTs: fewer participants with persistent symptoms (Peto OR 0.31, 95% CI 0.16 to 0.60); very inconsistent results (I² = 89%)</td><td id=""7-A"">Increased harms, including mask discomfort and increased nasal congestion</td><td id=""7-B"">Unclear benefit</td></tr>
<tr><td id=""7-C"">Echinacea50</td><td id=""7-D"">Variable formulations and dosing; E. purpurea most common</td><td id=""7-E"">Systematic review (14 RCTs, n = 2090)</td><td id=""7-F"">Moderate (some trial quality issues, and inconsistent formulations, cold definitions and results)</td><td id=""7-G"">Inconsistent results (not pooled); for example, 1 of 6 studies showed improved duration and severity of symptoms</td><td id=""7-H"">No evidence of harms</td><td id=""7-I"">Unclear benefit</td></tr>
<tr><td id=""7-J"">Chinese medicinal herbs77</td><td id=""7-K"">Various formulations</td><td id=""7-L"">Systematic review (17 RCTs, n = 3212)</td><td id=""7-M"">High (poor trial quality)</td><td id=""7-N"">Data not pooled; 1 of 17 RCTs showed improved severity of symptoms</td><td id=""7-O"">Not reported</td><td id=""7-P"">Unclear (likely no) benefit</td></tr>
<tr><td id=""7-Q"">Ginseng78</td><td id=""7-R"">North American ginseng extract in standard dose (26 mg/kg on day 1, 17 mg/kg on day 2, 9 mg/kg on day 3) v. low dose (half the amounts on each day) v. placebo</td><td id=""7-S"">1 RCT (n = 46 children aged 3-12 yr)</td><td id=""7-T"">Low (high-quality trial)</td><td id=""7-U"">No effects reported</td><td id=""7-V"">No increase in adverse events</td><td id=""7-W"">Unclear benefit</td></tr>
<tr><td id=""7-X"">Vitamin C47</td><td id=""7-Y"">1.5-4 g for 1-5 d</td><td id=""7-Z"">Meta-analysis (7 trials, n = 3294 colds)</td><td id=""7-10"">Moderate (reviewers used blinding as a surrogate of allocation concealment)</td><td id=""7-11"">Pooled analysis of 7 RCTs: no effect on duration</td><td id=""7-12"">No evidence of harms</td><td id=""7-13"">No benefit</td></tr>
<tr><td id=""7-14"">Zinc,
intranasal79,80</td><td id=""7-15"">Zinc nasal spray
33 mmol/L, each
nostril 4 times daily
(2.1 mg total) in 2 of 3
studies</td><td id=""7-16"">Meta-analysis
(3 studies,
n = 453)</td><td id=""7-17"">Moderate (high
heterogeneity,
possible nonblinding
and poor description
of randomization)</td><td id=""7-18"">Pooled analysis of 3
RCTs: no significant
effect on presence of
symptoms at day 3</td><td id=""7-19"">Nasal burning
and stinging;
unresolved
concern of
permanent loss
of smell</td><td id=""7-1a"">Do not use
(unclear
benefit and
possible
serious harm
may exist)</td></tr>
<tr><td id=""7-1b"" colspan=""7"">Note: CI = confidence interval, OR = odds ratio, RCT = randomized control trial, RR = rate ratio.</td></tr>
</table>",4769,548,7,0.0634511411190033,0.2915315330028534,0.9389810562133789,0.9295743703842163,2026-05-08T19:40:26.797916+00:00,1.12.0,dpt-2-20260410
Prevention_and_treatment_of_the_common_cold.pdf,c26e56b8-8bf6-401c-b378-04d79c7e566f,82,marginalia,"CMAJ, February 18, 2014, 186(3)",31,5,7,0.636706531047821,0.9574014544487,0.8732218146324158,0.975641667842865,2026-05-08T19:40:26.797916+00:00,1.12.0,dpt-2-20260410
Prevention_and_treatment_of_the_common_cold.pdf,0c748121-5b8b-4dab-b145-e60301ef1c54,83,marginalia,197,3,1,7,0.9036831855773926,0.9577500224113464,0.9342422485351562,0.9743732810020447,2026-05-08T19:40:26.797916+00:00,1.12.0,dpt-2-20260410
Prevention_and_treatment_of_the_common_cold.pdf,da003325-1b53-4a8b-8d16-a4f34ced0a25,84,marginalia,REVIEW,6,1,8,0.06598808616399765,0.02776322141289711,0.1586216688156128,0.04493451490998268,2026-05-08T19:40:26.797916+00:00,1.12.0,dpt-2-20260410
Prevention_and_treatment_of_the_common_cold.pdf,216f4e85-0872-41c1-b659-92d2320ce18f,85,text,"erogeneity was very high (_I_² = 99%). Adverse events such as nasal stinging and burning were more common with zinc used intranasally than with placebo. In addition, anosmia was described in a case series,⁸⁰ and a US manufacturer settled legal claims for anosmia.⁷⁹",265,43,8,0.2407970279455185,0.06817127764225006,0.5830427408218384,0.16278685629367828,2026-05-08T19:40:26.797916+00:00,1.12.0,dpt-2-20260410
Prevention_and_treatment_of_the_common_cold.pdf,15b83654-8bcb-4751-8bd5-301b59dc9f51,86,text,"## Other interventions
Although seven trials with more than 3000 patients examined vitamin C for the treatment of the common cold, no clear benefit was shown.47 It is not possible to determine whether benefit exists for most other alternative therapies. Studies of nasal irrigation,75 humidified air,76 Chinese herbal medicines77 and echinacea50 all showed inconsistent results. A single clinical trial of ginseng did not report efficacy outcomes.78 We did not identify any high-level evidence for garlic or probiotics in the treatment of the common cold.",555,84,8,0.2408345490694046,0.17148707807064056,0.583777129650116,0.3533179759979248,2026-05-08T19:40:26.797916+00:00,1.12.0,dpt-2-20260410
Prevention_and_treatment_of_the_common_cold.pdf,57300768-c446-4c18-8058-6aacd01bc031,87,text,"Summarized details of these interventions can
be found in Table 3. See also Appendix 1 for a
more detailed discussion of each intervention.",139,23,8,0.2410135716199875,0.3525562286376953,0.5841649174690247,0.39849817752838135,2026-05-08T19:40:26.797916+00:00,1.12.0,dpt-2-20260410
Prevention_and_treatment_of_the_common_cold.pdf,ae852b31-1402-4865-b266-0f0c39895c2d,88,text,"# Unanswered questions

In 1931, the author of a *CMAJ* article on the common cold said, ""The common cold is so common that we are apt to pass it by with a contemptuous gesture, unless, of course, we are the sufferers ourselves.""⁸¹",231,42,8,0.24053415656089783,0.40694981813430786,0.5838450193405151,0.5141276717185974,2026-05-08T19:40:26.797916+00:00,1.12.0,dpt-2-20260410
Prevention_and_treatment_of_the_common_cold.pdf,2c44d31c-83a7-453f-81bb-2fb2493b0c62,89,text,"Much more evidence now exists in this area,
but many uncertainties remain regarding inter-
ventions to prevent and treat the common cold.
We focused on RCTs and systematic reviews and
meta-analyses of RCTs for therapy, but few of
the studies had a low risk of bias. However,
many of the results were inconsistent and had
small effects (e.g., vitamin C), which arouses
suspicion that any noted benefit may represent
bias rather than a true effect. 82 We encourage
researchers to perform well-designed RCTs on
promising treatments or on preventive methods
with limited evidence (i.e., gargling or garlic).
Further work to help clinicians clearly distin-
guish the common cold from other upper respira-
tory tract infections would also be useful.",743,119,8,0.23994006216526031,0.5147505402565002,0.5842927694320679,0.7551377415657043,2026-05-08T19:40:26.797916+00:00,1.12.0,dpt-2-20260410
Prevention_and_treatment_of_the_common_cold.pdf,641a637d-74d2-456a-bc80-de70b8f207aa,90,text,"## References

1. Heikkinen T, Järvinen A. The common cold. Lancet 2003;361:51-9.
2. Lessler J, Reich NG, Brookmeyer R, et al. Incubation periods of acute respiratory viral infections: a systematic review. Lancet Infect Dis 2009;9:291-300.
3. Lober B. The common cold. J Gen Intern Med 1996;11:229-36.
4. Arruda E, Pitkäranta A, Witek TJ Jr, et al. Frequency and natural history of rhinovirus infections in adults during autumn. J Clin Microbiol 1997;35:2864-8.
5. Leder K, Sinclair MI, Mitakakis TZ, et al. A community-based study of respiratory episodes in Melbourne, Australia. Aust N Z J Public Health 2003;27:399-404.
6. Monto AS, Sullivan KM. Acute respiratory illness in the community. Frequency of illness and the agents involved. Epidemiol Infect 1993;110:145-60.",772,117,8,0.24181123077869415,0.7653229832649231,0.5838380455970764,0.9295877814292908,2026-05-08T19:40:26.797916+00:00,1.12.0,dpt-2-20260410
Prevention_and_treatment_of_the_common_cold.pdf,dd210474-6183-4eca-8a07-ca201182f7e0,91,text,"7. Monto AS. Epidemiology of viral respiratory infections. Am J Med 2002;112(Suppl 6A):4S-12S.
8. Nicholson KG, Kent J, Hammersley V, et al. Acute viral infec-tions of upper respiratory tract in elderly people living in the community: comparative, prospective, population based study of disease burden. BMJ 1997;315:1060-4.
9. Kvaerner KJ, Nafstad P, Jaakkola JJ. Upper respiratory morbidity in preschool children: a cross-sectional study. Arch Otolaryngol Head Neck Surg 2000;126:1201-6.
10. Cohen S, Tyrrell DA, Smith AP. Psychological stress and sus-ceptibility to the common cold. N Engl J Med 1991;325:606-12.
11. Cohen S, Doyle WJ, Alper CM, et al. Sleep habits and suscepti-bility to the common cold. Arch Intern Med 2009;169:62-7.
12. Ball TM, Holberg CJ, Aldous MB, et al. Influence of attendance at day care on the common cold from birth through 13 years of age. Arch Pediatr Adolesc Med 2002;156:121-6.
13. Mäkelä MJ, Puhakka T, Ruuskanen O, et al. Viruses and bacteria in the etiology of the common cold. J Clin Microbiol 1998;36:539-42.
14. Smith A, Thomas M, Whitney H. Effects of upper respiratory tract illnesses on mood and performance over the working day. Ergonomics 2000;43:752-63.
15. Bramley TJ, Lerner D, Sames M. Productivity losses related to the common cold. J Occup Environ Med 2002;44:822-9.
16. Smith AP, Jamson S. An investigation of the effects of the com-mon cold on simulated driving performance and detection of collisions: a laboratory study. BMJ Open 2012;2:pii:e001047.
17. Fendrick AM, Monto AS, Nightengale B, et al. The economic burden of non-influenza-related viral respiratory tract infection in the United States. Arch Intern Med 2003;163:487-94.
18. Vingilis ER, Brown U, Sarkella J, et al. Cold/flu knowledge, atti-tudes and health care practices: results of a two-city telephone survey. Can J Public Health 1999;90:205-8.
19. Sauro A, Barone F, Blasio G, et al. Do influenza and acute respi-ratory infective diseases weigh heavily on general practitioners' daily practice? Eur J Gen Pract 2006;12:34-6.
20. McIsaac WJ, White D, Tannenbaum D, et al. A clinical score to reduce unnecessary antibiotic use in patients with sore throat. CMAJ 1998;158:75-83.
21. Chow AW, Benninger MS, Brook I, et al.; Infectious Diseases Society of America. IDSA clinical practice guideline for acute bac-terial rhinosinusitis in children and adults. Clin Infect Dis 2012; 54:e72-112.
22. Smith SR, Montgomery LG, Williams JW Jr. Treatment of mild to moderate sinusitis. Arch Intern Med 2012;172:510-3.
23. Rothman R, Owens T, Simel DL. Does this child have acute oti-tis media? JAMA 2003;290:1633-40.
24. Forgie S, Zhanel G, Robinson J; Canadian Paediatric Society, Infectious Diseases and Immunization Committee. Management of acute otitis media [position statement]. Ottawa (ON): Can-adian Paediatric Society; 2009. Available: www.cps.ca/en /documents/position/acute-otitis-media (accessed 2012 Aug. 2).
25. Angier E, Willington J, Scadding G, et al. British Society for Allergy and Clinical Immunology (BSACI) Standards of Care Committee. Management of allergic and non-allergic rhinitis: a pri-mary care summary of the BSACI guideline. Prim Care Respir J 2010;19:217-22.
26. Pelucchi C, Grigoryan L, Galeone C, et al.; ESCMID Sore Throat Guideline Group. Guideline for the management of acute sore throat. Clin Microbiol Infect 2012;18(Suppl 1):1-28.
27. Antiviral agents for the treatment and chemoprophylaxis of influenza -recommendations of the Advisory Committee on Immunization Practices (ACIP). MMWR Recomm Rep 2011;60:1-24.
28. Prevention and control of influenza with vaccines: recommenda-tions of the Advisory Committee on Immunization Practices (ACIP), 2011. MMWR Morb Mortal Wkly Rep 2011;60:1128-32.
29. Little P, Coote N, Joshua A, et al. Respiratory tract infections — antibiotic prescribing: prescribing of antibiotics for self-limiting respiratory tract infections in adults and children in primary care [guideline no. CG69]. London (UK): National Institute for Health and Care Excellence; 2008. Available: http://publications.nice.org .uk/respiratory-tract-infections-antibiotic-prescribing-cg69 (ac-cessed 2012 Aug. 2).
30. Jefferson T, Del Mar CB, Dooley L, et al. Physical interventions to interrupt or reduce the spread of respiratory viruses. Cochrane Database Syst Rev 2011;(7):CD006207.
31. Singh M, Das RR. Zinc for the common cold. Cochrane Database Syst Rev 2011;(2):CD001364.
32. Kurugöl Z, Akilli M, Bayram N, et al. The prophylactic and therapeutic effectiveness of zinc sulphate on common cold in children. Acta Paediatr 2006;95:1175-81.
33. Vakili R, Vahedian M, Khodaei GH, et al. Effects of zinc supple-mentation in occurrence and duration of common cold in school aged children during cold season: a double-blind placebo-controlled trial. Iran J Pediatr 2009;19:376-80.",4835,703,8,0.5949486494064331,0.0639234185218811,0.9406328201293945,0.9302412271499634,2026-05-08T19:40:26.797916+00:00,1.12.0,dpt-2-20260410
Prevention_and_treatment_of_the_common_cold.pdf,c07b2081-046f-4cc4-8caf-1b30fe15f7dd,92,marginalia,198,3,1,8,0.06628523766994476,0.9580458998680115,0.0982220470905304,0.9745875000953674,2026-05-08T19:40:26.797916+00:00,1.12.0,dpt-2-20260410
Prevention_and_treatment_of_the_common_cold.pdf,d1f8e40a-5317-4b92-9888-ebd42297c8ee,93,marginalia,"CMAJ, February 18, 2014, 186(3)",31,5,8,0.12642085552215576,0.9578236937522888,0.36316436529159546,0.9759168028831482,2026-05-08T19:40:26.797916+00:00,1.12.0,dpt-2-20260410
Prevention_and_treatment_of_the_common_cold.pdf,01b14c6d-7af0-44ee-8ce0-5b94d0779fb6,94,marginalia,Review,6,1,9,0.8453794717788696,0.027217626571655273,0.9390295743942261,0.04548987001180649,2026-05-08T19:40:26.797916+00:00,1.12.0,dpt-2-20260410
Prevention_and_treatment_of_the_common_cold.pdf,a57132bc-d300-4884-aab3-5a93acd61587,95,text,"34. Hao Q, Lu Z, Dong BR, et al. Probiotics for preventing acute upper respiratory tract infections. Cochrane Database Syst Rev 2011; (9):CD006895.
35. Merenstein D, Murphy M, Fokar A, et al. Use of a fermented dairy probiotic drink containing Lactobacillus casei (DN-114001) to decrease the rate of illness in kids: the DRINK study. A patient- oriented, double-blind, cluster-randomized, placebo-controlled, clinical trial. Eur J Clin Nutr 2010;64:669-77.
36. Hojsak I, Abdovic S, Szajewska H, et al. Lactobacillus GG in the prevention of nosocomial gastrointestinal and respiratory tract infections. Pediatrics 2010;125:e1171-7.
37. Satomura K, Kitamura T, Kawamura T, et al. Prevention of upper respiratory tract infections by gargling: a randomized trial. Am J Prev Med 2005:29:302-7.
38. Seida JK, Durec T, Kuhle S. North American (Panax quinque- folius) and Asian Ginseng (Panax ginseng) preparations for pre- vention of the common cold in healthy adults: a systematic review. Evid Based Complement Alternat Med 2011;2011:282151.
39. McElhaney JE, Simor AE, McNeil S, et al. Efficacy and safety of CVT-E002, a proprietary extract of Panax quinquefolius in the pre- vention of respiratory infections in influenza-vaccinated commu- nity-dwelling adults: a multicenter, randomized, double-blind, and placebo-controlled trial. Influenza Res Treat 2011; article ID 759051.
40. Kolber MR, McCormack J. COLD FX® evidence: consistently reported inconsistently. In: Tools for Practice [newsletter]. Edmonton (AB): Alberta College of Family Physicians; 2011. Available: www.acfp.ca/Portals/0/docs/TFP/20111213_065849 .pdf (accessed 2012 Aug. 2).
41. Chubak J, McTiernan A, Sorensen B, et al. Moderate-intensity exercise reduces the incidence of colds among postmenopausal women. Am J Med 2006;119:937-42.
42. Lissiman E, Bhasale AL, Cohen M. Garlic for the common cold. Cochrane Database Syst Rev 2012;(3):CD006206.
43. Josling P. Preventing the common cold with a garlic supplement: a double-blind, placebo-controlled survey. Adv Ther 2001;18:189-93.
44. de Lange de Klerk ES, Blommers J, Kuik DJ, et al. Effect of homoeopathic medicines on daily burden of symptoms in chil- dren with recurrent upper respiratory tract infections. BMJ 1994; 309:1329-32.
45. Steinsbekk A, Bentzen N, Fønnebø V, et al. Self-treatment with one of three self-selected, ultramolecular homeopathic medi- cines for the prevention of upper respiratory tract infections in children. A double-blind randomized placebo controlled trial. Br J Clin Pharmacol 2005;59:447-55.
46. Steinsbekk A, Fønnebø V, Lewith G, et al. Homeopathic care for the prevention of upper respiratory tract infections in children: a pragmatic, randomised, controlled trial comparing individu- alised homeopathic care and waiting-list controls. Complement Ther Med 2005;13:231-8.
47. Dougals RM, Hemilä H, Chalker E. Vitamin C for preventing and treating the common cold. Cochrane Database Syst Rev 2007;(3): CD000980.
48. Laaksi I, Ruohola JP, Mattila V, et al. Vitamin D supplementa- tion for the prevention of acute respiratory tract infection: a ran- domized, double-blinded trial among young Finnish men. J Infect Dis 2010;202:809-14.
49. Murdoch DR, Slow S, Chambers ST, et al. Effect of vitamin D3 supplementation on upper respiratory tract infections in healthy adults: the VIDARIS randomized controlled trial. JAMA 2012; 308:1333-9.
50. Linde K, Barrett B, Wölkart K, et al. Echinacea for preventing and treating the common cold. Cochrane Database Syst Rev 2006;(1):CD000530.
51. D'Agostino RB Sr, Weintraub M, Russell HK, et al. The effective- ness of antihistamines in reducing the severity of runny nose and sneezing: a meta-analysis. Clin Pharmacol Ther 1998;64:579-96.
52. Sutter AI, Lemiengre M, Campbell H, et al. Antihistamines for the common cold. Cochrane Database Syst Rev 2003;(3):CD001267.
53. De Sutter AIM, van Driel ML, Kumar AA, et al. Oral antihista- mine-decongestant-analgesic combinations for the common cold. Cochrane Database Syst Rev 2012;2:CD004976.
54. Kollar C, Schneider H, Waksman J, et al. Meta-analysis of the efficacy of a single dose of phenylephrine 10 mg compared with placebo in adults with acute nasal congestion due to the com- mon cold. Clin Ther 2007;29:1057-70.
55. Hatton RC, Winterstein AG, McKelvey RP, et al. Efficacy and safety of oral phenylephrine: systematic review and meta- analysis. Ann Pharmacother 2007;41:381-90.
56. Taverner D, Latte J. Nasal decongestants for the common cold [abstract]. Cochrane Database Syst Rev 2007;(1):CD001953.
57. Eccles R, Martensson K, Chen SC. Effects of intranasal xylometazoline, alone or in combination with ipratropium, in patients with common cold. Curr Med Res Opin 2010;26:889-99.
58. Albalawi ZH, Othman SS, Alfaleh K. Intranasal ipratropium",4786,694,9,0.06104673445224762,0.06447845697402954,0.40684062242507935,0.932577908039093,2026-05-08T19:40:26.797916+00:00,1.12.0,dpt-2-20260410
Prevention_and_treatment_of_the_common_cold.pdf,d265a5ca-73cf-4f78-b783-92d46ba2d1ff,96,text,"bromide for the common cold. Cochrane Database Syst Rev 2011;(7):CD008231.
59. Smith SM, Schroeder K, Fahey T. Over-the-counter (OTC) med-ications for acute cough in children and adults in ambulatory set-tings. Cochrane Database Syst Rev 2008;(1):CD001831.
60. Paul IM, Beiler JS, King TS, et al. Vapor rub, petrolatum, and no treatment for children with nocturnal cough and cold symptoms. Pediatrics 2010;126:1092-9.
61. Kim SY, Cho HM, Hwang YW, et al. Non-steroidal anti-inflam-matory drugs for the common cold. Cochrane Database Syst Rev 2009;(3):CD006362.
62. Bachert C, Chuchalin AG, Eisebitt R, et al. Aspirin compared with acetaminophen in the treatment of fever and other symp-toms of upper respiratory tract infection in adults: a multicenter, randomized, double-blind, double-dummy, placebo-controlled, parallel-group, single-dose, 6-hour dose-ranging study. Clin Ther 2005;27:993-1003.
63. Ulukol B, Köksal Y, Cin S. Assessment of the efficacy and safety of paracetamol, ibuprofen and nimesulide in children with upper respiratory tract infections. Eur J Clin Pharmacol 1999;55:615-8.
64. Perrott DA, Piira T, Goodenough B, et al. Efficacy and safety of acetaminophen vs. ibuprofen for treating children's pain or fever: a meta-analysis. Arch Pediatr Adolesc Med 2004;158:521-6.
65. Pierce CA, Voss B. Efficacy and safety of ibuprofen and aceta-minophen in children and adults: a meta-analysis and qualitative review. Ann Pharmacother 2010;44:489-506.
66. Arroll B, Kenealy T. Antibiotics for the common cold and acute purulent rhinitis. Cochrane Database Syst Rev 2005;(3):CD000247.
67. Health Canada releases decision on the labelling of cough and cold products for children. Ottawa (ON): Health Canada; 2008. Available: www.healthycanadians.gc.ca/recall-alert-rappel-avis /hc-sc/2008/13267a-eng.php (accessed 2013 Oct. 24).
68. Allan GM, Korownyk C, Kolber M. Do cough suppressants or honey help pediatric cough? Can Fam Physician 2011;57:435.
69. Goldman RD. Codeine for acute cough in children. Can Fam Physician 2010;56:1293-4.
70. Ivers N, Arroll B, Allan GM. Delayed antibiotic prescriptions for URTIs. Can Fam Physician 2011;57:1287.
71. Paul IM, Beiler J, McMonagle A, et al. Effect of honey, dextro-methorphan, and no treatment on nocturnal cough and sleep quality for coughing children and their parents. Arch Pediatr Adolesc Med 2007;161:1140-6.
72. Shadkam MN, Mozaffari-Khosravi H, Mozayan MR. A compar-ison of the effect of honey, dextromethorphan, and diphen-hydramine on nightly cough and sleep quality in children and their parents. J Altern Complement Med 2010;16:787-93.
73. Cohen HA, Rozen J, Kristal H, et al. Effect of honey on noctur-nal cough and sleep quality: double-blind a. randomized, placebo-controlled study. Pediatrics 2012;130:465-71.
74. Science M, Johnstone J, Roth DE, et al. Zinc for the treatment of the common cold: a systematic review and meta-analysis of ran-domized controlled trials. CMAJ 2012;184:E551-61.
75. Kassel JC, King D, Spurling GKP. Saline nasal irrigation for acute upper respiratory tract infections. Cochrane Database Syst Rev 2010;(3):CD006821.
76. Singh M, Singh M. Heated, humidified air for the common cold. Cochrane Database Syst Rev 2011;(5):CD001728.
77. Wu T, Zhang J, Qiu Yet al. Chinese medicinal herbs for the com-mon cold. Cochrane Database Syst Rev 2007;(1):CD004782.
78. Vohra S, Johnston BC, Laycock KL, et al. Safety and tolerability of North American ginseng extract in the treatment of pediatric upper respiratory tract infection: a phase II randomized, con-trolled trial of 2 dosing schedules. Pediatrics 2008;122:e402-10.
79. D'Cruze H, Arroll B, Kenealy T. Is intranasal zinc effective and safe for the common cold? A systematic review and meta-analysis. J Prim Health Care 2009;1:134-9.
80. Jafek BW, Linschoten MR, Murrow BW. Anosmia after intranasal zinc gluconate use. Am J Rhinol 2004;18:137-41.
81. AGN. Recent studies on ""the common cold."" CMAJ 1931;25:455-6.
82. Ioannidis JP. Why most published research findings are false. PLoS Med 2005;2:e124.

Affiliations: Evidence-Based Medicine, Department of Fam-ily Medicine (Allan), University of Alberta, Edmonton, Alta.; Department of General Practice and Primary Health Care (Arroll), University of Auckland, Auckland, New Zealand.

Contributors: Michael Allan and Bruce Arroll indepen-dently searched and reviewed the evidence. Michael Allan prepared the first evidence summary and draft of the article. Bruce Arroll confirmed the evidence summary and edited the draft critically for content. Both authors approved the final version submitted for publication.",4607,656,9,0.4166884422302246,0.06574475765228271,0.7618746757507324,0.930820643901825,2026-05-08T19:40:26.797916+00:00,1.12.0,dpt-2-20260410
Prevention_and_treatment_of_the_common_cold.pdf,228c4b39-9f51-4b72-b652-67cfd210e210,97,marginalia,"CMAJ, February 18, 2014, 186(3)",31,5,9,0.6373571157455444,0.9585195183753967,0.8729283809661865,0.9750348925590515,2026-05-08T19:40:26.797916+00:00,1.12.0,dpt-2-20260410
Prevention_and_treatment_of_the_common_cold.pdf,5b47d664-449c-42a8-a4cc-eb06c23e2d96,98,marginalia,199,3,1,9,0.904670774936676,0.9583263397216797,0.9335877299308777,0.9738683700561523,2026-05-08T19:40:26.797916+00:00,1.12.0,dpt-2-20260410
The_common_cold_a_review_of_the_literature.pdf,324eadd6-5fa6-45d1-baf5-72d13c700e51,0,logo,"<::logo: Elsevier
NON SOLUS
The logo features an image of a man and a tree, with the text ""NON SOLUS"" on a banner around the tree trunk.::>",139,27,0,0.4164881110191345,0.10635942220687866,0.5834563374519348,0.24680307507514954,2026-05-08T19:40:26.798043+00:00,1.12.0,dpt-2-20260410
The_common_cold_a_review_of_the_literature.pdf,d00c9f3a-6b70-4e91-aa63-3a1005746c8d,1,text,"Since January 2020 Elsevier has created a COVID-19 resource centre with
free information in English and Mandarin on the novel coronavirus COVID-
19. The COVID-19 resource centre is hosted on Elsevier Connect, the
company's public news and information website.",259,39,0,0.11097356677055359,0.29166921973228455,0.8899644613265991,0.4175848662853241,2026-05-08T19:40:26.798043+00:00,1.12.0,dpt-2-20260410
The_common_cold_a_review_of_the_literature.pdf,fedff53d-74a8-492e-a917-5658df2dcf0f,2,text,"Elsevier hereby grants permission to make all its COVID-19-related research that is available on the COVID-19 resource centre - including this research content - immediately available in PubMed Central and other publicly funded repositories, such as the WHO COVID database with rights for unrestricted research re-use and analyses in any form or by any means with acknowledgement of the original source. These permissions are granted for free by Elsevier for as long as the COVID-19 resource centre remains active.",514,79,0,0.10956990718841553,0.4626128077507019,0.8922930955886841,0.7111380696296692,2026-05-08T19:40:26.798043+00:00,1.12.0,dpt-2-20260410
The_common_cold_a_review_of_the_literature.pdf,f807c60e-4301-4340-85a6-02668d9682a3,3,logo,"<::logo: Elsevier
NON SOLUS
A detailed illustration of a tree with a figure on each side, one of whom is reading from a book, with a banner wrapped around the tree trunk bearing the Latin phrase ""NON SOLUS""::>",209,38,1,0.0630972683429718,0.056076522916555405,0.16956713795661926,0.14273601770401,2026-05-08T19:40:26.798043+00:00,1.12.0,dpt-2-20260410
The_common_cold_a_review_of_the_literature.pdf,ee7356c0-ea94-4133-b32c-98a06ac217c9,4,text,European Journal of Internal Medicine 15 (2004) 79–88,53,8,1,0.310018390417099,0.12220167368650436,0.6299471855163574,0.14191162586212158,2026-05-08T19:40:26.798043+00:00,1.12.0,dpt-2-20260410
The_common_cold_a_review_of_the_literature.pdf,208c95ea-3e6e-4632-8c25-a454d1159784,5,logo,"<::logo: European Journal of Internal Medicine
EUROPEAN JOURNAL OF INTERNAL MEDICINE
www.elsevier.com/locate/ejim
The logo features the journal's name in a serif font, framed by two sets of double horizontal lines above and below, with a web address underneath.::>",264,38,1,0.7495967745780945,0.05626280978322029,0.9230521321296692,0.1534990668296814,2026-05-08T19:40:26.798043+00:00,1.12.0,dpt-2-20260410
The_common_cold_a_review_of_the_literature.pdf,5fb0bee5-1ab4-4129-9d9c-e76a5a1523c6,6,text,Review article,14,2,1,0.42731791734695435,0.15689706802368164,0.5606408715248108,0.1787557601928711,2026-05-08T19:40:26.798043+00:00,1.12.0,dpt-2-20260410
The_common_cold_a_review_of_the_literature.pdf,abdc633e-0ec3-406a-bffd-25762424eb10,7,text,The common cold: a review of the literature,43,8,1,0.22924616932868958,0.1822647750377655,0.7588131427764893,0.2116568684577942,2026-05-08T19:40:26.798043+00:00,1.12.0,dpt-2-20260410
The_common_cold_a_review_of_the_literature.pdf,57aefa13-1bf9-4159-9c28-93817880fcb0,8,text,"Dennis Wat*

Cystic Fibrosis Unit, Department of Child Health, University Hospital of Wales, Heath Park, CF14 4XW, UK
Received 14 August 2003; received in revised form 1 December 2003; accepted 18 December 2003",210,33,1,0.190032958984375,0.22034840285778046,0.7983387112617493,0.2854843735694885,2026-05-08T19:40:26.798043+00:00,1.12.0,dpt-2-20260410
The_common_cold_a_review_of_the_literature.pdf,c603971c-4372-49b6-b8e7-a33f2bbd6461,9,text,"## Abstract

Respiratory viral infections, also known as the common cold, are the most common infections in humans. Despite their benign nature, they are a major cause of morbidity and mortality on a worldwide basis. Several viruses have been associated with such illness, of which rhinovirus is the most common. Symptom production is a combination of viral cytopathic effect and the activation of inflammatory pathways. Therefore, antiviral treatment alone may not be able to prevent these events. The optimal use of such agents also requires earlier initiation; therefore, it is important to develop accurate and rapid diagnostic techniques for respiratory viruses. Before any reliable and effective treatment is available, symptomatic therapies may remain the only possible choice of management.

© 2004 Elsevier B.V. All rights reserved.",841,126,1,0.06453824043273926,0.31130334734916687,0.9220390319824219,0.44012048840522766,2026-05-08T19:40:26.798043+00:00,1.12.0,dpt-2-20260410
The_common_cold_a_review_of_the_literature.pdf,f1ecf274-89e6-4391-bf16-10e05341fd5f,10,text,Keywords: Rhinovirus; Influenza; Respiratory syncytial virus; Common cold,73,8,1,0.06569473445415497,0.4492158889770508,0.4947730302810669,0.46802598237991333,2026-05-08T19:40:26.798043+00:00,1.12.0,dpt-2-20260410
The_common_cold_a_review_of_the_literature.pdf,b3a5565b-8fd4-43fa-bc8c-2a381e1f69ee,11,text,"1. Introduction

The common cold is the most commonly encountered infectious syndrome of human beings. Most observers consider colds to include symptoms of rhinitis with variable degrees of pharyngitis, but the major associated symptoms include nasal stuffiness and discharge, sneezing, sore throat, cough and hoarse voice. Patients frequently report chills, but significant high temperature is unusual. Colds are usually self-limiting to previously healthy individuals, but there are also recognised complications such as secondary bacterial infections, exacerbations of asthma [1], chronic obstructive airways disease [2] and cystic fibrosis [3–5]. Despite the benign nature of the illness in the majority of cases, it is still a significant economic burden on society. It leads to an increase in consultations with clinicians, increased absence from school and work and subsequently causes loss of earnings.",910,130,1,0.06442539393901825,0.5193828344345093,0.4806711673736572,0.7945258617401123,2026-05-08T19:40:26.798043+00:00,1.12.0,dpt-2-20260410
The_common_cold_a_review_of_the_literature.pdf,d8b99895-4f3c-4651-b93f-e6a8891af456,12,text,"Although the term ""common cold"" tends to imply that
there is a single cause for the illness, it is, in fact, caused by
anyone of a large number of antigenetically distinct viruses
(Table 1).",190,34,1,0.0656198114156723,0.7941976189613342,0.4797595143318176,0.8548038601875305,2026-05-08T19:40:26.798043+00:00,1.12.0,dpt-2-20260410
The_common_cold_a_review_of_the_literature.pdf,743e6e91-1241-424b-9aa6-a1dbc3f51865,13,text,"Different respiratory viruses utilise different routes of
transmission (Table 2). Rhinovirus and respiratory syncytial",118,14,1,0.06535984575748444,0.8549011945724487,0.4813659191131592,0.8875027894973755,2026-05-08T19:40:26.798043+00:00,1.12.0,dpt-2-20260410
The_common_cold_a_review_of_the_literature.pdf,4ea419c7-35f7-453f-ad6a-13ca78680146,14,text,"* Tel./fax: +44-29-20465384.
E-mail address: denniswat118@hotmail.com (D. Wat).",79,8,1,0.08538736402988434,0.9016714692115784,0.3932393193244934,0.9311681389808655,2026-05-08T19:40:26.798043+00:00,1.12.0,dpt-2-20260410
The_common_cold_a_review_of_the_literature.pdf,a8294492-8215-4a1f-9ff2-fef85ec90830,15,text,"0953-6205/$ - see front matter  2004 Elsevier B.V. All rights reserved.
doi:10.1016/j.ejim.2004.01.006",103,13,1,0.06589366495609283,0.9420993328094482,0.4714113473892212,0.9715006351470947,2026-05-08T19:40:26.798043+00:00,1.12.0,dpt-2-20260410
The_common_cold_a_review_of_the_literature.pdf,601dd577-9274-4b06-a27e-a0a44cd5cab9,16,text,"virus (RSV) are spread by direct hand contact with contam-inated skin and environmental surfaces. This is followed by self-inoculation of virus into the nasal mucosa or conjunc-tiva [6]. Airborne transmission of rhinovirus is also possi-ble, but this depends on the duration of exposure to infected individuals [7]. Transmission of parainfluenza virus (PIV) is by direct person-to-person contact or by large particle aerosol spread. The high rate of infection in childhood, coupled with the frequency of reinfection, suggests that they spread from person to person. There is evidence to suggest that the infectious dose of PIV is small, as two-thirds of volunteers developed flu-like symptoms following low-titre PIV intranasal challenge [8]. RSV is spread by infected respiratory secretions. The major route of transmission appears to be by large particle aerosol or direct contact with self-inoculation. Spread requires either close contact with the infected individual or contamination of the hands followed by introduction into conjunctiva. Influenza tends to spread by small-particle aerosols [9]. The relative efficacy of the various transmission routes under natural conditions for each virus is unknown.",1211,177,1,0.5072348117828369,0.5209928750991821,0.9225940704345703,0.839091420173645,2026-05-08T19:40:26.798043+00:00,1.12.0,dpt-2-20260410
The_common_cold_a_review_of_the_literature.pdf,ac88eb83-def4-4edd-b0d1-544fc4541208,17,text,"Many respiratory viruses exhibit a seasonal variation in
incidence (Table 2). The exact seasonal variation of each
virus in the community is impossible to predict, but there are
some generalisations that may be helpful to plan infection
control strategies. For example, both RSV and influenza
epidemics occur predominantly in the winter months, with a",351,54,1,0.5076915621757507,0.8395841717720032,0.9236297011375427,0.9333309531211853,2026-05-08T19:40:26.798043+00:00,1.12.0,dpt-2-20260410
The_common_cold_a_review_of_the_literature.pdf,41e7063c-1a34-4f0f-bb6c-5f450e6023d6,18,marginalia,80,2,1,2,0.08079785108566284,0.05702787637710571,0.10244214534759521,0.07132214307785034,2026-05-08T19:40:26.798043+00:00,1.12.0,dpt-2-20260410
The_common_cold_a_review_of_the_literature.pdf,2d8f4a4e-1db1-41bf-bf69-55d4822facc6,19,text,D. Wat / European Journal of Internal Medicine 15 (2004) 79–88,62,11,2,0.32110482454299927,0.055971480906009674,0.6932290196418762,0.0727006271481514,2026-05-08T19:40:26.798043+00:00,1.12.0,dpt-2-20260410
The_common_cold_a_review_of_the_literature.pdf,e408c808-39b3-4ce6-938b-388008f745c3,20,table,"Table 1
Viruses associated with the common cold

<table id=""2-1"">
<tr><td id=""2-2"">Virus</td><td id=""2-3"">Percentage of cases (%)</td></tr>
<tr><td id=""2-4"">Rhinovirus</td><td id=""2-5"">30–50</td></tr>
<tr><td id=""2-6"">Coronavirus</td><td id=""2-7"">10–15</td></tr>
<tr><td id=""2-8"">Influenza virus</td><td id=""2-9"">5–15</td></tr>
<tr><td id=""2-a"">Respiratory syncytial virus</td><td id=""2-b"">5</td></tr>
<tr><td id=""2-c"">Parainfluenza virus</td><td id=""2-d"">5</td></tr>
<tr><td id=""2-e"">Adenovirus</td><td id=""2-f"">&lt;5</td></tr>
<tr><td id=""2-g"">Metapneumovirus</td><td id=""2-h"">±2</td></tr>
<tr><td id=""2-i"">Undiscovered virus</td><td id=""2-j"">20–30</td></tr>
</table>",669,46,2,0.0794127881526947,0.0834687352180481,0.4939328730106354,0.23871058225631714,2026-05-08T19:40:26.798043+00:00,1.12.0,dpt-2-20260410
The_common_cold_a_review_of_the_literature.pdf,a9a794d4-32e9-4c2b-9a5d-87ec93a9ed7c,21,text,"peak prevalence in January to March in the northern
hemisphere. Parainfluenza virus type 3 (PIV3) infections
tend to peak in spring time, whereas parainfluenza virus
type 1 (PIV1) and parainfluenza virus type 2 (PIV2) are
more common in autumn and early winter. Both rhinovirus
and adenovirus may be isolated throughout the year.",329,52,2,0.07937975227832794,0.2656483054161072,0.49263501167297363,0.35757899284362793,2026-05-08T19:40:26.798043+00:00,1.12.0,dpt-2-20260410
The_common_cold_a_review_of_the_literature.pdf,57de0b48-c314-484e-bd67-ce35dc229875,22,text,"Since the discovery of rhinovirus in 1956 [10,11], more
than 100 serotypes have been identified, the relative preva-
lence of which seems to vary between different geographical
areas and also over the course of time [12]. These viruses are
the most common cause of upper respiratory tract infections
in all age groups. The reservoir for rhinovirus is school-
children, who transmit rhinovirus infections among their
peers [13] and infect other family members at home [14].",472,75,2,0.07934562861919403,0.3577178418636322,0.49217772483825684,0.47932741045951843,2026-05-08T19:40:26.798043+00:00,1.12.0,dpt-2-20260410
The_common_cold_a_review_of_the_literature.pdf,0e8534f9-aa95-4527-adbb-53124e63de59,23,text,"Parainfluenza virus is the most common cause of croup
(acute laryngotracheobronchitis) in young children and
accounts for 5% of all causes of the common cold. The
human parainfluenza viruses are categorised into types 1–4,
on the basis of antigenic differences. They are transmitted
from person to person by direct contact with infectious
respiratory secretions or by large-particle aerosols. The
incubation period is about 3–6 days. Bone marrow trans-
plant recipients, children with bronchopulmonary dysplasia,
prematurity, congenital heart disease or asthma are prone to
develop lower respiratory infection and require additional
oxygen supplementation [15,16]. One-third of children with
lower respiratory infection due to parainfluenza are thought
to develop secondary bacterial infections [17].",800,111,2,0.07903476059436798,0.4790800213813782,0.49276500940322876,0.6894565224647522,2026-05-08T19:40:26.798043+00:00,1.12.0,dpt-2-20260410
The_common_cold_a_review_of_the_literature.pdf,4cd1c56e-6823-4501-8fda-9d80c9e2a524,24,text,"Coronavirus accounts for 7–26% of all upper respiratory
tract infections in adults [18–20]. An important feature of
coronavirus infection is the short-lived immunity, resulting
in a high reinfection rate [21]. The mode of transmission of
coronavirus is most likely due to aerosol inhalation. How-
ever, it does not grow well at all in cell culture, and
therefore, its virology is not fully appreciated. Recently, a
novel coronavirus, SARS-associated coronavirus (SARS-
CoV), has been proposed as the cause for the outbreak of
severe acute respiratory syndrome (SARS) [22]. The virus
induces symptoms of atypical pneumonia, clinically indis-
tinguishable from similar syndromes. The severity is such
that a 15% mortality rate has been reported. No treatment
has yet been identified as reliably successful. Transmission
is by droplet spread, requiring close contact. Stringent
infection control precautions in health care institutions,",933,137,2,0.07874245941638947,0.6895460486412048,0.4933302402496338,0.932620108127594,2026-05-08T19:40:26.798043+00:00,1.12.0,dpt-2-20260410
The_common_cold_a_review_of_the_literature.pdf,490b64ee-a78c-476d-be37-afb4373488b9,25,text,"broad isolation measures in affected communities and international surveillance with barrier restrictions to travel have led to termination of the epidemic. As of July 11, 2003, 8437 people in 32 countries had been affected, with 813 deaths reported [23].",255,39,2,0.5215197205543518,0.08528107404708862,0.9344764351844788,0.1625378131866455,2026-05-08T19:40:26.798043+00:00,1.12.0,dpt-2-20260410
The_common_cold_a_review_of_the_literature.pdf,946391b1-5b7d-437f-934e-67523cc8033e,26,text,"Influenza virus infection accounts for 5–15% of common colds. Small-particle aerosol spread has been implicated in several outbreaks [24], and it can retain its infectivity for prolonged periods after aerosolisation in conditions under low humidity [25]. There are two features that distinct influenza from other respiratory viruses. First, influenza viruses are able to produce new strains for which most of the population lack immunity, leading to worldwide outbreaks. The unique feature of antigenic variation is referred to as antigenic shift or drift. Second, a recent outbreak in humans of the lethal H5N1 influenza subtype suggested that direct transmission between humans and infected birds without an intermediate host is possible [26]. This avian influenza subtype caused high mortality, killing 70–100% of chicken and also 6 humans [27]. There was also a high proportion of amino acid changes in all gene products within H5N1 influenza virus except the surface genes [28]; this provides further support for antigenic drift.",1034,156,2,0.521295964717865,0.1625276356935501,0.9351769089698792,0.43417608737945557,2026-05-08T19:40:26.798043+00:00,1.12.0,dpt-2-20260410
The_common_cold_a_review_of_the_literature.pdf,eadcc7f9-5b49-4fd5-9b6e-bf4407984d43,27,text,"Respiratory syncytial virus (RSV) is a highly successful human pathogen; by 2 years of age, 95% of all children will have been infected [29]. It spreads from person to person or through exposure to contaminated environment surfaces. However, transmission via aerosolised droplets is unlikely because the virus is inactivated in aerosols. Incubation is from a few days to a week. Natural immunity to RSV is incomplete, and reinfection is the rule.",446,71,2,0.5216607451438904,0.43382179737091064,0.9348520636558533,0.5533374547958374,2026-05-08T19:40:26.798043+00:00,1.12.0,dpt-2-20260410
The_common_cold_a_review_of_the_literature.pdf,bc81c332-9d1a-4388-b981-f96e7e24edd9,28,text,"Adenoviruses were the first important respiratory viruses
to be discovered by the tissue culture method [30]. There are
many different serotypes, 47 of which are associated with",177,27,2,0.5214290022850037,0.5533254742622375,0.9346370100975037,0.6008543372154236,2026-05-08T19:40:26.798043+00:00,1.12.0,dpt-2-20260410
The_common_cold_a_review_of_the_literature.pdf,f62c5383-dd26-4a71-8da0-e4b14cb43eee,29,table,"Table 2
Characteristics of respiratory viruses

<table id=""2-k"">
<tr><td id=""2-l""></td><td id=""2-m"">Mode of transmission</td><td id=""2-n"">Incubation period</td><td id=""2-o"">Seasonality</td></tr>
<tr><td id=""2-p"">Rhinovirus</td><td id=""2-q"">airborne/by large particle aerosol</td><td id=""2-r"">2–7 days</td><td id=""2-s"">early autumn/late spring</td></tr>
<tr><td id=""2-t"">Coronavirus</td><td id=""2-u"">possibly airborne</td><td id=""2-v"">2–4 days</td><td id=""2-w"">winter/early spring</td></tr>
<tr><td id=""2-x"">Influenza</td><td id=""2-y"">airborne/by small-particle aerosol</td><td id=""2-z"">1–4 days</td><td id=""2-A"">winter/spring</td></tr>
<tr><td id=""2-B"">RSV</td><td id=""2-C"">large-particle aerosol/direct contact with self-inoculation</td><td id=""2-D"">4–5 days</td><td id=""2-E"">autumn to spring</td></tr>
<tr><td id=""2-F"">PIV</td><td id=""2-G"">large-particle aerosol/direct contact with self-inoculation</td><td id=""2-H"">3–10 days</td><td id=""2-I"">PIV1 and 2—autumn PIV3—throughout the year</td></tr>
<tr><td id=""2-J"">Adenovirus</td><td id=""2-K"">airborne/direct contact with self-inoculation</td><td id=""2-L"">4–14 days</td><td id=""2-M"">late autumn/late spring</td></tr>
</table>",1176,82,2,0.5196641683578491,0.6236845850944519,0.935710072517395,0.9289131760597229,2026-05-08T19:40:26.798043+00:00,1.12.0,dpt-2-20260410
The_common_cold_a_review_of_the_literature.pdf,3a36873c-bb89-4985-b467-c94f73ebb7ed,30,text,D. Wat / European Journal of Internal Medicine 15 (2004) 79–88,62,11,3,0.30771130323410034,0.0545932836830616,0.6800661087036133,0.07361872494220734,2026-05-08T19:40:26.798043+00:00,1.12.0,dpt-2-20260410
The_common_cold_a_review_of_the_literature.pdf,85baf067-97a0-4c8f-892c-f438de7c3a44,31,marginalia,81,2,1,3,0.8965738415718079,0.05571043863892555,0.9189621806144714,0.07197962701320648,2026-05-08T19:40:26.798043+00:00,1.12.0,dpt-2-20260410
The_common_cold_a_review_of_the_literature.pdf,73b4fb0d-1a22-4a0c-8c4b-e2631aca8382,32,text,"human infections [31]. The incubation period is in the range of 4–7 days, but may be as long as 2 weeks [32]. It is thought to cause around 10% of all common colds in children [33], and it accounts for high mortality in neonates [32].",234,45,3,0.06464590132236481,0.08357556164264679,0.4798395037651062,0.16227987408638,2026-05-08T19:40:26.798043+00:00,1.12.0,dpt-2-20260410
The_common_cold_a_review_of_the_literature.pdf,dc573a9f-9cc4-40e2-b0b1-8cd13cb33a4c,33,text,"A new pneumovirus, human metapneumovirus (HMPV),
has recently been isolated in the Netherlands [34]. It is
closely related taxonomically to RSV [34]. This virus
possibly accounts for about 10% of unexplained respiratory
infections in children during the winter season. Seropreva-
lence studies show that the virus has been circulating in
humans for at least 50 years, that 25% of children by age 1
year have antibodies to the virus and that by age 5 years
virtually all are seropositive [34]. Analysis of the amplified
sequences showed two clusters of HMPV [35]. The clinical
manifestation of HMPV can vary from mild upper respira-
tory symptoms to severe infections requiring hospital admis-
sions. This clinical picture is indistinguishable form that of
other respiratory viruses. Coinfection of HMPV with other
respiratory viruses is uncommon [36], and its role in human
respiratory infections is still poorly understood. This new
pathogen will certainly warrant long-term surveillance.",989,151,3,0.06443849205970764,0.16224530339241028,0.4806126654148102,0.4222913682460785,2026-05-08T19:40:26.798043+00:00,1.12.0,dpt-2-20260410
The_common_cold_a_review_of_the_literature.pdf,c98c8c61-0bc5-4484-bfd3-b000619ecbfc,34,text,"## 2. Pathogenesis

Respiratory viruses characteristically differ from bacteria in that viruses have the ability to evade the protection offered by the mucociliary escalator and the host's non-immunologic mechanisms. In addition, the pathogenesis of respiratory viruses is not fully understood. This may be due to different viruses adopting different manners of infection and infecting different sites to cause variable degrees of damage to the respiratory tract lining.",470,67,3,0.06433260440826416,0.44418537616729736,0.48125433921813965,0.5984300374984741,2026-05-08T19:40:26.798043+00:00,1.12.0,dpt-2-20260410
The_common_cold_a_review_of_the_literature.pdf,396847d8-3a1d-4850-b80e-2d1c1461f129,35,text,"Rhinovirus, the most important cold virus, accounting for 80% of all upper respiratory illnesses during autumn [37], commonly invades the upper respiratory tract with minimal nasal epithelial damage [38], whereas influenza mainly causes extensive damage to the lower airways [9]. Due to the prevalence of rhinovirus, most of the studies of common colds are based on this virus. The initial deposition of rhinovirus in the eyes and nose leads to attachment of the virus to host cell intercellular adhesion molecule-1 (ICAM-1) receptors at the back of the throat. Once inside the nasal epithelial cell, there is no significant increase in the number of inflammatory cells [39], but increases in neutrophils have been detected in nasal mucosa and secretions [40]. This may reflect the release of a cascade of inflammatory cytokines such as kinins, leukotrienes, histamines, interleukin-1, interleukin-6 interleukin-8, tumour necrosis factor and RANTES (regulated by activation normal T-cell expressed and secreted) [41,42], which are partly responsible for the symptoms [43]. Levels of kinins, interleukin-1, interleukin-6 and interleukin-8 in nasal secretions have also been shown to correlate with the severity and duration of symptoms [42,44,45].",1246,184,3,0.0642928034067154,0.598554253578186,0.4807371497154236,0.9334433078765869,2026-05-08T19:40:26.798043+00:00,1.12.0,dpt-2-20260410
The_common_cold_a_review_of_the_literature.pdf,a8357b40-a9da-42f9-8779-81dcd1938f25,36,text,"There are two distinct groups of coronaviruses that infect
humans: HCoV-229E and HCoV-OC43. They are distinct
from each other by the structural proteins as demonstrated
by immunoelectrophoresis and enzyme-linked immunoab-
sorbant assay (ELISA), despite being similar in charges and
molecular weights [46,47]. HCoV-229E utilises human
aminopeptidase N (hAPN) as a receptor to gain entry into
the respiratory epithelium. hAPN is a 150-kDa zinc-binding
protein with endopeptidase activity. In experimental studies,
when human cell cultures are pretreated with monoclonal
antibodies against hAPN, viral infection appears blocked
[48]. However, HCOV-OC43 gains entry into the respiratory
epithelium by using the two surface glycoproteins, Haemag-
glutinin-esterase (HE) and Spike (S) glycoproteins [49].
Despite their differences in pathogenesis, they both cause
similar clinical manifestations [50]. Reinfection of corona-
virus is common, though the underlying reason is not clearly
defined. It may be due to infection with closely related but
different strains [51] or to a reduction in immunity over time
[21]. Volunteers who are seropositive to coronavirus prior to
intranasal challenge are not completely protected from
symptom development [52].",1246,174,3,0.5065255761146545,0.08431920409202576,0.9227259755134583,0.41863366961479187,2026-05-08T19:40:26.798043+00:00,1.12.0,dpt-2-20260410
The_common_cold_a_review_of_the_literature.pdf,19472d89-4de1-4bdb-b58c-54c0e5830e27,37,text,"Influenza virus replicates throughout the respiratory tract,
and it is recoverable from the upper and lower airways.
However, it tends to cause more significant damage in the
lower respiratory tract [53,54]. Acute diffuse inflammation
of the larynx, trachea and bronchi has been demonstrated
during bronchoscopy of people with uncomplicated influ-
enza infection [55]. Both the innate and cellular immune
responses are heightened during infection. Proinflammatory
cytokines such as interleukin-6 (IL-6) and interferon-α
(IFN-α) are induced and are released from infected cells.
They reach their peak levels 2 days following infection,
which coincides with the most severe clinical symptom
score, mucous production, fever and viral load [56]. Ani-
mals deficient in both CD4+ and CD8+ T lymphocytes
succumb to severe influenza infection, indicating that an
intact cellular immune system is necessary to restrict over-
whelming infection [57].",941,136,3,0.5062751173973083,0.41864579916000366,0.9235562682151794,0.674171507358551,2026-05-08T19:40:26.798043+00:00,1.12.0,dpt-2-20260410
The_common_cold_a_review_of_the_literature.pdf,ffbd90cd-5605-4509-9767-df9d09457c5e,38,text,"RSV replicates primarily in the superficial layer of the respiratory epithelium [58], and it spreads from the upper to lower airways by aspiration of secretions via the respiratory epithelium. RSV infection causes significant damage to the epithelium and, more importantly, to the mucociliary escalator [59]. This inhibits the removal of mucous and cell debris, leading to occlusion of small bronchioles. Interferon plays a pivotal role in inhibiting viral replication, and RSV infection is notable for lack of local interferon production [60]. RSV induces the production of IL-5 and interferon-gamma. Their levels are especially depressed in infants compared to adults [61], and this may explain why 95% of children would have acquired RSV antibodies by the age of 2 [29].",773,119,3,0.5056175589561462,0.6739910244941711,0.9240891337394714,0.8846150040626526,2026-05-08T19:40:26.798043+00:00,1.12.0,dpt-2-20260410
The_common_cold_a_review_of_the_literature.pdf,19c102ce-2b43-4a2b-be28-ae2aace2e460,39,text,"Little is known about the pathophysiology of hMPV
infection. However, similar to the related pneumovirus,
human respiratory syncytial virus (RSV), hMPV appears",159,22,3,0.5072481036186218,0.8846076130867004,0.9233155846595764,0.9336177706718445,2026-05-08T19:40:26.798043+00:00,1.12.0,dpt-2-20260410
The_common_cold_a_review_of_the_literature.pdf,ecf3b172-9ccc-4bd8-90a1-e8c2822f7b89,40,marginalia,82,2,1,4,0.07990159094333649,0.05645819753408432,0.10276453197002411,0.07180901616811752,2026-05-08T19:40:26.798043+00:00,1.12.0,dpt-2-20260410
The_common_cold_a_review_of_the_literature.pdf,d73c2281-85ca-47bc-8e70-ffe82881055e,41,text,D. Wat / European Journal of Internal Medicine 15 (2004) 79–88,62,11,4,0.3209564983844757,0.05544912815093994,0.6935325860977173,0.07317587733268738,2026-05-08T19:40:26.798043+00:00,1.12.0,dpt-2-20260410
The_common_cold_a_review_of_the_literature.pdf,77aab5c0-b30d-48fe-b0d1-2ed8bb2ba8c9,42,text,"to have a tropism for the respiratory epithelium. Experts in
the field of pneumovirus infections agree that the patho-
physiology of hMPV infection likely parallels that of RSV
infection, including the absence of viraemia. hMPV has
proven to be difficult to identify using commonly used
clinical virologic procedures. It replicates slowly in primary
cynomolgus monkey kidney cells and poorly in Vero cells
and A549 cells (a human respiratory epithelial cell line).
Other cell lines commonly used in viral diagnostic labora-
tories do not appear to support the replication of hMPV.
Commercial reagents to confirm the presence of hMPV are
not yet available. Currently, hMPV is not included in the
routine surveillance programme of respiratory infections;
therefore, research provides the only means for its detection
[62].",820,125,4,0.07922950387001038,0.08444231748580933,0.4931911528110504,0.3132631480693817,2026-05-08T19:40:26.798043+00:00,1.12.0,dpt-2-20260410
The_common_cold_a_review_of_the_literature.pdf,e023d198-0896-4518-a0a1-140b809dac10,43,text,"The signal illness of PIV is croup (tracheobronchitis). It
is manifested by fever, hoarseness and a barking cough in
young children. Host immune response may play a role in
its pathogenesis, as children who develop viral croup tend to
produce a large amount of virus-specific IgE antibodies.
This rise in IgE levels causes histamine release in the
trachea and subglottic area, which, in turn, leads to swelling
and obstruction of the upper airways [63].",453,74,4,0.07924124598503113,0.3127020001411438,0.4939548671245575,0.43341708183288574,2026-05-08T19:40:26.798043+00:00,1.12.0,dpt-2-20260410
The_common_cold_a_review_of_the_literature.pdf,2f1f29da-25b9-49c1-95db-e331f95089ba,44,text,The understanding of the pathogenesis of respiratory viruses has important implications for the development of therapies against common colds.,142,19,4,0.07889342308044434,0.43313318490982056,0.4944818615913391,0.48066282272338867,2026-05-08T19:40:26.798043+00:00,1.12.0,dpt-2-20260410
The_common_cold_a_review_of_the_literature.pdf,720bdf75-51bc-42d6-9a80-6d0e6cc78748,45,text,"## 2.1. Diagnosis

The diagnosis of common colds is usually based on the patient's clinical presentation and the clinician's assessment of the disease. Sometimes, the diagnosis can be less straightforward for three reasons. First, clinical features of a common cold may overlap with those of pharyngitis and bronchitis, which are related syndromes of shared viral origins. To complicate matters, pharyngitis and sinusitis can also be caused by bacterial infections. Second, allergic diseases of the upper airway often have clinical features resembling those of common colds. Third, infants and young children are not able to express their symptoms, and clinicians have the challenge to distinguish between benign viral infections and severe invasive bacterial infections.",771,113,4,0.07824911177158356,0.49027585983276367,0.49395471811294556,0.7192331552505493,2026-05-08T19:40:26.798043+00:00,1.12.0,dpt-2-20260410
The_common_cold_a_review_of_the_literature.pdf,9435530a-5dbf-478a-b948-680e933e6c48,46,text,"Some respiratory viruses have typical clinical presenta-
tions that may be helpful in assessing the aetiology of illness
when considered in conjunction with epidemiological fac-
tors such as age and clinical presentation of the patient and
seasonality. Sometimes, it is virtually impossible to ascer-
tain a specific virus inducing the common cold in the
individual patient on clinical grounds alone [9,20]. Deter-
mination of the aetiology of virus infections becomes
increasingly essential with the introduction of new antivi-
rals. The optional use of these new therapeutic options is
problematic because all these drugs are virus specific. Some
therapies are initiated on the basis of a presumptive diag-
nosis; a specific diagnosis may be important to confirm the
initial impression and to determine the length of time for",827,127,4,0.078295037150383,0.7196456789970398,0.49351632595062256,0.9327376484870911,2026-05-08T19:40:26.798043+00:00,1.12.0,dpt-2-20260410
The_common_cold_a_review_of_the_literature.pdf,a8d8e88a-9d94-4fcc-90b8-a25cf98ff12a,47,text,"treatment. Conversely, viral detection is important to avoid
unnecessary antibiotic prescriptions. The principal labora-
tory methods of respiratory virus diagnosis rely on their
detection in respiratory secretions.",215,27,4,0.521248459815979,0.08544354140758514,0.9347105026245117,0.14681865274906158,2026-05-08T19:40:26.798043+00:00,1.12.0,dpt-2-20260410
The_common_cold_a_review_of_the_literature.pdf,fc459f6d-3713-4269-88e9-215216f38560,48,text,"Another important factor in respiratory viral diagnosis
is to submit an appropriate sample for testing. Inadequate
or improper specimen collection and transport account for
the largest source of error in the accuracy of viral
detection results [64]. Nasal swabs, nasopharyngeal aspi-
rates and nasal wash specimens are generally considered to
be the specimens of choice for the detection of respiratory
viruses [65–67]. Obtaining an aspirate is unpleasant and
requires the use of a suction device by a trained individ-
ual, which makes it unattractive in widespread clinical
application. In contrast, the collection of a nasal swab is
simple, painless and quick, and it does not require special
equipment and skilled personnel. A recent prospective
study showed that the sensitivity of nasal swabs was
comparable to nasopharyngeal aspirates for the detection
of all major respiratory viruses by tissue culture with the
exception of RSV [68].",941,144,4,0.5212884545326233,0.14675022661685944,0.9352548718452454,0.40539485216140747,2026-05-08T19:40:26.798043+00:00,1.12.0,dpt-2-20260410
The_common_cold_a_review_of_the_literature.pdf,b2d79728-a3ca-49d9-b9bd-db14ad69e4be,49,text,"## 2.2. Tissue culture

Isolation of viruses in tissue culture is the gold standard of virus detection. The processing of clinical specimens often starts with the addition of antibiotics and antifungals prior to inoculation into the appropriate cell lines. They are usually incubated at 33 °C and are observed daily for virus-induced effect (cytopathic effect, CPE). The three major tissue cell lines commonly used to isolate and identify respiratory viruses are primarily monkey kidney (sensitive to PIV and influenza), human fetal lung fibroblasts (sensitive to adenovirus and rhinovirus) and a continuous cell line, such as HEP-2 cells (sensitive to adenovirus and RSV) [69].

However, the slowness of tissue culture in viral detection makes it clinically impractical, especially when rapid diagnosis is required in order to initiate the appropriate therapy. Since there are more than 100 serotypes of rhinovirus [70], accurate diagnosis by such a method also becomes impossible and unreliable.",997,150,4,0.5204078555107117,0.4157565236091614,0.935817301273346,0.7059959769248962,2026-05-08T19:40:26.798043+00:00,1.12.0,dpt-2-20260410
The_common_cold_a_review_of_the_literature.pdf,590c7818-019d-4272-871c-0728587731d5,50,text,"2.3. Antigen testing

The major advantage of antigen detection in respiratory secretions by immunofluorescence assay (IFA) or enzyme-linked immunoabsorbent assay (ELISA) is that they can be performed rapidly and can provide results within 24 h of receiving the specimen in the laboratory. IFA can be divided into direct and indirect methods. Direct immunofluorescence utilises a fluorochrome-labelled antibody that is specific to viral proteins or antigens. It involves fixing the specimens containing viral materials onto a slide so that virus-specific monoclonal antibody labelled with the fluorochrome can bind to the antigen. Following the addition of a substrate, a colour change with the fluoro-",701,102,4,0.5206449031829834,0.7165858149528503,0.9365701675415039,0.9332235455513,2026-05-08T19:40:26.798043+00:00,1.12.0,dpt-2-20260410
The_common_cold_a_review_of_the_literature.pdf,a0ba1e42-98f7-414b-aa8f-ebb85ea2755e,51,marginalia,D. Wat / European Journal of Internal Medicine 15 (2004) 79–88,62,11,5,0.3078058362007141,0.05509042367339134,0.6801592707633972,0.07357384264469147,2026-05-08T19:40:26.798043+00:00,1.12.0,dpt-2-20260410
The_common_cold_a_review_of_the_literature.pdf,fa07e9ec-0a73-4b54-8b36-270bc7d55bfe,52,marginalia,83,2,1,5,0.8963764905929565,0.05582734942436218,0.9196105003356934,0.07163882255554199,2026-05-08T19:40:26.798043+00:00,1.12.0,dpt-2-20260410
The_common_cold_a_review_of_the_literature.pdf,76b6ca48-b401-455a-af7c-e6563507a59e,53,text,"chrome can be induced, which in turn can be detected by a fluorescence microscope. Indirect immunofluorescence uses an unlabelled monoclonal antibody that binds to the viral antigen. It is then washed away, and any bound monoclonal antibody is detected with a labelled anti-mouse antibody. The use of multiple antibodies can, in theory, improve the sensitivity of the detection because multiple conjugate molecules can attach to virus-specific antibodies. ELISA is very similar to IFA; however, instead of using a fluorescent label, an enzyme label is used. This assay utilises a double antibody sandwich. A 'capture' antibody specific for the viral antigen being sought is bound to a reaction surface. When the specimen or viral antigen is added, it binds to the capture antibody. Bound antigen is detected by a second antiviral antibody, the 'detector' antibody. This detector antibody carries an enzyme label and, once bound, this enzyme produces a colour change. This colour change can be detected by photometry. The disadvantages of ELISA are that it is usually less sensitive and the reagents are only available for a limited number of viruses. In addition, adults tend to have lower viral titres in nasopharyngeal aspirates, making the sensitivity of this test understandably lower.",1289,201,5,0.06352758407592773,0.08256465196609497,0.4822993278503418,0.4372122883796692,2026-05-08T19:40:26.798043+00:00,1.12.0,dpt-2-20260410
The_common_cold_a_review_of_the_literature.pdf,dea5e680-7865-4a97-94de-17a95e6c28bc,54,text,"2.4. *Serology (antibody detection)*

Serological assays are one of the oldest techniques of diagnostic virology, with detection of antibodies in patient sera being indicative of recent (IgM) or past (IgG) infection. They are now even more important when it comes to determining the immune status of an individual or to evaluating the immune response to vaccination. Serum is the specimen of choice for serological diagnosis and paired",435,67,5,0.06333693861961365,0.44413936138153076,0.48171862959861755,0.5880787372589111,2026-05-08T19:40:26.798043+00:00,1.12.0,dpt-2-20260410
The_common_cold_a_review_of_the_literature.pdf,ce736c3f-60fe-4cdc-a984-85c1a8bf2538,55,text,"serum specimens 4 weeks apart are required for the diag-nosis of current or recent viral infections. Demonstration of a seroconversion from a negative to a positive IgG antibody response or detection of the presence of virus-specific IgM can be diagnostic of primary viral infection. A fourfold increase in IgG titres between acute and convalescent sera (usually 4 weeks apart) may indicate a recent infection due to reinfection or reactivation; yet, such testing is retrospec-tive and has little impact on a patient's immediate care. In addition, the result of serological tests for viral-specific antibodies must be interpreted with care for a number of reasons. First, there may be a delay or lack of production of serum antibodies, especially in the immunocompromised. Second, in recurrent infections, a significant rise in anti-bodies may not be apparent. Third, antibody levels can remain elevated for a long period of time following infec-tion. Therefore, the clinical status of the patient has to be taken into account.",1027,160,5,0.5068246126174927,0.08434970676898956,0.9236929416656494,0.3606354594230652,2026-05-08T19:40:26.798043+00:00,1.12.0,dpt-2-20260410
The_common_cold_a_review_of_the_literature.pdf,cb2b15fd-e4ae-4f7a-985b-466edb7e9822,56,text,"2.5. Molecular techniques

Molecular techniques utilise viral nucleic acid and antigen detection systems, which are fundamentally different from serological assays since they only detect a component of the organism itself, rather than demonstrating the evidence of its past presence. Therefore, in the case of nucleic acid detection, the integrity of the specimen itself is not so important, whereas in the case of tissue culture, the whole virus is often required. Respiratory viruses possess either RNA or DNA, but not both. It is, therefore, essential to know the structure of each individual virus in order to develop molecular techniques identifying nucleic acid.",668,101,5,0.5061150789260864,0.3689837157726288,0.9245736598968506,0.5872410535812378,2026-05-08T19:40:26.798043+00:00,1.12.0,dpt-2-20260410
The_common_cold_a_review_of_the_literature.pdf,21eba2b2-a15a-4f58-9666-5df15c48a4c4,57,figure,"<::
Fig. 1. Principles of PCR.

Diagram illustrating the PCR cycle:

1.  **Denaturation:** Double-stranded DNA (labeled ""Double stranded DNA"") separates into two single strands at 94 °C. This is indicated by a yellow arrow pointing from the double-stranded DNA to two separate single strands, labeled with a circled '1'. Oligonucleotide primers are shown above this step.
2.  **Annealing:** The single DNA strands are shown with oligonucleotide primers binding to them. This occurs as DNA reanneals at 68 °C. This step is labeled with a circled '2'.
3.  **Extension:** Taq DNA polymerase (labeled ""Taq DNA polymerase"") extends the primers, synthesizing new DNA strands. This occurs as the temperature is raised to 72 °C. This step is labeled with a circled '3'. The image shows the primers (blue star-like shapes) extending along the single DNA strands, creating new strands (dashed lines).
4.  **Completion:** The first cycle is complete, resulting in two new double-stranded DNA products (labeled ""Double stranded DNA products""). These two new DNA strands make up the template DNA for the next cycle, thus doubling the amount of DNA duplicated for each cycle. This step is labeled with a circled '4'.

The process then cycles back to step 1, indicated by a large yellow arrow from step 4 to step 1.
: diagram::>",1313,212,5,0.06016221642494202,0.5991777181625366,0.9266295433044434,0.9360733032226562,2026-05-08T19:40:26.798043+00:00,1.12.0,dpt-2-20260410
The_common_cold_a_review_of_the_literature.pdf,32f119f1-9320-4f3f-b638-8586745d43e8,58,marginalia,84,2,1,6,0.08118613064289093,0.05684730038046837,0.10188756883144379,0.0714469701051712,2026-05-08T19:40:26.798043+00:00,1.12.0,dpt-2-20260410
The_common_cold_a_review_of_the_literature.pdf,0bb63e96-9593-4ae2-8e1b-60716a267bf2,59,marginalia,D. Wat / European Journal of Internal Medicine 15 (2004) 79–88,62,11,6,0.321267306804657,0.056037355214357376,0.6932582259178162,0.07284177839756012,2026-05-08T19:40:26.798043+00:00,1.12.0,dpt-2-20260410
The_common_cold_a_review_of_the_literature.pdf,4ef02079-9e77-453b-a007-b3180697b949,60,text,"Polymerase chain reaction (PCR) has dramatically altered
the detection and characterisation of viral nucleic acids. It
can identify target organisms from specimens with low
concentrations of nuclear material in a matter of a few hours.
For DNA viruses, PCR amplification is straightforward; the
principle is demonstrated in Fig. 1. However, for RNA
viruses, the genome is too unstable to be used in PCR, and
RNA has to be converted to complementary DNA (cDNA)
using reverse transcriptase, a retroviral enzyme that makes a
precise copy of the mRNA. PCR is then performed in the
normal manner to amplify genomic material. Once DNA has
been amplified, it can be detected on the basis of size by gel
electrophoresis or by Southern blotting, where the resolved
nucleic acids are transferred to a membrane and react with
nucleic acid probes specific for the desired PCR product.",872,142,6,0.0789652168750763,0.08380717039108276,0.4935316741466522,0.3132767081260681,2026-05-08T19:40:26.798043+00:00,1.12.0,dpt-2-20260410
The_common_cold_a_review_of_the_literature.pdf,ef08705f-77c4-4c39-83cb-9df04827d22f,61,text,"Newer techniques in virus identification are nucleic acid sequence-based amplification (NASBA), as shown in Fig. 2.
It is an isothermic nucleic acid amplification method that amplifies RNA in a manner analogous to the amplification of DNA by PCR [71,72]. The NASBA reaction mixture contains oligonucleotide primers and three enzymes: avian myelobastosis virus-reverse transcriptase (AMV-RT), RN-ase H and T7 RNA polymerase for target-specific amplifi-cation [73]. The process takes place at 41 °C and results in exponential amplification of products within 2 h, producing single-stranded RNA of opposite sense to the original target.
Detection of NASBA products can be reported by using a probe-capture hybridisation and electrochemiluminescence (ECL) [71]. More recently, 'real-time' detection using molecular beacons has been described [74].",843,118,6,0.07808926701545715,0.3127095103263855,0.4933941066265106,0.5381181836128235,2026-05-08T19:40:26.798043+00:00,1.12.0,dpt-2-20260410
The_common_cold_a_review_of_the_literature.pdf,47136c78-0ad7-4991-815c-d112c808e00d,62,text,"Molecular techniques have a number of advantages over
'conventional' methods currently utilised for respiratory
viral detection. Traditional virus culture and serology",167,21,6,0.07926088571548462,0.5386512279510498,0.4924386739730835,0.5865205526351929,2026-05-08T19:40:26.798043+00:00,1.12.0,dpt-2-20260410
The_common_cold_a_review_of_the_literature.pdf,ac21bdd3-7802-465d-83bc-78623cf7254b,63,table,"Table 3
A comparison of molecular probes with conventional methods for the
detection of respiratory viruses
<table id=""6-1"">
<tr><td id=""6-2""></td><td id=""6-3"">Culture</td><td id=""6-4"">Immunofluorescence</td><td id=""6-5"">ELISA</td><td id=""6-6"">Molecular techniques</td></tr>
<tr><td id=""6-7"">Speed to</td><td id=""6-8"">+</td><td id=""6-9"">+++</td><td id=""6-a"">+++</td><td id=""6-b"">+++</td></tr>
<tr><td id=""6-c"">produce result</td><td id=""6-d""></td><td id=""6-e""></td><td id=""6-f""></td><td id=""6-g""></td></tr>
<tr><td id=""6-h"">Sensitivity</td><td id=""6-i"">+++</td><td id=""6-j"">++</td><td id=""6-k"">++</td><td id=""6-l"">++++</td></tr>
<tr><td id=""6-m"">Specificity</td><td id=""6-n"">+++</td><td id=""6-o"">++</td><td id=""6-p"">++</td><td id=""6-q"">++++</td></tr>
<tr><td id=""6-r"">Quantifiability</td><td id=""6-s"">++</td><td id=""6-t"">++</td><td id=""6-u"">++</td><td id=""6-v"">+++</td></tr>
<tr><td id=""6-w"">Ease of use</td><td id=""6-x"">+</td><td id=""6-y"">+</td><td id=""6-z"">+++</td><td id=""6-A"">+++</td></tr>
</table>",1002,66,6,0.5205351710319519,0.0836823508143425,0.9349340796470642,0.2391132116317749,2026-05-08T19:40:26.798043+00:00,1.12.0,dpt-2-20260410
The_common_cold_a_review_of_the_literature.pdf,2faa967a-25a4-4727-893f-abcc33aca17e,64,text,"analysis may require 1–2 weeks before results are avail-
able, and direct antigen detection can have variable sensi-
tivity and specificity [75]. Molecular assays have particular
advantages where the starting material available is acellular
(swab) material or where surveillance samples that may
have a low copy number of the target are to be analysed.
Nucleic acid amplification has the potential to produce
rapid turnover of results, allowing diagnostic virology to
have an impact on patient management, avoiding the
inappropriate prescription of antibiotics and allowing prop-
er use of antivirals. A comparison between molecular
techniques and 'conventional' methods in viral detection
is shown in Table 3.",710,105,6,0.5198654532432556,0.2644096612930298,0.9361699223518372,0.46260035037994385,2026-05-08T19:40:26.798043+00:00,1.12.0,dpt-2-20260410
The_common_cold_a_review_of_the_literature.pdf,00caa448-de9f-47e6-a0e7-171cc5d335d9,65,text,"An advantage of the NASBA assay compared with PCR methods [76,77] is the continuous isothermic process that does not require a thermocycler. A constant temperature throughout the amplification reaction enables each step of the reaction to amplify the targeted RNA or DNA exponentially. Thus, the NASBA reaction is more efficient than PCR methods that are restricted to binary increases per cycle [76,77].",404,62,6,0.5200533270835876,0.4631577730178833,0.9370031952857971,0.5866198539733887,2026-05-08T19:40:26.798043+00:00,1.12.0,dpt-2-20260410
The_common_cold_a_review_of_the_literature.pdf,a8aaa80c-b524-4b6d-92d2-ee84d649b201,66,figure,"<::figure: Diagram illustrating the principles of NASBA. The process is depicted as a cycle with six main steps.

**Step 1:** Target RNA is shown as a black line, with Primer A (red line) binding to it. Reverse transcriptase (RT) extends Primer A along the Target RNA, forming a DNA-RNA hybrid (black and red lines).

**Step 2:** RNase H degrades the RNA portion of the DNA-RNA hybrid, resulting in single-stranded DNA (ssDNA) (red line).

**Step 3:** Primer B (blue line) binds to the single-stranded DNA (ssDNA).

**Step 4:** Reverse transcriptase (RT) extends Primer B, forming a double-stranded DNA (dsDNA) (red and blue lines).

**Step 5:** T7 RNA Polymerase acts on the double-stranded DNA (dsDNA), transcribing it into multiple RNA transcripts (several black lines).

**Step 6:** The RNA transcripts are shown to re-enter the cycle, indicating that the process is repeated. The overall flow is clockwise, indicated by large yellow arrows.

Fig. 2. Principles of NASBA. (1) Reverse transcriptase (RT) extends primer A along target RNA to form DNA–RNA hybrid. (2) RNase degrades the RNA portion of DNA–RNA molecule. (3) Primer B binds to single-stranded DNA (ssDNA). (4) RT extends primer B to form a double-stranded DNA (dsDNA). (5) dsDNA transcribed by T7 RNA polymerase to 50–1000 RNA transcripts. (6) Cycle to be repeated.
: figure::>",1343,214,6,0.07851281762123108,0.596685528755188,0.9389858245849609,0.9321882724761963,2026-05-08T19:40:26.798043+00:00,1.12.0,dpt-2-20260410
The_common_cold_a_review_of_the_literature.pdf,5f6c874d-48c3-49b1-95a7-82fa5b5056f5,67,marginalia,D. Wat / European Journal of Internal Medicine 15 (2004) 79–88,62,11,7,0.30778253078460693,0.05504903942346573,0.680126965045929,0.07323453575372696,2026-05-08T19:40:26.798043+00:00,1.12.0,dpt-2-20260410
The_common_cold_a_review_of_the_literature.pdf,637b35f0-9fcf-416a-9b40-9166d2216a81,68,marginalia,85,2,1,7,0.8955606818199158,0.05560780689120293,0.9205647110939026,0.07214541733264923,2026-05-08T19:40:26.798043+00:00,1.12.0,dpt-2-20260410
The_common_cold_a_review_of_the_literature.pdf,cf977afb-9752-41f5-827b-1168bad8c5ed,69,text,"### 3. Prevention

The existence of diverse viral serotypes in causing the common cold has made vaccine preparation very difficult. Frequent mutations of viral proteins of RNA viruses (for example, genetic drift and shift of influenza) have further hampered prevention of the illness.",284,43,7,0.0644800215959549,0.08245907723903656,0.4808143377304077,0.19261009991168976,2026-05-08T19:40:26.798043+00:00,1.12.0,dpt-2-20260410
The_common_cold_a_review_of_the_literature.pdf,21703656-adc6-4d11-bfaa-96305cc742bf,70,text,"Influenza vaccines are the only commercially available vaccines. They are virtually all split products or purified subunit vaccines being used around the world. The strains (either A or B) that are used in immunisation are selected yearly, based on the recommendation by the World Health Organisation in conjunction with national public health institutions. Recent vaccines contain antigens of two influenza A subtypes, strains of the currently circulating H3N2 and H1N1 subtypes and one influenza B virus. The waning of vaccine-induced immunity over time requires annual re-immunisation, even if the vaccine antigens are unchanged. The current recommendation for influenza vaccination in the UK is to offer it to those over the age of 65, those with chronic heart, respiratory or renal disease and those who are diabetic or immunosuppressed. The national policy also states that those living in long-stay residential and nursing homes should be prioritised for vaccination. Despite the wide availability of the vaccine against influenza A, it still causes 13,000–20,000 excess deaths per year in the UK [78].",1109,169,7,0.06458337604999542,0.19220027327537537,0.48075979948043823,0.4789321720600128,2026-05-08T19:40:26.798043+00:00,1.12.0,dpt-2-20260410
The_common_cold_a_review_of_the_literature.pdf,3cdd7243-7dfb-41d1-9adf-dbbbf3223a88,71,text,"Rhinovirus has more than 100 serotypes; it is unlikely
that a unifying vaccine will be developed. However, the use
of antivirals as chemoprophylaxis may have practical value.
Topical application of interferon in the nose has been shown
to be effective in reducing the incidence of colds in people
who are exposed to others with a fresh cold [79]. This
strategy reduced the overall risk of cold by 40% and almost
eliminated proven rhinovirus colds in contacts.",459,76,7,0.06441061198711395,0.4785904884338379,0.4806910753250122,0.5984979867935181,2026-05-08T19:40:26.798043+00:00,1.12.0,dpt-2-20260410
The_common_cold_a_review_of_the_literature.pdf,f19a9d04-5117-4cb6-978c-a98acfb54c99,72,text,"The development of an RSV vaccine has been hampered
by the experience with formalin-inactivated whole RSV
vaccine in the 1960s, as it caused 80% of RSV vaccinees
to become hospitalised compared with 5% of controls, as
well as two fatalities [80]. Current major research has
focused on a prophylaxis using a humanised mouse mono-
clonal antibody, Palizivumab, which has been shown to
reduce the rate of RSV-associated hospitalisation in prema-
ture infants [81]. However, its use on a wider population
will require further research.",531,84,7,0.06362344324588776,0.598304271697998,0.4810418486595154,0.7490570545196533,2026-05-08T19:40:26.798043+00:00,1.12.0,dpt-2-20260410
The_common_cold_a_review_of_the_literature.pdf,aa501d24-45a9-4a16-b380-ee1b1fd7461f,73,text,"There is currently no licensed Parainfluenza vaccine to date. The formalin-inactivated vaccine generated in the 1960s was not able to prevent PIV infection and was soon abandoned. At present, recombinant bovine PIV3 and human PIV3 attenuated vaccines are being evaluated in animal models as vectors for the delivery of other viral antigens such as RSV-G and RSV-F proteins. This bivalent vaccine combination provides a high level of resistance to challenge with PIV3 and RSV in animal models [82].",497,78,7,0.06319193542003632,0.7492160797119141,0.48089075088500977,0.884912371635437,2026-05-08T19:40:26.798043+00:00,1.12.0,dpt-2-20260410
The_common_cold_a_review_of_the_literature.pdf,c47fc4e0-50eb-4fdb-9eea-0a7856014122,74,text,"The conventional methods of vaccination are via the
intramuscular and subcutaneous routes. Mucosal immunisa-
tion has recently been explored and represents an attractive",169,23,7,0.06348933279514313,0.8846836686134338,0.4804597496986389,0.9331586956977844,2026-05-08T19:40:26.798043+00:00,1.12.0,dpt-2-20260410
The_common_cold_a_review_of_the_literature.pdf,cac24f9d-c03a-45a3-82ef-bc3b8b550d85,75,text,"manner of delivering vaccines. It is fast, simple and nonin-
vasive, and it can be carried out by unskilled individuals.
The use of mucosal vaccination seems logical in that most
respiratory viral infections initially start at the mucosal sites.
Therefore, inducing local immunity can help arrest the
infection at an early phase before systemic complications
arise.",365,56,7,0.5064395666122437,0.08472970128059387,0.9219357967376709,0.19153320789337158,2026-05-08T19:40:26.798043+00:00,1.12.0,dpt-2-20260410
The_common_cold_a_review_of_the_literature.pdf,a7e0c3b3-5dbb-4b74-8844-05d5e3fca6fa,76,text,"Thus far, there has been inconclusive evidence to support
the use of vitamin C and extracts of the plant Echinacea in
common cold prevention. Daily supplementation with large
doses of vitamin C does not seem to prevent common colds;
however, there seems to be a modest (8–9%) reduction in
the number of symptom days in individuals with established
cold symptoms, with larger doses having a greater effect
[83]. For Echinacea, currently available data from studies
conducted in the adult population show positive findings
both in the treatment and prevention of upper respiratory
infection. However, variations in the design of the clinical
trial and in Echinacea preparations have to be taken into
account [84].",711,113,7,0.5056504011154175,0.19195660948753357,0.9231196641921997,0.3877536356449127,2026-05-08T19:40:26.798043+00:00,1.12.0,dpt-2-20260410
The_common_cold_a_review_of_the_literature.pdf,d0822d77-e96b-4589-b1f9-bd5a3508429b,77,text,"Zinc has been shown to possess antiviral properties in vitro, and different preparations of zinc have been proposed for the treatment of the common cold. Zinc lozenges appeared to have positive effects on adults, but negative effects on children in terms of duration and severity of common cold symptoms [85,86]. Zinc nasal spray appears to reduce the total symptom score but has no effect on the duration of the common cold [87]. Recent research shows that zinc nasal gel can reduce the median time to cold resolution compared to placebo (4.3 days vs. 6.0 days; p=0.02) and decrease the median time to resolution of nasal congestion, nasal drainage, hoarseness and sore throat [88].",683,113,7,0.5060737729072571,0.38795939087867737,0.9241506457328796,0.5723460912704468,2026-05-08T19:40:26.798043+00:00,1.12.0,dpt-2-20260410
The_common_cold_a_review_of_the_literature.pdf,9cda1f9f-bf09-46d8-a999-c447906f9796,78,text,"## 4. Treatment

There are, so far, no effective therapeutic options available to treat the common cold since so many viruses are involved in its aetiology. Recent studies have focused on three areas for treatment of the common cold: symptomatic management, pharmacological treatment and antiviral agents.",305,46,7,0.5064191818237305,0.5958759188652039,0.9230028390884399,0.7045556902885437,2026-05-08T19:40:26.798043+00:00,1.12.0,dpt-2-20260410
The_common_cold_a_review_of_the_literature.pdf,1d1b934a-e5c5-4e68-b8b6-1c9ffa388f8d,79,text,"The most disturbing symptoms of the common cold are nasal discharge and stuffiness. Alpha agonists, either alone or in combination with a nonsteroidal anti-inflammatory drug, are effective in reducing nasal blockage and rhinorrhoea [89]. Nasal decongestants improve cold symptoms in adults and improve nasal patency in children; however, their side effects, such as rebound obstruction and nasal epithelial drying, have impeded their use [90]. First-generation antihistamines have shown favourable effects upon nasal symptoms in adult studies, probably because of their anticholinergic effects [91]. Topical application of ipratropium (an anticholinergic drug) at a moderate dose, which is minimally absorbed across biologic membranes, reduces rhinorrhoea and sneezing in colds [92]. The routine use of cough medications in healthy children and adults should",858,120,7,0.5056579113006592,0.7044671773910522,0.9232242107391357,0.9332669973373413,2026-05-08T19:40:26.798043+00:00,1.12.0,dpt-2-20260410
The_common_cold_a_review_of_the_literature.pdf,5a3cdd6a-ace7-4ef3-bd83-b7f6fd6645fc,80,marginalia,86,2,1,8,0.08016814291477203,0.05718198046088219,0.1031220555305481,0.07165302336215973,2026-05-08T19:40:26.798043+00:00,1.12.0,dpt-2-20260410
The_common_cold_a_review_of_the_literature.pdf,b4d6971c-1c17-44d7-bd8e-98e237ff841e,81,text,D. Wat / European Journal of Internal Medicine 15 (2004) 79–88,62,11,8,0.32091158628463745,0.05550989881157875,0.6933558583259583,0.07320338487625122,2026-05-08T19:40:26.798043+00:00,1.12.0,dpt-2-20260410
The_common_cold_a_review_of_the_literature.pdf,a1c03c98-a127-463a-9c7c-9ac3f2c48014,82,text,"pose no potential problem, but they should be used with
caution in patients with chronic obstructive airway disease.
Nonsteroidal anti-inflammatory drugs have been shown to
reduce symptoms in rhinovirus infections [93] by reducing
fever, headache, sore throat and cough. This may be because
prostaglandins are amongst the inflammatory mediators
responsible in the pathogenesis of rhinovirus colds. Intra-
nasal interferon alone is not a practical treatment option for
the common cold; however, when it is used in combination
with ipratropium and a nonsteroidal anti-inflammatory drug,
it can significantly reduce symptoms in experimental colds
[94].",649,93,8,0.07894168794155121,0.08445361256599426,0.49346113204956055,0.2683520019054413,2026-05-08T19:40:26.798043+00:00,1.12.0,dpt-2-20260410
The_common_cold_a_review_of_the_literature.pdf,c4dff2fc-0c34-4f0b-ba7d-8bd5bd1d43fc,83,text,"Amantadine has been the conventional antiviral against
of influenza. However, it is strain-specific as it is only
effective against influenza A and has common side effects,
such as insomnia, poor concentration and irritability; it is
now being replaced by newer agents such as zanamivir and
oseltamivir. They are licensed for the treatment of influenza
A and B. Early initiation of these therapies, i.e., within 48
hours of the onset of symptoms, can reduce the duration of
common cold symptoms by 1–2 days [95,96]. Zanamivir
has a poor oral bioavailability, and intranasal application has
been shown to be effective in treating experimental influ-
enza infection with a reduction in symptoms caused, virus
shedding and the development of otitis media [97].",757,119,8,0.07827077805995941,0.2678811252117157,0.49363523721694946,0.4634862244129181,2026-05-08T19:40:26.798043+00:00,1.12.0,dpt-2-20260410
The_common_cold_a_review_of_the_literature.pdf,57afcfb3-2c0f-4d9c-86ec-0cd4e5a0b891,84,text,"Ribavarin, a synthetic guanosine nucleoside that has a broad spectrum of antiviral activity, has been approved for the treatment of RSV-related respiratory infection in children since 1986. It is the only approved therapy for lower respiratory tract disease caused by RSV [98]. Potential benefits of ribavarin therapy include the inhibition of RSV-specific IgE production in nasal secretions, which has been associated with the development of hypoxaemia and wheezing [99], and improved pulmonary function [100]. Controlled studies also show that the use of ribavarin is effective in reducing the clinical severity score, duration of mechanical ventilation, supplemental oxygen use and days of hospitalisation [101].",715,103,8,0.07829681038856506,0.46331435441970825,0.4940313994884491,0.6593379378318787,2026-05-08T19:40:26.798043+00:00,1.12.0,dpt-2-20260410
The_common_cold_a_review_of_the_literature.pdf,1b532b75-4136-45b1-a3fb-41d8c24979aa,85,text,"Although rhinovirus is the major cause of colds, its vast amount of serotypes has made development of antivirals against it problematic. Some 90% of rhinovirus serotypes gain entry into epithelial cells using ICAM-1 cellular receptors. Blockade of these receptors in experimental studies showed reduced infection severity [102], but further study is required before this treatment option becomes widely available.",413,59,8,0.07796728610992432,0.6593790650367737,0.4942341446876526,0.7793360352516174,2026-05-08T19:40:26.798043+00:00,1.12.0,dpt-2-20260410
The_common_cold_a_review_of_the_literature.pdf,324b1df1-4a7f-45a5-9683-2061bf959fa8,86,text,"Contrary to common belief, there is no evidence for the use of antibiotics in the treatment of colds. Inappropriate antibiotic use can induce significant side effects and increase colonisation with resistant organisms.",218,32,8,0.07862702012062073,0.7796591520309448,0.4936002790927887,0.8422536849975586,2026-05-08T19:40:26.798043+00:00,1.12.0,dpt-2-20260410
The_common_cold_a_review_of_the_literature.pdf,edc37a7b-7d57-4487-ad91-85753302a463,87,text,"## 5. Conclusion
The recent discovery of human metapneumovirus and the development of molecular techniques in viral detection",125,18,8,0.07885682582855225,0.8667500615119934,0.4926724433898926,0.9332438111305237,2026-05-08T19:40:26.798043+00:00,1.12.0,dpt-2-20260410
The_common_cold_a_review_of_the_literature.pdf,bbd64f8b-97bd-49fa-9d92-87a7111402be,88,text,"represent an exciting time in the study of the common cold.
Further research into host inflammatory response and the
use of combination therapies may provide a long-term
treatment option for this debilitating disease. In the mean-
time, we as clinicians will have to concentrate on patient
education regarding vaccination and avoid unnecessary
antibiotic prescription.",368,54,8,0.5205941200256348,0.08542656898498535,0.9355148077011108,0.19462808966636658,2026-05-08T19:40:26.798043+00:00,1.12.0,dpt-2-20260410
The_common_cold_a_review_of_the_literature.pdf,71e76087-58da-4f1a-9540-76168481febc,89,text,"References
[1] Johnston SL, Pattemore PK, Sanderson G, et al. Community study of role of viral infections in exacerbations of asthma in 9–11 year old children. BMJ 1995;310(6989):1225–9.
[2] Seemungal T, Harper-Owen R, Bhowmik A, et al. Respiratory viruses, symptoms, and inflammatory markers in acute exacerbations and stable chronic obstructive pulmonary disease. Am J Respir Crit Care Med 2001;164(9):1618–23.
[3] Hiatt PW, Grace SC, Kozinetz CA, Raboudi SH, Treece DG, Taber LH, Piedra PA. Effects of viral lower respiratory tract infection on lung function in infants with cystic fibrosis. Pediatr 1999;103:619–26.
[4] Wang EE, Prober CG, Manson B, Corey M, Levison H. Associations of respiratory viral infections with pulmonary deterioration in patients with cystic fibrosis. N Eng J Med 1984;311:1653–8.
[5] Prober CG. The impact of respiratory viral infections in patients with cystic fibrosis. Clin Rev Allergy 1991;9:87–102.
[6] Gwaltney Jr JM, Moskalski PB, Hendley JO. Hand-to-hand transmission of rhinovirus colds. Ann Intern Med 1978;88(4):463–7.
[7] Meschievitz CK, Schultz SB, Dick EC. A model for obtaining predictable natural transmission of rhinoviruses in human volunteers. J Infect Dis 1984;150(2):195–201.
[8] Smith CB, Purcell RH, Bellanti JA, Chanock RM. Protective effect of antibody to parainfluenza type 1 virus. N Engl J Med 1966; 275(21): 1145–52.
[9] Nicholson K. Human influenza. In: Nicholson K.G.W.R., Hay AJ, editors. Textbook of influenza 275. Oxford: Blackwell; 1998. p. 219–64.
[10] Pelon W, Mogabgab W, Philips I, et al. A cytopathic agent isolated from nasal recruits and mild respiratory illness. Proc Soc Exp Biol Med 1957;94:262–7.
[11] Price W. The isolation of the new virus associated with respiratory clincal disease in humans. Proc Natl Acad Sci U S A 1956;42: 892–6.
[12] Monto AS, Bryan ER, Ohmit S. Rhinovirus infections in Tecumseh, Michigan: frequency of illness and number of serotypes. J Infect Dis 1987;156(1):43–9.
[13] Beem MO. Acute respiratory illness in nursery school children: a longitudinal study of the occurrence of illness and respiratory viruses. Am J Epidemiol 1969;90(1):30–44.
[14] Hendley JO, Gwaltney Jr JM, Jordan Jr WS. Rhinovirus infections in an industrial population: IV. Infections within families of employees during two fall peaks of respiratory illness. Am J Epidemiol 1969;89(2):184–96.
[15] Lewis VA, Champlin R, Englund J, et al. Respiratory disease due to parainfluenza virus in adult bone marrow transplant recipients. Clin Infect Dis 1996;23(5):1033–7.
[16] Heidemann SM. Clinical characteristics of parainfluenza virus infection in hospitalized children. Pediatr Pulmonol 1992;13(2):86–9.
[17] Korppi M, Leinonen M, Makela PH, Launiala K. Bacterial involvement in parainfluenza virus infection in children. Scand J Infect Dis 1990;22(3):307–12.
[18] Makela MJ, Puhakka T, Ruuskanen O, et al. Viruses and bacteria in the etiology of the common cold. J Clin Microbiol 1998;36(2):539–42.
[19] Larson HE, Reed SE, Tyrrell DA. Isolation of rhinoviruses and coronaviruses from 38 colds in adults. J Med Virol 1980;5(3): 221–9.",3108,461,8,0.519743025302887,0.21935728192329407,0.9391182065010071,0.9316644668579102,2026-05-08T19:40:26.798043+00:00,1.12.0,dpt-2-20260410
The_common_cold_a_review_of_the_literature.pdf,791428ab-cc08-4c3c-989b-4446b7cecd5e,90,text,D. Wat / European Journal of Internal Medicine 15 (2004) 79–88,62,11,9,0.30795955657958984,0.05553311109542847,0.6799113154411316,0.0729694664478302,2026-05-08T19:40:26.798043+00:00,1.12.0,dpt-2-20260410
The_common_cold_a_review_of_the_literature.pdf,81ea9ccc-f0fe-4e1d-8820-98484211ab53,91,marginalia,87,2,1,9,0.8966981768608093,0.05606117099523544,0.9192960858345032,0.07143189758062363,2026-05-08T19:40:26.798043+00:00,1.12.0,dpt-2-20260410
The_common_cold_a_review_of_the_literature.pdf,b68e8cee-cf82-471e-8b79-3130cdcd3211,92,text,"[20] Nicholson KG, Kent J, Hammersley V, Cancio E. Acute viral infections of upper respiratory tract in elderly people living in the community: comparative, prospective, population based study of disease burden. BMJ 1997;315(7115):1060–4.
[21] Callow KA, Parry HF, Sergeant M, Tyrrell DA. The time course of the immune response to experimental coronavirus infection of man. Epidemiol Infect 1990;105(2):435–46.
[22] Zeng FY, Chan CW, Chan MN, et al. The complete genome sequence of severe acute respiratory syndrome coronavirus strain HKU-39849 (HK-39). Exp Biol Med 2003;228(7):866–73 [Maywood].
[23] Whitby N, Whitby M. SARS: a new infectious disease for a new century. Aust Fam Physician 2003;32(10):779–83.
[24] Moser MR, Bender TR, Margolis HS, Noble GR, Kendal AP, Ritter DG. An outbreak of influenza aboard a commercial airliner. Am J Epidemiol 1979;110(1):1–6.
[25] Loosli C, Lemon H, Oh R, et al. Experimental airborn influenza infection: I. Influenza of humidity on survival of virus in air. Proc Soc Exp Biol Med 1943;53:205–6.
[26] Suarez DL, Perdue ML, Cox N, et al. Comparisons of highly virulent H5N1 influenza A viruses isolated from humans and chickens from Hong Kong. J Virol 1998;72(8):6678–88.
[27] Claas EC, Osterhaus AD, vanBeek R, et al. Human influenza A H5N1 virus related to a highly pathogenic avian influenza virus. Lancet 1998;351(9101):472–7.
[28] Zhou NN, Shortridge KF, Claas EC, Krauss SL, Webster RG. Rapid evolution of H5N1 influenza viruses in chickens in Hong Kong. J Virol 1999;73(4):3366–74.
[29] Parrott RH, Kim HW, Brandt CD, Chanock RM. Respiratory syncytial virus in infants and children. Prev Med 1974;3(4):473–80.
[30] Rave W, Heubner R, Gilmore L, et al. Isolation of cytpopathogenic agent from human adenoids undergoing spontaneous degeneration in tissue culture. Proc Soc Exp Biol Med 1953;84:570–3.
[31] Hierholzer JC, Wigand R, Anderson LJ, Adrian T, Gold JW. Adenoviruses from patients with AIDS: a plethora of serotypes and a description of five new serotypes of subgenus D (types 43–47). J Infect Dis 1988;158(4):804–13.
[32] Finn A, Anday E, Talbot GH. An epidemic of adenovirus 7a infection in a neonatal nursery: course, morbidity, and management. Infect Control Hosp Epidemiol 1988;9(9):398–404.
[33] Brandt CD, Kim HW, Vargosko AJ, et al. Infections in 18,000 infants and children in a controlled study of respiratory tract disease: I. Adenovirus pathogenicity in relation to serologic type and illness syndrome. Am J Epidemiol 1969;90(6):484–500.
[34] van den Hoogen BG, de Jong JC, Groen J, et al. A newly discovered human pneumovirus isolated from young children with respiratory tract disease. Nat Med 2001;7(6):719–24.
[35] Peret TC, Boivin G, Li Y, et al. Characterization of human metapneumoviruses isolated from patients in North America. J Infect Dis 2002;185(11):1660–3.
[36] Nissen MD, Siebert DJ, Mackay IM, Sloots TP, Withers SJ. Evidence of human metapneumovirus in Australian children. Med J Aust 2002;176(4):188.
[37] Arruda E, Pitkaranta A, Witek Jr TJ, Doyle CA, Hayden FG. Frequency and natural history of rhinovirus infections in adults during autumn. J Clin Microbiol 1997;35(11):2864–8.
[38] Winther B, Gwaltney Jr JM, Mygind N, Turner RB, Hendley JO. Sites of rhinovirus recovery after point inoculation of the upper airway. JAMA 1986;256(13):1763–7.
[39] Fraenkel DJ, Bardin PG, Sanderson G, Lampe F, Johnston SL, Holgate ST. Immunohistochemical analysis of nasal biopsies during rhinovirus experimental colds. Am J Respir Crit Care Med 1994; 150(4): 1130–6.
[40] Winther B. Effects on the nasal mucosa of upper respiratory viruses (common cold). Dan Med Bull 1994;41(2):193–204.
[41] Noah TL, Henderson FW, Wortman IA, et al. Nasal cytokine production in viral acute upper respiratory infection of childhood. J Infect Dis 1995;171(3):584–92.",3824,579,9,0.06906075775623322,0.08034378290176392,0.4827883839607239,0.9324027895927429,2026-05-08T19:40:26.798043+00:00,1.12.0,dpt-2-20260410
The_common_cold_a_review_of_the_literature.pdf,547b9373-5cc2-4465-87d7-d882d469e623,93,text,"[42] Fritz RS, Hayden FG, Calfee DP, et al. Nasal cytokine and chemo-kine responses in experimental influenza A virus infection: results of a placebo-controlled trial of intravenous zanamivir treatment. J Infect Dis 1999;180(3):586–93.
[43] Naclerio RM, Proud D, Lichtenstein LM, et al. Kinins are generated during experimental rhinovirus colds. J Infect Dis 1988;157(1):133–42.
[44] Turner RB, Weingand KW, Yeh CH, Leedy DW. Association between interleukin-8 concentration in nasal secretions and severity of symptoms of experimental rhinovirus colds. Clin Infect Dis 1998;26(4):840–6.
[45] Zhu Z, Tang W, Ray A, et al. Rhinovirus stimulation of interleukin-6 in vivo and in vitro. Evidence for nuclear factor kappa B-dependent transcriptional activation. J Clin Invest 1996;97(2):421–30.
[46] Schmidt OW. Antigenic characterization of human coronaviruses 229E and OC43 by enzyme-linked immunosorbent assay. J Clin Microbiol 1984;20(2):175–80.
[47] Schmidt OW, Kenny GE. Immunogenicity and antigenicity of hu-man coronaviruses 229E and OC43. Infect Immun 1981;32(3):1000–6.
[48] Yeager CL, Ashmun RA, Williams RK, et al. Human aminopepti-dase N is a receptor for human coronavirus 229E. Nature 1992;357(6377): 420–2.
[49] Kunkel F, Herrler G. Structural and functional analysis of the S proteins of two human coronavirus OC43 strains adapted to growth in different cells. Arch Virol 1996;141(6):1123–31.
[50] Tyrrell DA, Cohen S, Schlarb JE. Signs and symptoms in common colds. Epidemiol Infect 1993;111(1):143–56.
[51] Reed SE. The behaviour of recent isolates of human respiratory coronavirus in vitro and in volunteers: evidence of heterogeneity among 229E-related strains. J Med Virol 1984;13(2):179–92.
[52] Bradburne AF, Bynoe ML, Tyrrell DA. Effects of a “new” human respiratory virus in volunteers. Br Med J 1967;3(568):767–9.
[53] Hers JF. Disturbances of the ciliated epithelium due to influenza virus. Am Rev Respir Dis 1966;93(3 Suppl):162–77.
[54] Hers JF, Mulder J. Broad aspects of the pathology and pathogenesis of human influenza. Am Rev Respir Dis 1961;83(2 Pt 2):84–97.
[55] Walsh JJ, Dietlein LF, Low FN, Burch GE, Mogabgab WJ. Bron-chotracheal response in human influenza. Type A, Asian strain, as studied by light and electron microscopic examination of broncho-scopic biopsies. Arch Intern Med 1961;108:376–88.
[56] Hayden FG, Fritz R, Lobo MC, Alvord W, Strober W, Straus SE. Local and systemic cytokine responses during experimental human influenza A virus infection. Relation to symptom formation and host defense. J Clin Invest 1998;101(3):643–9.
[57] Eichelberger MC, Wang ML, Allan W, Webster RG, Doherty PC. Influenza virus RNA in the lung and lymphoid tissue of immuno-logically intact and CD4-depleted mice. J Gen Virol 1991;72(Pt 7):1695–8.
[58] Neilson KA, Yunis EJ. Demonstration of respiratory syncytial virus in an autopsy series. Pediatr Pathol 1990;10(4):491–502.
[59] Tristram DA, Hicks Jr W, Hard R. Respiratory syncytial virus and human bronchial epithelium. Arch Otolaryngol Head Neck Surg 1998;124(7):777–83.
[60] Hall CB, Douglas Jr RG, Simons RL. Interferon production in adults with respiratory syncytial viral infection. Ann Intern Med 1981;94(1): 53–5.
[61] Lilic D, Cant AJ, Abinun M, Calvert JE, Spickett GP. Cytokine production differs in children and adults. Pediatr Res 1997;42(2):237–40.
[62] Stockton J, Stephenson I, Fleming D, Zambon M. Human metapneu-movirus as a cause of community-acquired respiratory illness. Emerg Infect Dis 2002;8(9):897–901.
[63] Welliver RC, Wong DT, Middleton E Jr., Sun M, McCarthy N, Ogra PL. Role of parainfluenza virus-specific IgE in pathogenesis of croup and wheezing subsequent to infection. J Pediatr 1982;101(6): 889–96.",3715,537,9,0.5126361846923828,0.08116903901100159,0.9258270263671875,0.9310381412506104,2026-05-08T19:40:26.798043+00:00,1.12.0,dpt-2-20260410
The_common_cold_a_review_of_the_literature.pdf,33568496-2d73-4ea4-b0db-5e5754ee766f,94,marginalia,88,2,1,10,0.08061860501766205,0.05616462603211403,0.10265856981277466,0.07171289622783661,2026-05-08T19:40:26.798043+00:00,1.12.0,dpt-2-20260410
The_common_cold_a_review_of_the_literature.pdf,02b967ba-db45-4cb6-933e-b179ec0bfcca,95,text,D. Wat / European Journal of Internal Medicine 15 (2004) 79–88,62,11,10,0.32080572843551636,0.055854786187410355,0.6929659247398376,0.07299887388944626,2026-05-08T19:40:26.798043+00:00,1.12.0,dpt-2-20260410
The_common_cold_a_review_of_the_literature.pdf,d36f5680-1327-45e4-8fdd-69ed7e31d8d5,96,text,"[64] Nutting PA, Main DS, Fischer PM, et al. Toward optimal laboratory use. Problems in laboratory testing in primary care. JAMA 1996; 275(8): 635–9.
[65] Covalciuc KA, Webb KH, Carlson CA. Comparison of four clinical specimen types for detection of influenza A and B viruses by optical immunoassay (FLU OIA test) and cell culture methods. J Clin Microbiol 1999;37(12):3971–4.
[66] Hall CB, Douglas Jr RG. Clinically useful method for the isolation of respiratory syncytial virus. J Infect Dis 1975;131(1):1–5.
[67] Schmid ML, Kudesia G, Wake S, Read RC. Prospective comparative study of culture specimens and methods in diagnosing influenza in adults. BMJ 1998;316(7127):275.
[68] Heikkinen T, Marttila J, Salmi AA, Ruuskanen O. Nasal swab versus nasopharyngeal aspirate for isolation of respiratory viruses. J Clin Microbiol 2002;40(11):4337–9.
[69] Corne JM, Green S, Sanderson G, Caul EO, Johnston SL. A multiplex RT-PCR for the detection of parainfluenza viruses 1–3 in clinical samples. J Virol Methods 1999;82(1):9–18.
[70] Hamparian VV, Colonno RJ, Cooney MK, et al. A collaborative report: rhinoviruses-extension of the numbering system from 89 to 100. Virology 1987;159(1):191–2.
[71] Compton J. Nucleic acid sequence-based amplification. Nature 1991;350(6313):91–2.
[72] Kievits T, van Gemen B, van Strijp D, et al. NASBA isothermal enzymatic in vitro nucleic acid amplification optimized for the diagnosis of HIV-1 infection. J Virol Methods 1991;35(3):273–86.
[73] Guatelli JC, Whitfield KM, Kwoh DY, Barringer KJ, Richman DD, Gingeras TR. Isothermal, in vitro amplification of nucleic acids by a multienzyme reaction modeled after retroviral replication. Proc Natl Acad Sci U S A 1990;87(19):7797.
[74] Leone G, van Schijndel H, van Gemen B, Kramer FR, Schoen CD. Molecular beacon probes combined with amplification by NASBA enable homogeneous, real-time detection of RNA. Nucleic Acids Res 1998;26(9):2150–5.
[75] Swierkosz EM, Erdman DD, Bonnot T, Schneiderheinze C, Waner JL. Isolation and characterization of a naturally occurring parainfluenza 3 virus variant. J Clin Microbiol 1995;33(7):1839–41.
[76] Fan J, Henrickson KJ, Savatski LL. Rapid simultaneous diagnosis of infections with respiratory syncytial viruses A and B, influenza viruses A and B, and human parainfluenza virus types 1, 2, and 3 by multiplex quantitative reverse transcription-polymerase chain reaction-enzyme hybridization assay (Hexaplex). Clin Infect Dis 1998;26(6):1397–402.
[77] Kehl SC, Henrickson KJ, Hua W, Fan J. Evaluation of the Hexaplex assay for detection of respiratory viruses in children. J Clin Microbiol 2001;39(5):1696–701.
[78] Fleming DM. The impact of three influenza epidemics on primary care in England and Wales. Pharmacoeconomics 1996;9(Suppl 3):38–45 [discussion 50–53].
[79] Douglas RM, Moore BW, Miles HB, et al. Prophylactic efficacy of intranasal alpha 2-interferon against rhinovirus infections in the family setting. N Engl J Med 1986;314(2):65–70.
[80] Kim HW, Canchola JG, Brandt CD, et al. Respiratory syncytial virus disease in infants despite prior administration of antigenic inactivated vaccine. Am J Epidemiol 1969;89(4):422–34.
[81] Group. TIRS. Palivizumab, a humanised respiratory syncytial virus monoclonal antibody reduces hospitalisation from respiratory syncytial virus infection in high risk infants. Paediatrics 1998;102:531–7.
[82] Schmidt AC, McAuliffe JM, Murphy BR, Collins PL. Recombinant bovine/human parainfluenza virus type 3 (B/HPIV3) expressing the respiratory syncytial virus (RSV) G and F proteins can be used to achieve simultaneous mucosal immunization against RSV and HPIV3. J Virol 2001;75(10):4594–603.",3659,520,10,0.08429127931594849,0.0814751386642456,0.494606077671051,0.8806209564208984,2026-05-08T19:40:26.798043+00:00,1.12.0,dpt-2-20260410
The_common_cold_a_review_of_the_literature.pdf,30f2d682-f8f8-4273-889f-1ea2dacfb049,97,text,"[83] Douglas RM, Chalker EB, Treacy B. Vitamin C for preventing and treating the common cold. Cochrane Database Syst Rev 2000;(2) [CD000980].
[84] Giles JT, Palat CT III, Chien SH, Chang ZG, Kennedy DT. Evaluation of echinacea for treatment of the common cold. Pharmacotherapy 2000;20(6):690–7.
[85] Marshall I. Zinc for the common cold. Cochrane Database Syst, Rev 2000;20(2):690 [CD001364].
[86] Macknin ML, Piedmonte M, Calendine C, Janosky J, Wald E. Zinc gluconate lozenges for treating the common cold in children: a randomized controlled trial. JAMA 1998;279(24):1962–7.
[87] Belongia EA, Berg R, Liu K. A randomized trial of zinc nasal spray for the treatment of upper respiratory illness in adults. Am J Med 2001;111(2):103–8.
[88] Mossad SB. Effect of zincum gluconicum nasal gel on the duration and symptom severity of the common cold in otherwise healthy adults. QJM 2003;96(1):35–43.
[89] Sperber SJ, Sorrentino JV, Riker DK, Hayden FG. Evaluation of an alpha agonist alone and in combination with a nonsteroidal antiinflammatory agent in the treatment of experimental rhinovirus colds. Bull N Y Acad Med 1989;65(1):145–60.
[90] Taverner D, Bickford L, Draper M. Nasal decongestants for the common cold. Cochrane Database Syst Rev 2000;65(2):145 [CD001953].
[91] Gwaltney Jr JM, Druce HM. Efficacy of brompheniramine maleate for the treatment of rhinovirus colds. Clin Infect Dis 1997;25(5): 1188–94.
[92] Diamond L, Dockhorn RJ, Grossman J, et al. A dose-response study of the efficacy and safety of ipratropium bromide nasal spray in the treatment of the common cold. J Allergy Clin Immunol 1995;95(5 Pt 2):1139–46.
[93] Sperber SJ, Hendley JO, Hayden FG, Riker DK, Sorrentino JV, Gwaltney Jr JM. Effects of naproxen on experimental rhinovirus colds. A randomized, double-blind, controlled trial. Ann Intern Med 1992;117(1):37–41.
[94] Gwaltney Jr JM. Combined antiviral and antimediator treatment of rhinovirus colds. J Infect Dis 1992;166(4):776–82.
[95] Nicholson KG, Aoki FY, Osterhaus AD, et al. Efficacy and safety of oseltamivir in treatment of acute influenza: a randomised controlled trial. Neuraminidase Inhibitor Flu Treatment Investigator Group. Lancet 2000;355(9218):1845–50.
[96] Group. TMS. Randomised trial of efficacy and safety of inhaled Zanamivir in the treatment of influenza A and B virus infections. Lancet 1998;352:1845–50.
[97] Hayden FG, Treanor JJ, Betts RF, Lobo M, Esinhart JD, Hussey EK. Safety and efficacy of the neuraminidase inhibitor GG167 in experimental human influenza. JAMA 1996;275(4):295–9.
[98] Diseases CoI EK. Use of ribavarin in the treatment of respiratory syncytial virus infection. Pediatrics 1993;92:501–4.
[99] Rosner IK, Welliver RC, Edelson PJ, Geraci-Ciardullo K, Sun M. Effect of ribavirin therapy on respiratory syncytial virus-specific IgE and IgA responses after infection. J Infect Dis 1987;155(5):1043–7.
[100] Hiatt PT, Laber DL. Pulmonary function (PF) following treatment with ribavarin in infants hospitalised with RSV bronchiolitis. Am Rev Respir Dis 1990;141:A624.
[101] Smith DW, Frankel LR, Mathers LH, Tang AT, Ariagno RL, Prober CG. A controlled trial of aerosolized ribavirin in infants receiving mechanical ventilation for severe respiratory syncytial virus infection. N Engl J Med 1991;325(1):24–9.
[102] Turner RB, Wecker MT, Pohl G, et al. Efficacy of tremacamra, a soluble intercellular adhesion molecule 1, for experimental rhinovirus infection: a randomized clinical trial. JAMA 1999;281(19): 1797–804.",3494,511,10,0.524106502532959,0.08122432231903076,0.9375114440917969,0.8795112371444702,2026-05-08T19:40:26.798043+00:00,1.12.0,dpt-2-20260410
Understanding_the_symptoms_of_the_common_cold_and_influenza.pdf,55ccf7a1-778b-4b0f-8357-b984f98d53d0,0,marginalia,Review,6,1,0,0.0823078379034996,0.04549301788210869,0.15008819103240967,0.06518949568271637,2026-05-08T19:40:26.798150+00:00,1.12.0,dpt-2-20260410
Understanding_the_symptoms_of_the_common_cold_and_influenza.pdf,039ed7b2-f1f2-4829-9c9f-2e3088f66e6a,1,text,Understanding the symptoms of the common cold and influenza,59,9,0,0.19330844283103943,0.14649365842342377,0.8659578561782837,0.20426984131336212,2026-05-08T19:40:26.798150+00:00,1.12.0,dpt-2-20260410
Understanding_the_symptoms_of_the_common_cold_and_influenza.pdf,f6b3a03b-a397-4d17-b991-1d07bcd276b3,2,text,"Lancet Infect Dis 2005;
5:718-725

RE is a professor at the Cardiff
School of Biosciences, Cardiff
University, Cardiff, UK.

Correspondence to: Professor
Ron Eccles, Common Cold
Centre, Cardiff School of
Biosciences, Cardiff University,
Cardiff CF10 3US, UK.
Tel +44 (0)29 20874099;
fax +44 (0)29 20874093;
eccles@cardiff.ac.uk",327,46,0,0.05627620965242386,0.2429201304912567,0.1929718255996704,0.3955683410167694,2026-05-08T19:40:26.798150+00:00,1.12.0,dpt-2-20260410
Understanding_the_symptoms_of_the_common_cold_and_influenza.pdf,970db99b-2724-481d-9eaf-e1a09c972d1b,3,text,"The common cold and influenza (flu) are the most common syndromes of infection in human beings. These diseases are diagnosed on symptomatology, and treatments are mainly symptomatic, yet our understanding of the mechanisms that generate the familiar symptoms is poor compared with the amount of knowledge available on the molecular biology of the viruses involved. New knowledge of the effects of cytokines in human beings now helps to explain some of the symptoms of colds and flu that were previously in the realm of folklore rather than medicine— eg, fever, anorexia, malaise, chilliness, headache, and muscle aches and pains. The mechanisms of symptoms of sore throat, rhinorrhoea, sneezing, nasal congestion, cough, watery eyes, and sinus pain are discussed, since these mechanisms are not dealt with in any detail in standard medical textbooks.",850,132,0,0.19640925526618958,0.23805677890777588,0.9417879581451416,0.3549920320510864,2026-05-08T19:40:26.798150+00:00,1.12.0,dpt-2-20260410
Understanding_the_symptoms_of_the_common_cold_and_influenza.pdf,1a0a08f9-3f9f-4e3b-af38-da1ffd370de2,4,text,"# Introduction
Acute upper respiratory tract viral infections (URTIs) are the most common diseases of human beings, with adults having two to five common colds each year and school children having from seven to ten colds per year.¹ The symptoms of URTIs are so common that self-diagnosis of common cold or influenza (flu) is normal among the general public and clinical diagnosis is usually the only diagnosis used by the physician. Over 200 serologically different viral types are responsible for human URTIs, with the rhinoviruses being the most common cause.¹ There is a large amount of information available about the molecular biology of the viruses associated with URTIs but relatively little information on the origins of the symptoms associated with them. An understanding of the pathophysiology of symptoms of URTIs is important, as most treatments for URTIs are symptomatic and clinical trials on the efficacy of new treatments usually focus on changes in symptom scores as the main parameter of efficacy rather than changes in viral titres in the airway or viral shedding. Clinical trials on any new antiviral treatment for URTIs aimed at the general population will need to demonstrate changes in symptom severity or duration of symptoms, since these parameters are the key benefits for most patients. Differences in clinical presentation are not so useful in identifying the causative agent of an URTI but there has been increasing interest in improving the accuracy of symptomatic diagnosis of emerging viral infections such as pandemic influenza² and severe acute respiratory syndrome (SARS)³ because early diagnosis is essential for any antiviral therapy and for the initiation of public-health measures in the community (eg, isolation of infected cases). Here, I discuss the mechanisms that generate symptoms associated with URTIs, especially common cold and flu, but will not review virology in any detail except as regards relevance to symptoms.",1964,306,0,0.1951311230659485,0.36219972372055054,0.5645514130592346,0.8790221810340881,2026-05-08T19:40:26.798150+00:00,1.12.0,dpt-2-20260410
Understanding_the_symptoms_of_the_common_cold_and_influenza.pdf,c6966ab1-cc5e-437f-aa1f-46d46f2dc154,5,text,"Is it a cold or flu?
The clinical expression of URTIs is variable and is
partly influenced by the nature of the infecting virus
but to a greater extent is modulated by the age,",176,34,0,0.19496014714241028,0.885137677192688,0.5633114576339722,0.9476706981658936,2026-05-08T19:40:26.798150+00:00,1.12.0,dpt-2-20260410
Understanding_the_symptoms_of_the_common_cold_and_influenza.pdf,feafec93-42bf-474e-80ac-fe341e26a9c8,6,text,"physiological state, and immunological experience of
the host. Depending on these factors, URTIs may
occur without symptoms, may kill, or most commonly
will be associated with an acute self-limiting illness.",207,30,0,0.5717434883117676,0.3630102276802063,0.9414852857589722,0.42082470655441284,2026-05-08T19:40:26.798150+00:00,1.12.0,dpt-2-20260410
Understanding_the_symptoms_of_the_common_cold_and_influenza.pdf,72dcd84d-8e65-4ad6-97b5-7f8739c4501f,7,text,"""Common cold"" and ""flu"" are syndromes of familiar
symptoms caused by viral infection of the upper
respiratory tract. It is difficult to define the syndromes
exactly because of great variation in the severity,
duration, and types of symptom. Rhinoviruses account
for 30–50% of all colds, and coronaviruses are the
second most common agent, accounting for 10–15% of
colds.5 Influenza viruses account for 5–15% of colds,
and cold viruses such as respiratory syncytial virus are
responsible for much flu-like illness,6 demonstrating
that there is much overlap in aetiology and
symptomatology of common cold and flu syndromes.",621,95,0,0.5720216631889343,0.42116454243659973,0.9412731528282166,0.5868648290634155,2026-05-08T19:40:26.798150+00:00,1.12.0,dpt-2-20260410
Understanding_the_symptoms_of_the_common_cold_and_influenza.pdf,04a14bdd-052e-4307-8ece-a6b4bb99f486,8,text,"The common cold syndrome has been defined in
terms of experimental colds as a short mild illness with
early symptoms of headache, sneezing, chilliness, and
sore throat and later symptoms of nasal discharge,
nasal obstruction, cough, and malaise. Generally the
severity of symptoms increases rapidly, peaking
2-3 days after infection, with a mean duration of
symptoms of 7-10 days but with some symptoms
persisting for more than 3 weeks. Experimental colds
in the adult are rarely associated with fever, and some
subjects have a transient depression of oral
temperature during the early phases of a cold. Studies
on the symptoms generated by different common cold
viruses indicate that it is not possible to identify the
virus on the basis of the symptoms, since similar
symptoms are caused by different viruses.",811,130,0,0.5719488263130188,0.5866504311561584,0.941466748714447,0.8070204854011536,2026-05-08T19:40:26.798150+00:00,1.12.0,dpt-2-20260410
Understanding_the_symptoms_of_the_common_cold_and_influenza.pdf,23a8a79a-1e44-4920-b81e-0e9c9d3c726b,9,text,"The influenza syndrome is typically of sudden onset
and is characterised by fever, headache, cough, sore
throat, myalgia, nasal congestion, weakness, and loss of
appetite.² Antiviral agents are available for the
treatment of influenza but they are ineffective against
any other causes of URTIs and therefore there is
considerable interest in the early clinical diagnosis of
influenza as opposed to common cold. The best
predictors for influenza are cough and fever, since this
combination of symptoms has been shown to have a",525,82,0,0.5713929533958435,0.8071240782737732,0.9416177868843079,0.9464332461357117,2026-05-08T19:40:26.798150+00:00,1.12.0,dpt-2-20260410
Understanding_the_symptoms_of_the_common_cold_and_influenza.pdf,4e7c0111-39de-49c4-834c-f6f14fe55114,10,marginalia,718,3,1,0,0.04447384923696518,0.9652516841888428,0.07146891206502914,0.9788720607757568,2026-05-08T19:40:26.798150+00:00,1.12.0,dpt-2-20260410
Understanding_the_symptoms_of_the_common_cold_and_influenza.pdf,aa5c5432-cd0f-4a90-bdd8-fb68ef8aa58e,11,marginalia,http://infection.thelancet.com Vol 5 November 2005,50,5,0,0.6781694889068604,0.9645881652832031,0.9382961988449097,0.9797687530517578,2026-05-08T19:40:26.798150+00:00,1.12.0,dpt-2-20260410
Understanding_the_symptoms_of_the_common_cold_and_influenza.pdf,f39d7598-f2e3-41b5-a7a7-1f8e44f0a5cc,12,text,Ron Eccles,10,2,0,0.19575418531894684,0.2127184122800827,0.25866058468818665,0.23041875660419464,2026-05-08T19:40:26.798150+00:00,1.12.0,dpt-2-20260410
Understanding_the_symptoms_of_the_common_cold_and_influenza.pdf,dc8b7e45-9448-4b8c-9974-af9ea67503b8,13,text,Review,6,1,1,0.8516440391540527,0.04459531232714653,0.9214913845062256,0.06555399298667908,2026-05-08T19:40:26.798150+00:00,1.12.0,dpt-2-20260410
Understanding_the_symptoms_of_the_common_cold_and_influenza.pdf,858d6d37-ad7d-4407-9c8d-086c87873206,14,text,"positive predictive value of around 80% in
differentiating influenza from a population suffering
from flu-like symptoms.²",121,16,1,0.06258662045001984,0.15634509921073914,0.4312664866447449,0.20299634337425232,2026-05-08T19:40:26.798150+00:00,1.12.0,dpt-2-20260410
Understanding_the_symptoms_of_the_common_cold_and_influenza.pdf,73efc760-409d-4ab4-bb16-2920ce74e086,15,text,"# Symptomatology
The symptoms of URTIs are triggered in response to the viral infection of the upper airway and the immune response to infection may be the main factor in generating the symptoms, rather than damage to the airway. 9.10 Histological surveys of the nasal epithelium during experimental rhinovirus infections have not been able to find any morphological changes in the nasal epithelium of infected volunteers, apart from a substantial increase in polymorphonuclear leucocytes early in the course of the infection. 11 The major cell monitoring the host for the invasion of pathogens is the macrophage, which has the ability to trigger an acute phase response when stimulated with components of viruses or bacteria—eg, viral RNA and bacterial cell wall components. 12 The surface of the macrophage exhibits toll-like receptors that combine with the components of viral and bacterial pathogens and trigger the production of cytokines. 12 The cytokines act to recruit other immune cells, trigger inflammation, and generate systemic symptoms such as fever. 13 A complex mix of proinflammatory cytokines and mediators generates the symptoms of URTIs. 14 The inflammatory mediator bradykinin is believed to have a major role in generating the local symptoms of URTIs (eg, sore throat and nasal congestion), 15.16 and cytokines are believed to be responsible for the systemic symptoms (eg, fever). 17 A discussion of the mechanisms that generate the URTI symptoms is the main topic of this review and each symptom will be discussed in turn.",1545,243,1,0.06177416443824768,0.21089929342269897,0.4316329061985016,0.6435796618461609,2026-05-08T19:40:26.798150+00:00,1.12.0,dpt-2-20260410
Understanding_the_symptoms_of_the_common_cold_and_influenza.pdf,82e47fb5-0fba-46ee-96fb-3ecca82e0fe6,16,text,"Sore throat
A scratchy sensation of throat irritation is often the first symptom of an URTI. This symptom may be related to early viral infection of the nasopharynx rather than the nasal epithelium. 18 Point inoculation of rhinovirus on the inferior turbinate caused early infection of the nasopharynx with subsequent spread of infection anteriorly into the nose. 18 The sensation of throat irritation may be caused by the formation of bradykinin in the airway in response to infection, since intranasal administration of bradykinin causes symptoms of rhinitis and a sore throat. 15,19 The sensation of throat irritation as an early URTI symptom may develop into sore throat pain associated with nasopharyngitis, pharyngitis, or tonsillitis and these conditions may also be associated with bacterial infection. 20 The symptom of sore throat is most likely caused by the actions of prostaglandins and bradykinin on sensory nerve endings in the airway and the sensation of pain is mediated by the cranial nerves supplying the nasopharynx and pharynx.",1048,164,1,0.06199261546134949,0.6522067785263062,0.4315589666366577,0.947054386138916,2026-05-08T19:40:26.798150+00:00,1.12.0,dpt-2-20260410
Understanding_the_symptoms_of_the_common_cold_and_influenza.pdf,22b7c1d6-6487-423d-b45c-604f44ea6f72,17,text,"## Sneezing
Sneezing, like sore throat, is a prominent early symptom associated with URTIs.⁷ Sneezing is mediated solely by the trigeminal nerves, which supply the nasal epithelium and the anterior part of the nasopharynx with sensory fibres.²¹˒²² Sneezing is related to inflammatory responses in the nose and nasopharynx that stimulate the trigeminal nerves. The sneeze response may be mediated via histamine receptors on the trigeminal nerves, since intranasal administration of histamine causes sneezing.²³ The trigeminal nerves relay information to the sneeze centre in the brainstem and cause reflex activation of motor and parasympathetic branches of the facial nerve and activate respiratory muscles. A model of the sneeze reflex is illustrated in figure 1. The sneeze centre coordinates the inspiratory and expiratory actions of sneezing via respiratory muscles, and lacrimation and nasal congestion via parasympathetic branches of the facial nerve. The eyes are always closed during sneezing by activation of facial muscles, indicating a close relation between the protective reflexes of the nose and eyes. A common phenomenon is the “photic sneeze”, caused by a sudden increase in light intensity, again highlighting the overlap of protective nasal and eye reflexes.²⁴ Sneezing activates parasympathetic pathways to nasal glands and there appears to be some cholinergic control of sneezing, since anticholinergics such as ipratropium and first generation antihistamines have been shown to inhibit sneezing.²⁵˒²⁶",1521,221,1,0.4389769434928894,0.15682795643806458,0.8087742924690247,0.5753207206726074,2026-05-08T19:40:26.798150+00:00,1.12.0,dpt-2-20260410
Understanding_the_symptoms_of_the_common_cold_and_influenza.pdf,1faa4b30-410c-4e73-af67-0196c67e6bb4,18,text,"## Rhinorrhoea
The nasal discharge associated with URTIs is a complex mix of elements derived from glands, goblet cells, plasma cells, and plasma exudates from capillaries, with the relative contributions from these different sources varying with the time course of the infection and the",287,44,1,0.43968260288238525,0.5836948752403259,0.8085458278656006,0.6712833046913147,2026-05-08T19:40:26.798150+00:00,1.12.0,dpt-2-20260410
Understanding_the_symptoms_of_the_common_cold_and_influenza.pdf,9af99785-12a1-4471-b2c1-b66c0ce7aafc,19,figure,"<::flowchart: Sneezing Reflex

1.  **Input:**
    *   Nasal epithelium
    *   Trigeminal nerves (from Nasal epithelium)
    *   Sneeze centre in medulla (receives input from Trigeminal nerves)

2.  **Output (from Sneeze centre in medulla):**
    *   Respiratory muscles
    *   Facial muscles
    *   Nasal lacrimal glands

This entire process leads to **SNEEZE**.

Figure 1: Sneezing is mainly triggered by stimulation of trigeminal sensory nerves in the nasal epithelium
The trigeminal nerves provide a sensory input to the “sneeze centre” in the medulla that triggers reflex activation
of nasal and lacrimal glands to cause a rhinorrhoea, facial muscles to cause closure of the eyes and grimace, and
respiratory muscles to cause inspiration followed by an explosive expiration.::>",784,111,1,0.4381905496120453,0.6748815774917603,0.9585496187210083,0.9470231533050537,2026-05-08T19:40:26.798150+00:00,1.12.0,dpt-2-20260410
Understanding_the_symptoms_of_the_common_cold_and_influenza.pdf,9cf31bdf-5577-497d-a9b6-1bc53e0b171c,20,marginalia,http://infection.thelancet.com Vol 5 November 2005,50,5,1,0.0629580169916153,0.9641122221946716,0.32183486223220825,0.9797785878181458,2026-05-08T19:40:26.798150+00:00,1.12.0,dpt-2-20260410
Understanding_the_symptoms_of_the_common_cold_and_influenza.pdf,3dfbdb79-07b2-402d-95b7-0f6ff7062873,21,marginalia,719,3,1,1,0.9294800758361816,0.9651865363121033,0.9584677219390869,0.9794779419898987,2026-05-08T19:40:26.798150+00:00,1.12.0,dpt-2-20260410
Understanding_the_symptoms_of_the_common_cold_and_influenza.pdf,52f0b6ca-52e4-45a4-add2-6be2c9e1ec9e,22,marginalia,Review,6,1,2,0.08252820372581482,0.04555527865886688,0.15004023909568787,0.06511678546667099,2026-05-08T19:40:26.798150+00:00,1.12.0,dpt-2-20260410
Understanding_the_symptoms_of_the_common_cold_and_influenza.pdf,549dd191-de8b-456c-9e8b-aaac8ac8fd46,23,figure,"<::Figure 2: Spontaneous changes in unilateral nasal airway resistance recorded in one subject with symptoms of common cold (A), and 6–8 weeks later when healthy (B).

Graph A shows nasal resistance (Pa/cm³ s⁻¹) versus time (minutes) for a subject with symptoms of common cold. The blue line, representing left nasal airway resistance, starts high (around 5 Pa/cm³ s⁻¹) and decreases, fluctuating between approximately 1 and 3 Pa/cm³ s⁻¹ before dropping below 1 Pa/cm³ s⁻¹ after 200 minutes. The red line, representing right nasal airway resistance, starts low (below 0.5 Pa/cm³ s⁻¹), remains low for the first 150 minutes, then rises sharply to over 3 Pa/cm³ s⁻¹ around 275 minutes, before stabilizing around 1.5 Pa/cm³ s⁻¹.

Graph B shows nasal resistance (Pa/cm³ s⁻¹) versus time (minutes) for the same subject 6–8 weeks later when healthy. Both the blue line (left nasal airway resistance) and the red line (right nasal airway resistance) show consistently low and stable resistance values, generally remaining below 1 Pa/cm³ s⁻¹ throughout the recording period.

Blue symbols represent left nasal airway resistance and red symbols represent right nasal airway resistance.
Redrawn from Eccles et al.34
: line graph::>",1221,190,2,0.04150107502937317,0.15508799254894257,0.564908504486084,0.5517098307609558,2026-05-08T19:40:26.798150+00:00,1.12.0,dpt-2-20260410
Understanding_the_symptoms_of_the_common_cold_and_influenza.pdf,f74a061d-bbf8-401d-86aa-9f1c83c6abf3,24,text,"severity of the inflammatory response.²⁷ A watery nasal secretion is an early URTI symptom and is often accompanied by sneezing. This early phase of nasal secretion is a reflex glandular secretion that is caused by stimulation of trigeminal nerves in the airway, similar to sneezing. Support for the glandular origin of the early nasal secretions comes from studies on anticholinergic medicines such as ipratropium. These studies have demonstrated that nasal secretions in the first 4 days of a common cold are inhibited by intranasal administration of ipratropium.²⁵ The nasal discharge also consists of a protein-rich plasma exudate derived from subepithelial capillaries,²⁸ which may explain why anticholinergics only partly inhibit nasal discharge associated with URTIs.²⁷",776,114,2,0.19537851214408875,0.557245135307312,0.5634418725967407,0.7648954391479492,2026-05-08T19:40:26.798150+00:00,1.12.0,dpt-2-20260410
Understanding_the_symptoms_of_the_common_cold_and_influenza.pdf,4a27189c-8295-47ca-8078-b0cb904c3a06,25,text,"The colour of nasal discharge and sputum is often
used as a clinical marker to determine whether or not to
prescribe antibiotics but there is no evidence from the
literature that supports this concept,²⁹ since colour
changes in nasal discharge or sputum reflect the severity
of the inflammatory response³⁰ rather than the nature of
the infection. Much of the literature relates to colour
changes in sputum and the lower airways but the same
concepts apply to the upper airways and nasal discharge.
The colour of nasal discharge may change from clear to
yellow to green during the course of an URTI. This
colour change is related to the recruitment of leucocytes
into the airway lumen and is a hallmark of airway",711,121,2,0.19473578035831451,0.7646917104721069,0.5645750761032104,0.9469813108444214,2026-05-08T19:40:26.798150+00:00,1.12.0,dpt-2-20260410
Understanding_the_symptoms_of_the_common_cold_and_influenza.pdf,dd7bacda-cdcf-4b44-b9f1-9087cbd7f148,26,text,"disease.30 Neutrophils and proinflammatroy monocytes have azurophil granules that are green because of the green protein myeloperoxidase. Nasal discharge with few leucocytes is white or clear, with increasing numbers of leucocytes the nasal discharge appears yellow (pale green), and with large numbers of leucocytes the colour becomes green.30",344,48,2,0.5705906748771667,0.15628083050251007,0.941455066204071,0.25861161947250366,2026-05-08T19:40:26.798150+00:00,1.12.0,dpt-2-20260410
Understanding_the_symptoms_of_the_common_cold_and_influenza.pdf,56fd250e-cfb4-4b1f-b9a7-9d22e7ab60d4,27,text,"## Nasal congestion
Nasal congestion is a later symptom of URTIs that increases in severity over the first week of symptoms.<sup>7</sup> Nasal congestion is caused by the dilation of large veins in the nasal epithelium (venous sinuses) in response to the generation of vasodilator mediators of inflammation such as bradykinin.<sup>31,32</sup> These sinuses are well developed at the anterior end of the inferior turbinate and nasal septum where congestion of the sinuses in the narrow nasal valve region causes obstruction of the nasal airway.<sup>33</sup> The nasal venous sinuses exhibit phases of congestion and decongestion under the influence of the sympathetic vasoconstrictor nerves, causing reciprocal changes in nasal airflow (often termed the ""nasal cycle"").<sup>33</sup> The asymmetry of nasal airflow associated with the nasal cycle is increased with an URTI, and this may result in one nasal passage being patent while the other is completely obstructed.<sup>34</sup> Figure 2 illustrates the changes in nasal airflow associated with the nasal cycle in health and with an URTI.",1090,162,2,0.5709602236747742,0.26761242747306824,0.9416312575340271,0.546806812286377,2026-05-08T19:40:26.798150+00:00,1.12.0,dpt-2-20260410
Understanding_the_symptoms_of_the_common_cold_and_influenza.pdf,b92c0300-8bca-4a20-836c-189bd5713ea2,28,text,"## Sinus pain
The paranasal sinuses surround the nasal airway and any infection of the airway usually involves the sinuses, causing inflammation and the accumulation of secretions in the sinuses.35 The origin of sinus pain may be related to several factors—eg, pressure changes in the sinus air space and pressure changes in the blood vessels draining the sinus.36 The ostia of the paranasal sinuses are often occluded because the nasal epithelium becomes inflamed and congested with an URTI; this may result in gas absorption from the sinus and ""vacuum maxillary sinusitis"".37 However, sinuses with patent ostia may also be painful, indicating that the generation of inflammatory mediators within the sinus may be sufficient to trigger the sensation of pain either by direct stimulation of pain nerve fibres or via distension of blood vessels that are also served by sensory nerves.36 Changes in posture from sitting to supine cause an increase in sinus pain that may be related to dilation of the blood vessels draining the sinus caused by an increase in venous pressure. Pressure changes in the sinus may also cause pain by stimulation of branches of the trigeminal nerve that course in and around the sinuses.37",1215,197,2,0.5712229013442993,0.5559319257736206,0.9420515298843384,0.8786753416061401,2026-05-08T19:40:26.798150+00:00,1.12.0,dpt-2-20260410
Understanding_the_symptoms_of_the_common_cold_and_influenza.pdf,ed829ab4-963a-425b-8bbf-6ea18d0c981d,29,text,"Watery eyes
Watery eyes (epiphora) is a common symptom
associated with allergic and infectious rhinitis.38,39 In
children aged 7 years, 70% of cases of epiphora are",164,26,2,0.5713831186294556,0.8872454166412354,0.9409587383270264,0.9470088481903076,2026-05-08T19:40:26.798150+00:00,1.12.0,dpt-2-20260410
Understanding_the_symptoms_of_the_common_cold_and_influenza.pdf,ca26c0d6-83b2-4bc3-b9f9-6eb18c8c7fc7,30,marginalia,720,3,1,2,0.044781703501939774,0.9661613702774048,0.07145947962999344,0.9786413908004761,2026-05-08T19:40:26.798150+00:00,1.12.0,dpt-2-20260410
Understanding_the_symptoms_of_the_common_cold_and_influenza.pdf,777e480b-28e3-44d3-95bd-70ee93c7e089,31,marginalia,http://infection.thelancet.com Vol 5 November 2005,50,5,2,0.6783963441848755,0.9645880460739136,0.9383490085601807,0.9798891544342041,2026-05-08T19:40:26.798150+00:00,1.12.0,dpt-2-20260410
Understanding_the_symptoms_of_the_common_cold_and_influenza.pdf,7ec9b74d-b050-413a-88e1-5d75624f0d98,32,marginalia,Review,6,1,3,0.8518576622009277,0.04480448365211487,0.9212822914123535,0.0654565691947937,2026-05-08T19:40:26.798150+00:00,1.12.0,dpt-2-20260410
Understanding_the_symptoms_of_the_common_cold_and_influenza.pdf,97132282-9078-4b57-b8b2-aed95688271f,33,text,"related to allergic disease or URTIs.40 The nasolacrimal
duct may be obstructed at its opening into the nose by
inflammation and congestion of blood vessels in the
nasal epithelium around the opening of the duct,
causing an accumulation of tears and the symptom of
watery eyes. The nasolacrimal duct has been shown to
have a vascular plexus of veins (cavernous tissue) similar
to the venous sinuses of the nasal epithelium, and
congestion of this plexus causes obstruction of the
duct.41 The nasolacrimal cavernous tissue is innervated
by parasympathetic and sympathetic nerves that may
have a role in controlling the outflow of tears by
regulating the congestion and decongestion of the
cavernous tissue.42",707,112,3,0.06180129945278168,0.1558164656162262,0.4319639801979065,0.35450711846351624,2026-05-08T19:40:26.798150+00:00,1.12.0,dpt-2-20260410
Understanding_the_symptoms_of_the_common_cold_and_influenza.pdf,d1d9a6ee-9506-4d0f-988a-ab8c90f02bde,34,text,"Cough
Cough is a common symptom associated with URTIs that may persist for 3 weeks or more,43 and it represents the largest single cause of consultation in primary care.44 Cough is mediated exclusively by the vagus nerve, meaning that cough is initiated in the airway by stimulation of sensory nerves at the level of the larynx or below.45 A model of cough control is illustrated in figure 3. Nasal stimulation and inflammation causes sneezing and not cough, indicating that the airway inflammation associated with rhinitis must reach the level of the larynx to trigger cough. The vagus nerve also supplies the external ear, oesophagus, and abdominal organs and cough can be elicited from these areas as with cough associated with gastroesophageal reflux.44 Cough is normally a protective reflex that prevents the aspiration of food and fluid into the airway and also aids in the expulsion of mucus and foreign objects from the lower airway. The first days of an URTI are often associated with a dry, unproductive cough that serves no useful function and may cause loss of sleep and exhaustion. The unproductive cough may be caused by the inflammatory response in the upper airways spreading to the larynx. Cough associated with URTIs is believed to be caused by a hyper-reactivity of the cough reflex that may be due to the effects of inflammatory mediators on airway sensory nerve endings.46,47 In health, cough is readily induced by mechanical stimulation of the larynx, but when the larynx is inflamed and hyper-reactive, cough may occur spontaneously or in response to stimuli that would not normally cause cough—eg, the mildly irritating effects of cold air. Cough occurs spontaneously with an URTI, and some cough may be voluntary rather than reflex; this voluntary cough may be related to a sensation of airway irritation.48 Productive cough usually occurs later in the course of URTI and may be related to the inflammation spreading to the lower airways and triggering mucus production. Common cold viruses usually do not cause any substantial damage to the airway epithelium,11 whereas influenza may cause substantial cellular damage to the respiratory",2162,349,3,0.06135690212249756,0.3640322685241699,0.43123236298561096,0.9477410316467285,2026-05-08T19:40:26.798150+00:00,1.12.0,dpt-2-20260410
Understanding_the_symptoms_of_the_common_cold_and_influenza.pdf,da439469-605b-4302-bc0d-31e87a804a75,35,text,"epithelium; this difference may be why influenza
infection is usually associated with cough² whereas
common cold often occurs as a ""head cold"" with little, if
any, symptom of cough.",181,29,3,0.4403139352798462,0.15696339309215546,0.8074665069580078,0.21677805483341217,2026-05-08T19:40:26.798150+00:00,1.12.0,dpt-2-20260410
Understanding_the_symptoms_of_the_common_cold_and_influenza.pdf,3179eca4-91ee-4ba4-82c2-f79e25c1712c,36,text,"# Headache
Headache is a common early symptom associated with URTIs.7 In a clinical trial that recruited patients with sore throat associated with URTIs, over 60% of patients experienced headache.49 The mechanism of headache associated with URTIs is unknown but a hypothesis has been proposed that headache associated with infections is caused by cytokines released from immune cells in response to viral infection.50 Administration of cytokines involved in the immune response to infection—eg, tumour necrosis factor and interferons—has been shown to cause headache in human beings.50 Headache is a common side-effect of administration of interferon beta-1a for the treatment of multiple sclerosis;51 similarly headache is associated with therapy with pegylated interferon alpha-2b for treatment of hepatitis.52 The mechanism of headache caused by cytokines is unknown but it is interesting that headache induced by cytokines is accompanied by symptoms such as fatigue, anorexia, malaise, nausea, and depression, and these symptoms are commonly associated with URTIs.",1068,154,3,0.43983685970306396,0.22591935098171234,0.8067986965179443,0.5198265314102173,2026-05-08T19:40:26.798150+00:00,1.12.0,dpt-2-20260410
Understanding_the_symptoms_of_the_common_cold_and_influenza.pdf,293b75a1-8260-44d5-9cf5-2cf35db58168,37,figure,"Chilliness and fever
A sensation of chilliness is an early symptom of common
cold, and is sometimes explained as an initial stage of
fever, since vasoconstriction of skin blood vessels may
cause a fall in skin temperature that is perceived as
chilliness. Common cold in the adult is rarely

<::visual content::>

Figure 3: Cough is normally caused by aspiration of food or fluid in the
airway and this stimulates sensory receptors supplied by the vagus nerve to
trigger cough
Cough associated with URTIs is caused by a hyper-reactivity of this response,
and cough occurs spontaneously. Cough can also be initiated and inhibited by",630,103,3,0.4395449757575989,0.5273280143737793,0.8075098395347595,0.9205092191696167,2026-05-08T19:40:26.798150+00:00,1.12.0,dpt-2-20260410
Understanding_the_symptoms_of_the_common_cold_and_influenza.pdf,83073a8d-f8ed-4664-a32a-f182fba1f39c,38,text,"Cough associated with URTIs is caused by a hyper-reactivity of this response,
and cough occurs spontaneously. Cough can also be initiated and inhibited by
voluntary control, indicating some control of cough from higher centres such as
the cerebral cortex.",255,39,3,0.4407595992088318,0.8990379571914673,0.7996131777763367,0.9442172050476074,2026-05-08T19:40:26.798150+00:00,1.12.0,dpt-2-20260410
Understanding_the_symptoms_of_the_common_cold_and_influenza.pdf,63aadfbb-0f3c-4eb1-900c-2d8d021aca60,39,marginalia,http://infection.thelancet.com Vol 5 November 2005,50,5,3,0.06286934018135071,0.9644619822502136,0.32151031494140625,0.979728639125824,2026-05-08T19:40:26.798150+00:00,1.12.0,dpt-2-20260410
Understanding_the_symptoms_of_the_common_cold_and_influenza.pdf,bc4990dc-556f-4a7a-86fd-0a00704e2118,40,marginalia,721,3,1,3,0.9301127195358276,0.9657729268074036,0.9579358100891113,0.9786961674690247,2026-05-08T19:40:26.798150+00:00,1.12.0,dpt-2-20260410
Understanding_the_symptoms_of_the_common_cold_and_influenza.pdf,6378e1ad-e4b6-47f7-bda7-31003b4cce2c,41,marginalia,Review,6,1,4,0.08252489566802979,0.04546530172228813,0.1499616652727127,0.06516209244728088,2026-05-08T19:40:26.798150+00:00,1.12.0,dpt-2-20260410
Understanding_the_symptoms_of_the_common_cold_and_influenza.pdf,12ccae37-ea1d-41b0-a2d1-05c4b72d5aa1,42,figure,"<::A diagram illustrating the mechanism of fever. Macrophages release cytokines (IL1, IL6, TNF, IL10). These cytokines activate the Hypothalamus temperature control centre either by acting on Vagal nerves or by directly stimulating it. The activated Hypothalamus temperature control centre causes a Sensation of chilliness (perceived by the Cerebral cortex), Shivering, and Constriction of skin blood vessels. Both Shivering and Constriction of skin blood vessels lead to FEVER.
Figure 4: Fever is caused by cytokines released from macrophages and other immune cells
The cytokines may act on vagal nerve endings or enter the brain to cause a resetting of the temperature control centre in the hypothalamus. The hypothalamus causes shivering and constriction of skin blood vessels and also initiates a sensation of chilliness that is perceived at the level of the cerebral cortex. IL=interleukin; TNF=tumour necrosis factor.
: diagram::>",936,138,4,0.19387710094451904,0.15573854744434357,0.5630789399147034,0.4882236123085022,2026-05-08T19:40:26.798150+00:00,1.12.0,dpt-2-20260410
Understanding_the_symptoms_of_the_common_cold_and_influenza.pdf,6981058a-06d3-4418-9d85-3eb559abfee1,43,text,"accompanied by fever and some subjects have a transient
fall in body temperature during the early stages of
common cold. In a study of 272 patients with sore throat
associated with URTIs, the mean aural temperature was
36.8°C and around 35% of these patients said they were
suffering from “chills” and “feverish discomfort”. 49 The
sensation of chilliness may be unrelated to any change in
skin or body temperature. In a study of human
volunteers, a sensation of chill still develops on
administration of exogenous pyrogen even though the
volunteers are immersed in a water bath that maintains a
neutral skin temperature (34.5°C). 53 The sensation of
chilliness occurred after visible signs of shivering in the
volunteers. Chilliness and shivering occurred even
though there was no change in skin temperature and
body temperature was actually rising in response to skin
vasoconstriction. This finding indicates that the
sensation of chilliness may be a central sensation closely
linked to control of shivering. Chilliness and shivering
are most likely induced by the effects of cytokines on the
temperature regulating centres of the hypothalamus and
perceived at the level of the cerebral cortex.",1196,189,4,0.1942787766456604,0.5018003582954407,0.5637879967689514,0.8074530959129333,2026-05-08T19:40:26.798150+00:00,1.12.0,dpt-2-20260410
Understanding_the_symptoms_of_the_common_cold_and_influenza.pdf,0f4f4bac-e1e5-4e55-8c2a-c46fdc25fc8e,44,text,"Fever in response to infection is found in a wide range
of animals and is believed to be beneficial as regards the
host response to infection.54 Fever is usually associated
with novel or severe viral infections, especially emerging
viral infections where the virus is novel to the host, as in
influenza epidemics and SARS.2.3 As discussed, fever is
uncommon in adult cases of common cold, but is
common in infant cases, presumably because the adult
has been exposed to numerous common cold viruses
and subsequent infections do not trigger a strong",547,91,4,0.1943207085132599,0.8066799640655518,0.564429759979248,0.9472777843475342,2026-05-08T19:40:26.798150+00:00,1.12.0,dpt-2-20260410
Understanding_the_symptoms_of_the_common_cold_and_influenza.pdf,129702f1-b0c1-4bf7-be2a-7c7bddea3566,45,text,"immune response, whereas the viruses are novel to the
infant.",61,10,4,0.5711939334869385,0.15691933035850525,0.9397895336151123,0.18634286522865295,2026-05-08T19:40:26.798150+00:00,1.12.0,dpt-2-20260410
Understanding_the_symptoms_of_the_common_cold_and_influenza.pdf,ac0f727c-addf-4d17-ab02-3cfc69cb7b07,46,text,"Cytokines have been implicated as endogenous pyrogens that are released from macrophages and other leucocytes in response to infection, and there is considerable evidence for pyretic and antipyretic effects of cytokines.17 The proinflammatory cytokines interleukin 1, interleukin 6, and tumour necrosis factor alpha, as well as the anti-inflammatory cytokines interleukin-1 receptor antagonist and interleukin 10 have been investigated for their pyrogenic or antipyretic action.17 Interleukin 1 and interleukin 6 are believed to be the most important cytokines that induce fever.55 Cytokines are believed to cross the blood-brain barrier or interact with the vagus nerve endings to signal the temperature control centre of the hypothalamus to increase the thermal set point.55,56 The hypothalamus then initiates shivering, constriction of skin blood vessels, and a sensation of chilliness (figure 4).",900,127,4,0.5724076628684998,0.18612274527549744,0.9400419592857361,0.4234637916088104,2026-05-08T19:40:26.798150+00:00,1.12.0,dpt-2-20260410
Understanding_the_symptoms_of_the_common_cold_and_influenza.pdf,fd6b1ac9-060e-483a-b124-4c112bd6c2ed,47,text,"Psychological effects, malaise, and mood changes
The presence of physical features of URTIs—eg, nasal congestion, rhinorrhoea, and cough—may cause discomfort, attention deficit, and mood changes but there is increasing evidence that the psychological changes associated with URTIs may also be caused by the effects of cytokines on the central nervous system. 57 URTIs have been shown to lead to a reduction in subjective alertness and impaired psychomotor functioning 58 but the relative contribution of cytokines to these changes is poorly understood. Exogenous administration of interferon alpha is used as a therapy for chronic viral diseases such as hepatitis B and C, and therapy is associated with flu-like side-effects similar to those observed with URTIs—eg, fatigue, fever, chills myalgia, nausea, and mood changes. 59 Psychiatric side-effects such as depression, irritability, lack of motivation, impaired concentration, psychoses, and confusional states have been reported to occur in some patients after 2–3 months of therapy with interferon alpha. 59 The present knowledge on the effects of interferon alpha on the brain indicates that there at least two distinct syndromes related to therapy: an early neurovegetative syndrome characterised by psychomotor slowing and fatigue, and a later mood/cognitive syndrome that involves depression. 60 Cytokines—including tumour necrosis factor and interleukins 1, 2, and 6—have been reported to induce the syndrome of “sickness behaviour” with anhedonia, cognitive dysfunction, anxiety/irritability, psychomotor slowing, anergia/fatigue, anorexia, sleep alterations, and increased sensitivity to pain. 60 These cytokines are also associated with URTIs and may mediate mood changes associated with these infections.",1769,249,4,0.5712001919746399,0.4322364926338196,0.9412831664085388,0.8911165595054626,2026-05-08T19:40:26.798150+00:00,1.12.0,dpt-2-20260410
Understanding_the_symptoms_of_the_common_cold_and_influenza.pdf,63b5c87f-769b-4f75-ba9d-75c430aa70c8,48,text,"Anorexia
Anorexia is a common behavioural response to URTIs,
and this response has entered the folklore as advice to",116,19,4,0.5722092390060425,0.9014771580696106,0.9392485618591309,0.9457828402519226,2026-05-08T19:40:26.798150+00:00,1.12.0,dpt-2-20260410
Understanding_the_symptoms_of_the_common_cold_and_influenza.pdf,525a3084-63e4-4946-bbdd-7245f47fcf65,49,marginalia,722,3,1,4,0.04497069492936134,0.9662467241287231,0.07103791832923889,0.9784687757492065,2026-05-08T19:40:26.798150+00:00,1.12.0,dpt-2-20260410
Understanding_the_symptoms_of_the_common_cold_and_influenza.pdf,50614c30-477f-41ce-b6ec-374debdce715,50,marginalia,http://infection.thelancet.com Vol 5 November 2005,50,5,4,0.6782004833221436,0.9647618532180786,0.9383449554443359,0.9796874523162842,2026-05-08T19:40:26.798150+00:00,1.12.0,dpt-2-20260410
Understanding_the_symptoms_of_the_common_cold_and_influenza.pdf,41667a7e-30b3-4a52-9a52-821021107172,51,text,Review,6,1,5,0.851898729801178,0.04472807049751282,0.9212185740470886,0.06546101719141006,2026-05-08T19:40:26.798150+00:00,1.12.0,dpt-2-20260410
Understanding_the_symptoms_of_the_common_cold_and_influenza.pdf,e645c302-f616-436b-8fa7-0f8bab369daf,52,text,"""feed a cold and starve a fever"".61 In association with
fever, decreased food and water consumption are the
most common signs of infection.13 There is growing
evidence that anorexia associated with infections such as
URTIs is mediated by cytokines that are released from
leucocytes in response to infection, and that these
cytokines cause inhibition of feeding by effects on the
feeding centre in the hypothalamus.62 The cytokines
implicated in anorexia are those involved in the acute
phase response to infection—eg, interleukins, tumour
necrosis factor, and interferons.62 In support of the
folklore advice to starve a fever, evidence indicates that
acute anorexia in response to infection is beneficial and
that it is an important behavioural response to help
overcome infection. Anorexia may aid in eliminating
infection by saving energy that would be otherwise used
in finding food, reducing heat loss from the body that
would be lost by convection, reducing the availability of
micronutrients such as iron and zinc that are essential
for the growth of pathogens, and enhancement of
immune function by enhancing monocyte and
macrophage activity.13,62",1155,177,5,0.06161618232727051,0.15503501892089844,0.4320913255214691,0.46544837951660156,2026-05-08T19:40:26.798150+00:00,1.12.0,dpt-2-20260410
Understanding_the_symptoms_of_the_common_cold_and_influenza.pdf,4ef5b6f5-0a27-4881-9748-a9b8310eb61d,53,text,"## Muscle aches and pains
Muscle aches and pains (myalgia) are a common symptom of URTIs, with around 50% of patients with common cold experiencing these symptoms. 49 Myalgia is a symptom of the acute phase response to infection and there is evidence that the symptom is caused by the effects of cytokines on skeletal muscle. 63 Proinflammatory cytokines have been implicated as inducing the breakdown of muscle proteins, and tumour necrosis factor was initially referred to as cachetin because of its role in causing muscle wasting or cachexia. 64 The breakdown of muscle protein in response to URTI can be viewed as beneficial because it mobilises proteins and aminoacids that can be converted in the liver to opsonins and other components of the immune response. 64 Fever associated with URTIs is usually accompanied by other systemic symptoms such as myalgia and there is much evidence that indicates that both these symptoms are caused by the production of prostaglandin E2 in response to circulating cytokines. 63 The cytokine-induced generation of prostaglandin E2 and the breakdown of skeletal muscle in vitro is inhibited by indomethacin, 63 and similarly myalgia associated with URTIs is relieved with acetylsalicylic acid. 49 Prostaglandin E2 is a mediator of pain by its effects on peripheral pain receptors. 65 The cytokine stimulation of prostaglandin E2 production in skeletal muscle, and the effects of prostaglandin E2 on sensory nerves in muscle, may explain the myalgia associated with URTIs.",1511,240,5,0.062127262353897095,0.47340014576911926,0.4308112561702728,0.8901790380477905,2026-05-08T19:40:26.798150+00:00,1.12.0,dpt-2-20260410
Understanding_the_symptoms_of_the_common_cold_and_influenza.pdf,7f167908-ae5b-4d3e-8963-860c30538a15,54,text,"## Time course of symptoms
In a study of common cold symptoms induced by
challenge with infected nasal secretions, URTI",119,20,5,0.06335806846618652,0.8985084295272827,0.4305489659309387,0.9471150636672974,2026-05-08T19:40:26.798150+00:00,1.12.0,dpt-2-20260410
Understanding_the_symptoms_of_the_common_cold_and_influenza.pdf,6142d59b-b650-47be-94af-0c03d2310453,55,figure,"<::line chart
Title: Time course of symptoms of sneezing and cough using challenge with infected nasal secretions to infect human volunteers
X-axis: Days after challenge
Y-axis: Symptom score
Legend:
- Cough (blue line)
- Sneezing (red line)

Data points:
| Days after challenge | Cough Symptom score | Sneezing Symptom score |
|---|---|---|
| 0 | 6 | 4 |
| 1 | 5 | 29 |
| 2 | 9 | 31 |
| 3 | 15 | 23 |
| 4 | 23 | 20 |
| 5 | 32 | 18 |
| 6 | 37 | 15 |

Results redrawn from the study by Jackson et al.⁷
: chart::>",511,113,5,0.4383056163787842,0.15677028894424438,0.959061861038208,0.3900790214538574,2026-05-08T19:40:26.798150+00:00,1.12.0,dpt-2-20260410
Understanding_the_symptoms_of_the_common_cold_and_influenza.pdf,15cd51dd-9114-42a1-ad77-84c904d3f46f,56,text,"symptoms were classified as either ""early"" or ""later""
symptoms. The early symptoms were headache,
sneezing, chilliness, and malaise, which developed
quickly and also declined rapidly after 1–2 days, whereas
the later symptoms—malaise, nasal discharge, nasal
obstruction, and cough—developed slowly over several
days and were still present 1 week after challenge. The
time course of an early symptom (sneezing) is compared
with that of a later symptom (cough) in figure 5. The
early development of sneezing compared with cough in
cases of common cold may be explained on the basis that
URTIs develops in the upper airways first and
subsequently spread to the lower airways. The upper
airways are innervated by the trigeminal nerves that
mediate sneezing whereas the airways below the larynx
are innervated by the vagus nerves that mediate cough.",844,131,5,0.43941807746887207,0.40540722012519836,0.8078005313873291,0.6281740665435791,2026-05-08T19:40:26.798150+00:00,1.12.0,dpt-2-20260410
Understanding_the_symptoms_of_the_common_cold_and_influenza.pdf,2a2ad0cd-b5e4-43de-8519-ad23784051c8,57,text,"Fever is usually an early symptom of influenza but is of short duration (3–4 days). The systemic symptoms of fever, headache, malaise, myalgia, and anorexia are related to the effects of cytokines released from immune cells and these responses develop rapidly in the first days of infection when the virus is detected by the immune system. The local symptoms of nasal congestion and rhinorrhoea are dependent on the generation of inflammatory mediators such as prostaglandins and bradykinin. The inflammatory mediator response may have a slower onset and longer duration than the cytokine response, which may explain the time course of local symptoms such as congestion and rhinorrhoea.",686,107,5,0.4393772482872009,0.6275358200073242,0.8089919686317444,0.8092896938323975,2026-05-08T19:40:26.798150+00:00,1.12.0,dpt-2-20260410
Understanding_the_symptoms_of_the_common_cold_and_influenza.pdf,42d55b44-e775-4bda-8822-e3ed0f3ec63d,58,text,"# Conclusions
Our understanding of the generation of URTI
symptoms has been helped by the discovery of cytokines
and new knowledge about their roles in the acute phase
response. URTI symptoms—eg, anorexia—that
previously were in the realm of folklore now have a
physiological explanation in terms of the effects of
cytokines on the hypothalamus. The present rationale
for the treatment of URTIs is for symptom relief, since",423,67,5,0.43920275568962097,0.8163653016090393,0.8091967105865479,0.9466082453727722,2026-05-08T19:40:26.798150+00:00,1.12.0,dpt-2-20260410
Understanding_the_symptoms_of_the_common_cold_and_influenza.pdf,f6dc6977-c76a-4a3a-bcef-a32e7f2b972f,59,marginalia,http://infection.thelancet.com Vol 5 November 2005,50,5,5,0.062090083956718445,0.9638299942016602,0.3229893445968628,0.9801714420318604,2026-05-08T19:40:26.798150+00:00,1.12.0,dpt-2-20260410
Understanding_the_symptoms_of_the_common_cold_and_influenza.pdf,bccdab49-da4b-4ee6-84ea-9bf2faa686f8,60,marginalia,723,3,1,5,0.929172158241272,0.9646318554878235,0.9588948488235474,0.9800811409950256,2026-05-08T19:40:26.798150+00:00,1.12.0,dpt-2-20260410
Understanding_the_symptoms_of_the_common_cold_and_influenza.pdf,6fa8680b-0fc5-439c-a15b-fc31242e30c5,61,marginalia,Review,6,1,6,0.0823066383600235,0.045591384172439575,0.15010428428649902,0.06505031138658524,2026-05-08T19:40:26.798150+00:00,1.12.0,dpt-2-20260410
Understanding_the_symptoms_of_the_common_cold_and_influenza.pdf,10c4252f-abf9-4be0-90d9-b4c077879b9a,62,text,"## Search strategy and selection criteria
Data for this review were identified by searches of PubMed,
ISI Web of Science, and references from relevant articles;
articles were also identified through searches of the files of
the author. The main search terms were ""common cold"",
""influenza"", ""cytokines"", ""anorexia"", ""fever"", ""myalgia"",
""headache"", ""sore throat"", ""cough"", ""sinus pain"", ""malaise"",
""nasal congestion"", and ""epiphora"". Only English language
papers were reviewed.",476,66,6,0.19749929010868073,0.1598307192325592,0.5611639618873596,0.3106696903705597,2026-05-08T19:40:26.798150+00:00,1.12.0,dpt-2-20260410
Understanding_the_symptoms_of_the_common_cold_and_influenza.pdf,c9b46618-fe4c-4742-b2b2-6a8d378c1d37,63,text,"the symptoms of URTI are perceived as a nuisance, but
this review suggests that some of the symptoms are an
integral part of the acute phase response and may aid in
recovery from infection. The unpleasant symptoms of
fever, malaise, and anorexia help to overcome infection
and it is debatable whether elimination of these
symptoms with non-steroidal anti-inflammatory drugs is
beneficial. At present there is no evidence that
symptomatic treatment of URTIs interferes with the
course of the common cold or influenza but this is an
area that is worthy of more research.",568,93,6,0.1950548142194748,0.32141733169555664,0.5638735294342041,0.4772977828979492,2026-05-08T19:40:26.798150+00:00,1.12.0,dpt-2-20260410
Understanding_the_symptoms_of_the_common_cold_and_influenza.pdf,ebd382f9-41d4-4514-8ebd-06f33ff7060e,64,text,"Conflicts of interest
I declare that I have no conflicts of interest.

References
1. Johnston S, Holgate S. Epidemiology of viral respiratory infections. In: Myint S, Taylor-Robinson D, eds. Viral and other infections of the human respiratory tract. London: Chapman & Hall, 1996: 1–38.
2. Monto AS, Gravenstein S, Elliott M, Colopy M, Schweinle J. Clinical signs and symptoms predicting influenza infection. Arch Intern Med 2000; **160**: 3243–47.
3. Booth CM, Matukas LM, Tomlinson GA, et al. Clinical features and short-term outcomes of 144 patients with SARS in the greater Toronto area. JAMA 2003; **289**: 2801–09.
4. Kilbourne E. Influenza in man. In: Influenza. New York: Plenum Medical Book Company, 1987: 157–218.
5. Heikkinen T, Jarvinen A. The common cold. Lancet 2003; **361**: 51–59.
6. Zambon MC, Stockton JD, Clewley JP, Fleming DM. Contribution of influenza and respiratory syncytial virus to community cases of influenza-like illness: an observational study. Lancet 2001; **358**: 1410–16.
7. Jackson G, Dowling H, Spiesman I, Boand A. Transmission of the common cold to volunteers under controlled conditions. 1 The common cold as a clinical entity. Arch Intern Med 1958; **101**: 267–78.
8. Tyrrell DA, Cohen S, Schlarb JE. Signs and symptoms in common colds. Epidemiol Infect 1993; **111**: 143–56.
9. Turner RB. Epidemiology, pathogenesis, and treatment of the common cold. Ann Allergy Asthma Immunol 1997; **78**: 531–39.
10. Hendley JO. The host response, not the virus, causes the symptoms of the common cold: comment. Clin Infect Dis 1998; **26**: 847–48.
11. Winther B, Farr B, Turner RB, Hendley JO, Gwaltney JM Jr, Mygind N. Histopathologic examination and enumeration of polymorphonuclear leukocytes in the nasal mucosa during experimental rhinovirus colds. Acta Otolaryngol Suppl 1984; **413**: 19–24.
12. Beutler B. Science review: key inflammatory and stress pathways in critical illness—the central role of the Toll-like receptors. Crit Care 2003; **7**: 39–46.
13. Exton MS. Infection-induced anorexia: active host defence strategy. Appetite 1997; **29**: 369–83.
14. Eccles R. Pathophysiology of nasal symptoms. Am J Rhinol 2000; **14**: 335–38.",2180,330,6,0.19408802688121796,0.47955724596977234,0.5639147758483887,0.943610668182373,2026-05-08T19:40:26.798150+00:00,1.12.0,dpt-2-20260410
Understanding_the_symptoms_of_the_common_cold_and_influenza.pdf,9581e1ea-191d-4391-a7c0-0d8c46eff83e,65,text,"15 Proud D, Reynolds CJ, Lacapra S, Kagey-Sobotka A, Lichenstein LM, Naclerio RM. Nasal provocation with bradykinin induces symptoms of rhinitis and a sore throat. Am Rev Respir Dis 1988; 173: 613-16.
16 Shibayama Y, Skoner D, Suehiro S, Konishi JE, Fireman P, Kaplan AP. Bradykinin levels during experimental nasal infection with rhinovirus and attenuated influenza virus. Immunopharmacology 1996; 33: 311-13.
17 Conti B, Tabarean I, Andrei C, Bartfai T. Cytokines and fever. Front Biosci 2004; 9: 143-49.
18 Winther B, Gwaltney JM, Mygind N, Turner RB, Hendley O. Sites of rhinovirus recovery after point innoculation of the upper airway. JAMA 1986; 256: 1763-67.
19 Rees GL, Eccles R. Sore throat following nasal and oropharyngeal bradykinin challenge. Acta Otolaryngol 1994; 114: 311-14.
20 Georgitis JW. Nasopharyngitis, pharyngitis, and tonsillitis. Immunol Allergy Clin North Am 1993; 13: 109-18.
21 Leung AKC, Robson WLM. Sneezing. J Otolaryngol 1994; 23: 125-29.
22 Eccles R. Upper airway reflexes and involvement of the lower airway. In: Corren J, Togias A, Bousquet J, eds. Upper and lower respiratory disease. New York: Marcel Dekker, 2003: 87-103.
23 Mygind N, Secher C, Kirkegaard J. Role of histamine and antihistamines in the nose. Eur J Respir Dis Suppl 1983; 128: 16-20.
24 Whitman BW, Packer RJ. The photic sneeze: literature review and discussion. Neurology 1993; 43: 868-71.
25 Hayden FG, Diamond L, Wood PB, Korts DC, Wecker MT. Effectiveness and safety of intranasal ipratropium bromide in common colds. A randomized, double-blind, placebo-controlled trial. Ann Intern Med 1996; 125: 89-97.
26 Eccles R, Vancauwenberge P, Tetzloff W, Borum P. A clinical study to evaluate the efficacy of the antihistamine doxylamine succinate In the relief of runny nose and sneezing associated with upper respiratory-tract infection. J Pharm Pharmacol 1995; 47: 990-93.
27 Eccles R. Physiology of nasal secretion. Eur J Respir Dis 1983; 62: 115-19.
28 Akerlund A, Greiff L, Andersson M, Bende M, Alkner U, Persson CG. Mucosal exudation of fibrinogen in coronavirus-induced common colds. Acta Otolaryngol 1993; 113: 642-48.
29 Murray S, Del Mar C, O'Rourke P. Predictors of an antibiotic prescription by GPs for respiratory tract infections: a pilot. Fam Pract 2000; 17: 386-88.
30 Stockley RA, Bayley D, Hill SL, Hill AT, Crooks S, Campbell EJ. Assessment of airway neutrophils by sputum colour: correlation with airways inflammation. Thorax 2001; 56: 366-72.
31 Widdicombe J. Microvascular anatomy of the nose. Allergy 1997; 52: 7-11.
32 Eccles R. Anatomy and physiology of the nose and control of nasal airflow. In: Adkinson N, Bochner B, Yunginger J, Holgate S, Busse W, Simons F, eds. Middleton's allergy, principles and practice, 6th edn. Philadelphia: Mosby, 2003: 775-87.
33 Eccles R. Nasal airflow in health and disease. Acta Otolaryngol 2000; 120: 580-95.
34 Eccles R, Reilly M, Eccles KSJ. Changes in the amplitude of the nasal cycle associated with symptoms of acute upper respiratory tract infection. Acta Otolaryngol 1996; 116: 77-81.
35 Gwaltney JM, Phillips CD, Miller RD, Riker DK. Computed tomographic study of the common cold. N Engl J Med 1994; 330: 25-30.
36 Falck B, Svanholm H, Aust R, Backlund L. The relationship between body posture and pressure in occluded maxillary sinus of man. Rhinology 1989; 27: 161-67.
37 Whittet HB. Infraorbital nerve dehiscence: the anatomic cause of maxillary sinus ""vacuum headache""? Otolaryngol Head Neck Surg 1992; 107: 21-28.
38 Kubba H, Robson AK, Bearn MA. Epiphora: the role of rhinitis. Am J Rhinol 1998; 12: 273-74.
39 Annamalai S, Kumar NA, Madkour MB, Sivakumar S, Kubba H. An association between acquired epiphora and the signs and symptoms of chronic rhinosinusitis: a prospective case-control study. Am J Rhinol 2003; 17: 111-14.
40 Maini R, MacEwen CJ, Young JD. The natural history of epiphora in childhood. Eye 1998; 12: 669-71.",3906,618,6,0.5695350170135498,0.1570991575717926,0.940535306930542,0.9406024217605591,2026-05-08T19:40:26.798150+00:00,1.12.0,dpt-2-20260410
Understanding_the_symptoms_of_the_common_cold_and_influenza.pdf,c7686a78-3ac9-4ad0-b1c2-8858fe615171,66,marginalia,724,3,1,6,0.04452205076813698,0.9660348296165466,0.07174690812826157,0.9790264964103699,2026-05-08T19:40:26.798150+00:00,1.12.0,dpt-2-20260410
Understanding_the_symptoms_of_the_common_cold_and_influenza.pdf,ea4f756c-bec0-4239-9171-40769629118e,67,marginalia,http://infection.thelancet.com Vol 5 November 2005,50,5,6,0.6780719757080078,0.964569628238678,0.9390251636505127,0.9798945784568787,2026-05-08T19:40:26.798150+00:00,1.12.0,dpt-2-20260410
Understanding_the_symptoms_of_the_common_cold_and_influenza.pdf,c3e9ce67-476f-4676-b0dc-eb95b49e5e9f,68,marginalia,Review,6,1,7,0.8518346548080444,0.044765885919332504,0.921514630317688,0.06514737755060196,2026-05-08T19:40:26.798150+00:00,1.12.0,dpt-2-20260410
Understanding_the_symptoms_of_the_common_cold_and_influenza.pdf,c23f6c38-4ba9-4441-a36f-366ee57853de,69,text,"41 Ayub M, Thale AB, Hedderich J, Tillmann BN, Paulsen FP. The cavernous body of the human efferent tear ducts contributes to regulation of tear outflow. Invest Ophthalmol Vis Sci 2003; 44: 4900–07.
42 Paulsen F, Hallmann U, Paulsen J, Thale A. Innervation of the cavernous body of the human efferent tear ducts and function in tear outflow mechanism. J Anat 2000; 197: 177–87.
43 Jones BF, Stewart MA. Duration of cough in acute upper respiratory tract infections. Aust Fam Physician 2002; 31: 971–73.
44 Morice AH. Epidemiology of cough. Pulm Pharmacol Ther 2002; 15: 253–59.
45 Widdicombe JG. Neurophysiology of the cough reflex. Eur Resp J 1995; 8: 1103–202.
46 Jacoby DB. Pathophysiology of airway viral infections. Pulm Pharmacol Ther 2004; 17: 333–36.
47 Eccles R, Lee PC. Cough induced by airway vibration as a model of airway hyperreactivity in patients with acute upper respiratory tract infection. Pulm Pharmacol Ther 2004; 17: 337–42.
48 Lee P, Cotterill-Jones C, Eccles R. Voluntary control of cough. Pulm Pharmacol Ther 2002; 15: 317–20.
49 Eccles R, Loose I, Jawad M, Nyman L. Effects of acetylsalicylic acid on sore throat pain and other pain symptoms associated with acute upper respiratory tract infection. Pain Med 2003; 4: 118–24.
50 Smith RS. The cytokine theory of headache. Med Hypotheses 1992; 39: 168–74.
51 Gold R, Rieckmann P, Chang P, Abdalla J. The long-term safety and tolerability of high-dose interferon beta-1a in relapsing-remitting multiple sclerosis: 4-year data from the PRISMS study. Eur J Neurol 2005; 12: 649–56.
52 van Zonneveld M, Flink HJ, Verhey E, et al. The safety of pegylated interferon alpha-2b in the treatment of chronic hepatitis B: predictive factors for dose reduction and treatment discontinuation. Aliment Pharmacol Ther 2005; 21: 1163–71.",1795,288,7,0.06096912920475006,0.15775232017040253,0.43047481775283813,0.5153306126594543,2026-05-08T19:40:26.798150+00:00,1.12.0,dpt-2-20260410
Understanding_the_symptoms_of_the_common_cold_and_influenza.pdf,9ade9919-cb11-43d3-a93f-327f69e9b9a7,70,text,"53 Guieu JD, Hellon RF. The chill sensation in fever. Pflugers Arch
1980; 384: 103–04.
54 Cabanac M. Phylogeny of fever. In: Bligh J, Voigt K, eds.
Thermoreception and temperature regulation. Berlin: Springer-
Verlag, 1990: 284–96.
55 Leon LR. Invited review: cytokine regulation of fever: studies using
gene knockout mice. J Appl Physiol 2002; 92: 2648–55.
56 Netea MG, Kullberg BJ, Van der Meer JW. Circulating cytokines as
mediators of fever. Clin Infect Dis 2000; 31 (suppl 5): S178–84.
57 Mahoney T, Ball P. Common respiratory tract infections as
psychological entities: A review of the mood and performance
effects of being ill. Aust Psychol 2002; 37: 86–94.
58 Smith A, Thomas M, Kent J, Nicholson K. Effects of the common
cold on mood and performance. Psychoneuroendocrinology 1998; 23:
733–39.
59 Schaefer M, Schmidt F, Neumer R, Scholler G, Schwarz M.
Interferon-alpha, cytokines and possible implications for mood
disorders. Bipolar Disord 2002; 4 (suppl 1): 111–13.
60 Capuron L, Miller AH. Cytokines and psychopathology: lessons
from interferon-alpha. Biol Psychiatry 2004; 56: 819–24.
61 Helman CG. ""Feed a cold, starve a fever"" Folk models of infection
in an English suburban community, and their relation to medical
treatment. Cult Med Psychiatry 1978; 2: 107–37.
62 Langhans W. Anorexia of infection: current prospects. Nutrition
2000; 16: 996–1005.
63 Baracos V, Rodemann HP, Dinarello CA, Goldberg AL.
Stimulation of muscle protein degradation and prostaglandin E2
release by leukocytic pyrogen (interleukin-1). A mechanism for the
increased degradation of muscle proteins during fever. N Engl J
Med 1983; 308: 553–58.
64 Kotler DP. Cachexia. Ann Intern Med 2000; 133: 622–34.
65 Ferreira SH. Prostaglandins, pain, and inflammation. Agents
Actions Suppl 1986; 19: 91–98.",1789,276,7,0.43820416927337646,0.15879064798355103,0.8047434091567993,0.5170448422431946,2026-05-08T19:40:26.798150+00:00,1.12.0,dpt-2-20260410
Understanding_the_symptoms_of_the_common_cold_and_influenza.pdf,3fa8641e-baf4-49ed-be0f-598cc4f90350,71,marginalia,http://infection.thelancet.com Vol 5 November 2005,50,5,7,0.06262752413749695,0.9649463295936584,0.32216769456863403,0.9794371724128723,2026-05-08T19:40:26.798150+00:00,1.12.0,dpt-2-20260410
Understanding_the_symptoms_of_the_common_cold_and_influenza.pdf,f5edc1c8-66be-4880-8326-3aeae7e7fa76,72,marginalia,725,3,1,7,0.9295061230659485,0.9651831984519958,0.9583031535148621,0.9794382452964783,2026-05-08T19:40:26.798150+00:00,1.12.0,dpt-2-20260410
Viruses_and_Bacteria_in_the_Etiology_of_the_Common_Cold.pdf,6077bc81-a976-418d-b03b-55ec8d08c03a,0,text,"JOURNAL OF CLINICAL MICROBIOLOGY, Feb. 1998, p. 539-542
0095-1137/98/$04.00+0
Copyright© 1998, American Society for Microbiology",128,15,0,0.07526601850986481,0.05246947705745697,0.434207558631897,0.09277892112731934,2026-05-08T19:40:43.679895+00:00,1.12.0,dpt-2-20260410
Viruses_and_Bacteria_in_the_Etiology_of_the_Common_Cold.pdf,a19956a9-bfaf-4162-8b4f-6ec595581552,1,marginalia,"Vol. 36, No. 2",14,4,0,0.8111559152603149,0.05286431685090065,0.9007236957550049,0.06846598535776138,2026-05-08T19:40:43.679895+00:00,1.12.0,dpt-2-20260410
Viruses_and_Bacteria_in_the_Etiology_of_the_Common_Cold.pdf,1b85ca79-34df-46b1-a65a-dbbca7f592d1,2,text,"Viruses and Bacteria in the Etiology of the Common Cold
MIKA J. MÄKELÄ, 1,2* TUOMO PUHAKKA,¹ OLLI RUUSKANEN,¹ MAIJA LEINONEN, ³
PEKKA SAIKKU,³ MARKO KIMPIMÄKI,⁴ SOILE BLOMQVIST,⁴
TIMO HYYPIÄ,⁵† AND PERTTI ARSTILA⁵",213,32,0,0.15046948194503784,0.11289158463478088,0.8277721405029297,0.18405011296272278,2026-05-08T19:40:43.679895+00:00,1.12.0,dpt-2-20260410
Viruses_and_Bacteria_in_the_Etiology_of_the_Common_Cold.pdf,033ef0b2-bec4-4cf6-9f06-cd9bc921a233,3,text,"Departments of Pediatrics,¹ Pulmonary Diseases and Clinical Allergology,² and Virology,⁵
University of Turku, Turku, National Public Health Institute, Oulu,³ and
Department of Virology, National Public Health Institute,
Helsinki,⁴ Finland",238,29,0,0.20958128571510315,0.18647421896457672,0.7679044008255005,0.24077282845973969,2026-05-08T19:40:43.679895+00:00,1.12.0,dpt-2-20260410
Viruses_and_Bacteria_in_the_Etiology_of_the_Common_Cold.pdf,79ca0710-2e71-4236-9f80-5ced8ab090e7,4,text,Received 13 August 1997/Returned for modification 22 October 1997/Accepted 20 November 1997,91,12,0,0.20381882786750793,0.24640890955924988,0.775239109992981,0.26271823048591614,2026-05-08T19:40:43.679895+00:00,1.12.0,dpt-2-20260410
Viruses_and_Bacteria_in_the_Etiology_of_the_Common_Cold.pdf,9e9440f3-ad3f-4562-a8c4-c4470a811157,5,text,"Two hundred young adults with common colds were studied during a 10-month period. Virus culture, antigen detection, PCR, and serology with paired samples were used to identify the infection. Viral etiology was established for 138 of the 200 patients (69%). Rhinoviruses were detected in 105 patients, coronavirus OC43 or 229E infection was detected in 17, influenza A or B virus was detected in 12, and single infections with parainfluenza virus, respiratory syncytial virus, adenovirus, and enterovirus were found in 14 patients. Evidence for bacterial infection was found in seven patients. Four patients had a rise in antibodies against _Chlamydia pneumoniae_, one had a rise in antibodies against _Haemophilus influenzae_, one had a rise in antibodies against _Streptococcus pneumoniae_, and one had immunoglobulin M antibodies against _Mycoplasma pneumoniae_. The results show that although approximately 50% of episodes of the common cold were caused by rhinoviruses, the etiology can vary depending on the epidemiological situation with regard to circulating viruses. Bacterial infections were rare, supporting the concept that the common cold is almost exclusively a viral disease.",1189,175,0,0.13509485125541687,0.27353060245513916,0.8437473773956299,0.4178035259246826,2026-05-08T19:40:43.679895+00:00,1.12.0,dpt-2-20260410
Viruses_and_Bacteria_in_the_Etiology_of_the_Common_Cold.pdf,e722000f-b8ed-4d54-9064-fc9f535ff591,6,text,"Large studies, such as the Tecumseh Study, the Seattle Virus Watch, and the New York Virus Watch, performed during the 1960s clarified the crucial role of viruses in acute respiratory illness (23). Rhinoviruses were shown to be major causative agents in mild upper respiratory illness (the common cold), although the percentage of rhinoviruses detected in disease episodes was approximately 25% in the early studies (17). Rhinoviruses have been recently estimated to cause 34% of all respiratory illnesses (23). With the exception of coronaviruses, the proportion of other identified agents has been small, and in most studies the causative agent has not been identified in up to 50% of cases. Since there are several prospects for antiviral chemotherapy and new treatments for the common cold, investigation of the etiology of the disease is of importance. The present policy for treatment of the common cold should also be evaluated in view of the causative agents, since in the United States antibiotics are prescribed for 60% of patients (22).",1047,166,0,0.07584176957607269,0.43529853224754333,0.48001712560653687,0.6650955677032471,2026-05-08T19:40:43.679895+00:00,1.12.0,dpt-2-20260410
Viruses_and_Bacteria_in_the_Etiology_of_the_Common_Cold.pdf,d094e1c5-bab8-473a-be2a-88a76d229e30,7,text,"Although during the past two decades methods for virological diagnostics have greatly improved, no recent prospective study of the etiology of the common cold has been published. Most clinical trials dealing with therapy have not employed extensive testing of viruses causing the disease, which weakens their value (25). In order to optimize microbial detection, we have employed several virological and bacteriological methods to study 200 young adults with symptoms and signs of the common cold.",497,75,0,0.07609324157238007,0.6644003391265869,0.48041367530822754,0.780011773109436,2026-05-08T19:40:43.679895+00:00,1.12.0,dpt-2-20260410
Viruses_and_Bacteria_in_the_Etiology_of_the_Common_Cold.pdf,1518ad93-5bce-4c4e-8b12-2daa7fd8aca8,8,text,"**MATERIALS AND METHODS**

**Study population and clinical samples.** Between October 1994 and November 1995, 200 young adults—mostly students from the University of Turku—were enrolled in the study. A study office was established at the Turku University",254,36,0,0.07643555104732513,0.7915239930152893,0.4796876311302185,0.8417738080024719,2026-05-08T19:40:43.679895+00:00,1.12.0,dpt-2-20260410
Viruses_and_Bacteria_in_the_Etiology_of_the_Common_Cold.pdf,a7fc8f85-2d34-44d4-9715-54c0e6c2ecda,9,text,"* Corresponding author. Mailing address: Department of Pediatrics, University of Turku, Kiinamyllynkatu 4-8, 20520 Turku, Finland. Phone: 358-2-2611611. Fax: 358-2-2611460. E-mail: mika.makela@utu.fi.

† Present address: Department of Virology, Haartman Institute, University of Helsinki, FIN-00014, Finland.",308,35,0,0.07559466361999512,0.8593578338623047,0.4786961078643799,0.9220885038375854,2026-05-08T19:40:43.679895+00:00,1.12.0,dpt-2-20260410
Viruses_and_Bacteria_in_the_Etiology_of_the_Common_Cold.pdf,4cf99c02-ac37-444b-869b-51a9ebaf279a,10,text,"Hospital, which patients contacted within 24 to 48 h after the onset of symptoms of the common cold. For inclusion in the study, patients had to self-diagnose the common cold based on their earlier experience of symptoms. In addition, clinical evidence of acute rhinorrhea, nasal congestion, and/or sore throat was confirmed by the study physician. Patients with tonsillitis and with previous histories of allergic rhinitis, any chronic illness, or use of regular medication were excluded. One study physician (T.P.) and one nurse examined all the patients participating in the study. The patients were all Caucasian. The mean age of the patients was 24.0 years for male students (n = 59) and 24.1 years for female students (n = 141). The study protocol was accepted by the ethical committee of the Turku University Hospital. A written informed consent was obtained from each patient.",884,142,0,0.49791014194488525,0.4361456334590912,0.9012516736984253,0.5512787103652954,2026-05-08T19:40:43.679895+00:00,1.12.0,dpt-2-20260410
Viruses_and_Bacteria_in_the_Etiology_of_the_Common_Cold.pdf,e31e6718-e7d1-4bfe-b074-6b31d4aef899,11,text,"At the first visit, a nasopharyngeal aspirate was collected with a disposable mucus extractor from all the patients. Disposable plastic gloves were used, and all surfaces were wiped with disinfectant to avoid possible contamination among the patients. Three sterile cotton swabs were dipped into the mucus, and these were then placed in separate viral transport medium tubes (0.5% bovine serum albumin and antibiotics in tryptose phosphate broth) for PCR assay and virus culture. The rest of the mucus was used for virus antigen detection. All virus culture tubes were immediately frozen at -70°C prior to subsequent processing. A blood sample was collected for serological analyses. The patients returned on day 7, when a new nasopharyngeal aspirate was taken. The final visit was on day 21, when the second blood sample was taken.",832,132,0,0.49848783016204834,0.5499628782272339,0.9016464948654175,0.6628028154373169,2026-05-08T19:40:43.679895+00:00,1.12.0,dpt-2-20260410
Viruses_and_Bacteria_in_the_Etiology_of_the_Common_Cold.pdf,e9dec65b-fcb4-4cda-ab80-81b604088536,12,text,"Virus antigen detection, serology, and isolation. Viral antigens were detected by time-resolved fluoroimmunoassay for seven common respiratory viruses (adenovirus; respiratory syncytial virus [RSV]; parainfluenza virus types 1, 2, and 3; and influenza A and B viruses) as described previously (5). Serology for the same viruses was done with antigens prepared at the Department of Virology, University of Turku, by an enzyme immunoassay (EIA) as described previously (20).",472,67,0,0.49740320444107056,0.6629269123077393,0.9020009636878967,0.724501371383667,2026-05-08T19:40:43.679895+00:00,1.12.0,dpt-2-20260410
Viruses_and_Bacteria_in_the_Etiology_of_the_Common_Cold.pdf,e7880b43-72cb-4056-bc15-ac5aebc219c1,13,text,"For measuring coronavirus antibodies, crude EIA antigens (microsomal frac-
tion) were prepared from coronavirus OC43- and 229E-infected cells and unin-
fected control antigen RD cells (human embryonal rhabdomyosarcoma cells) as
described for mouse brain homogenate (13). Seeds for virus and cells (originally
from the American Type Culture Collection) were kindly provided by K. Holmes
(University of Health Sciences, Bethesda, Md.). Microtiter plates with 96 wells
(Maxisorb; Nunc, Roskilde, Denmark) were coated with each of the antigens (2.5
µg/ml) and used in a standard single-dilution (1:200) EIA procedure with the
sera in duplicate. Known positive and negative sera were used to control inter-
assay variation. Criteria for a significant increase or decrease between the titers
were determined in advance, and a twofold-or-greater difference in specific
absorbances of paired sera was found to be a reliable marker. Assay of serial
dilutions of the paired sera was used to clarify equivocal results.",1007,149,0,0.49733105301856995,0.7233214974403381,0.9029451608657837,0.8580341935157776,2026-05-08T19:40:43.679895+00:00,1.12.0,dpt-2-20260410
Viruses_and_Bacteria_in_the_Etiology_of_the_Common_Cold.pdf,8423e911-5b00-4416-9047-ef03576e6d3a,14,text,"Virus culture was done by using the Ohio strain of HeLa cells and human foreskin fibroblasts according to routine procedure as described previously (1). Cell cultures exhibiting cytopathogenic effect were passaged once, and the supernatant of the cell culture fluid was further tested by antigen detection. Those samples positive by virus culture but negative by rhinovirus PCR were tested for acid lability.",408,62,0,0.49791255593299866,0.8571122884750366,0.9024760723114014,0.9214860200881958,2026-05-08T19:40:43.679895+00:00,1.12.0,dpt-2-20260410
Viruses_and_Bacteria_in_the_Etiology_of_the_Common_Cold.pdf,887308fa-1b90-4395-af0d-9164dbea714a,15,marginalia,539,3,1,0,0.4735606014728546,0.9291379451751709,0.5044969916343689,0.9462159872055054,2026-05-08T19:40:43.679895+00:00,1.12.0,dpt-2-20260410
Viruses_and_Bacteria_in_the_Etiology_of_the_Common_Cold.pdf,57df103f-d0a6-4e03-9a2f-c54ec1edbac3,16,marginalia,Downloaded from https://journals.asm.org/journal/jcm on 29 June 2025 by 2601:1c2:4100:b330:acaf:796b:f6fc:bfa5.,111,9,0,0.9501891732215881,0.4959985017776489,0.9778731465339661,0.9808573722839355,2026-05-08T19:40:43.679895+00:00,1.12.0,dpt-2-20260410
Viruses_and_Bacteria_in_the_Etiology_of_the_Common_Cold.pdf,0794db91-c46d-4180-ab75-3c50739b301f,17,marginalia,540,3,1,1,0.07659728825092316,0.05225655436515808,0.10621914267539978,0.06896273791790009,2026-05-08T19:40:43.679895+00:00,1.12.0,dpt-2-20260410
Viruses_and_Bacteria_in_the_Etiology_of_the_Common_Cold.pdf,e8097f85-c745-4cdf-8a36-c0884ec65fc2,18,text,MÄKELÄ ET AL.,13,3,1,0.12606696784496307,0.051840640604496,0.24740515649318695,0.06959189474582672,2026-05-08T19:40:43.679895+00:00,1.12.0,dpt-2-20260410
Viruses_and_Bacteria_in_the_Etiology_of_the_Common_Cold.pdf,8392beb7-090d-4daa-89e5-9008cfb55b16,19,text,J. Clin. Microbiol.,19,3,1,0.7758558392524719,0.05315416678786278,0.8998048901557922,0.0691918209195137,2026-05-08T19:40:43.679895+00:00,1.12.0,dpt-2-20260410
Viruses_and_Bacteria_in_the_Etiology_of_the_Common_Cold.pdf,a18ac1cf-a681-4b2d-ad01-e4e7bf783ef9,20,table,"TABLE 1. Microbiological findings for 200 patients with signs and symptoms of the common cold
<table id=""1-1"">
<tr><td id=""1-2"" rowspan=""2"">Organism or infection</td><td id=""1-3"" colspan=""4"">No. (%) of patients positive by:</td><td id=""1-4"" rowspan=""2"">Total no. of patients (%)</td></tr>
<tr><td id=""1-5"">Virus antigen detection</td><td id=""1-6"">Virus culture</td><td id=""1-7"">Rhinovirus PCR</td><td id=""1-8"">Serology</td></tr>
<tr><td id=""1-9"">Rhinovirus</td><td id=""1-a""></td><td id=""1-b"">80 (40)</td><td id=""1-c"">103 (51.5)</td><td id=""1-d""></td><td id=""1-e"">105 (52.5)</td></tr>
<tr><td id=""1-f"">Influenza A virus</td><td id=""1-g"">6 (3)</td><td id=""1-h"">3 (1.5)</td><td id=""1-i""></td><td id=""1-j"">9 (4.5)</td><td id=""1-k"">10 (5)</td></tr>
<tr><td id=""1-l"">Influenza B virus</td><td id=""1-m"">2 (1)</td><td id=""1-n"">1 (0.5)</td><td id=""1-o""></td><td id=""1-p"">1 (0.5)</td><td id=""1-q"">2 (1)</td></tr>
<tr><td id=""1-r"">Adenovirus</td><td id=""1-s"">1 (0.5)</td><td id=""1-t""></td><td id=""1-u""></td><td id=""1-v"">1 (0.5)</td><td id=""1-w"">2 (1)</td></tr>
<tr><td id=""1-x"">Parainfluenza virus type 1</td><td id=""1-y"">1 (0.5)</td><td id=""1-z"">1 (0.5)</td><td id=""1-A""></td><td id=""1-B""></td><td id=""1-C"">1 (0.5)</td></tr>
<tr><td id=""1-D"">Parainfluenza virus type 2</td><td id=""1-E""></td><td id=""1-F""></td><td id=""1-G""></td><td id=""1-H"">2 (1)</td><td id=""1-I"">2 (1)</td></tr>
<tr><td id=""1-J"">Parainfluenza virus type 3</td><td id=""1-K"">3 (1.5)</td><td id=""1-L"">3 (1.5)</td><td id=""1-M""></td><td id=""1-N""></td><td id=""1-O"">3 (1.5)</td></tr>
<tr><td id=""1-P"">Parainfluenza virus type 1 or 3</td><td id=""1-Q""></td><td id=""1-R""></td><td id=""1-S""></td><td id=""1-T"">5 (2.5)</td><td id=""1-U"">1 (0.5)</td></tr>
<tr><td id=""1-V"">RSV</td><td id=""1-W"">4 (2)</td><td id=""1-X"">3 (1.5)</td><td id=""1-Y""></td><td id=""1-Z"">3 (1.5)</td><td id=""1-10"">4 (2)</td></tr>
<tr><td id=""1-11"">Enterovirus</td><td id=""1-12""></td><td id=""1-13""></td><td id=""1-14""></td><td id=""1-15"">1 (0.5)</td><td id=""1-16"">1 (0.5)</td></tr>
<tr><td id=""1-17"">Coronavirus OC43</td><td id=""1-18""></td><td id=""1-19""></td><td id=""1-1a""></td><td id=""1-1b"">7 (3.5)</td><td id=""1-1c"">7 (3.5)</td></tr>
<tr><td id=""1-1d"">Coronavirus 229E</td><td id=""1-1e""></td><td id=""1-1f""></td><td id=""1-1g""></td><td id=""1-1h"">10 (5)</td><td id=""1-1i"">10 (5)</td></tr>
<tr><td id=""1-1j"">C. pneumoniae</td><td id=""1-1k""></td><td id=""1-1l""></td><td id=""1-1m""></td><td id=""1-1n"">4 (2)</td><td id=""1-1o"">4 (2)</td></tr>
<tr><td id=""1-1p"">M. pneumoniae</td><td id=""1-1q""></td><td id=""1-1r""></td><td id=""1-1s""></td><td id=""1-1t"">1 (0.5)</td><td id=""1-1u"">1 (0.5)</td></tr>
<tr><td id=""1-1v"">S. pneumoniae</td><td id=""1-1w""></td><td id=""1-1x""></td><td id=""1-1y""></td><td id=""1-1z"">1 (0.5)</td><td id=""1-1A"">1 (0.5)</td></tr>
<tr><td id=""1-1B"">H. influenzae</td><td id=""1-1C""></td><td id=""1-1D""></td><td id=""1-1E""></td><td id=""1-1F"">1 (0.5)</td><td id=""1-1G"">1 (0.5)</td></tr>
<tr><td id=""1-1H"">M. catarrhalis</td><td id=""1-1I""></td><td id=""1-1J""></td><td id=""1-1K""></td><td id=""1-1L""></td><td id=""1-1M"">0</td></tr>
<tr><td id=""1-1N"">Double viral infection</td><td id=""1-1O""></td><td id=""1-1P""></td><td id=""1-1Q""></td><td id=""1-1R""></td><td id=""1-1S"">10 (5)</td></tr>
<tr><td id=""1-1T"">Viral and bacterial infections</td><td id=""1-1U""></td><td id=""1-1V""></td><td id=""1-1W""></td><td id=""1-1X""></td><td id=""1-1Y"">6 (3)</td></tr>
<tr><td id=""1-1Z"">Total</td><td id=""1-20"">17 (8.5)</td><td id=""1-21"">91 (45.5)</td><td id=""1-22"">103 (51.5)</td><td id=""1-23"">46 (23)</td><td id=""1-24"">139 (69.5)</td></tr>
</table>",3529,264,1,0.07395440340042114,0.08005954325199127,0.9026879668235779,0.40099865198135376,2026-05-08T19:40:43.679895+00:00,1.12.0,dpt-2-20260410
Viruses_and_Bacteria_in_the_Etiology_of_the_Common_Cold.pdf,8569dfa3-f5f1-4791-af44-7f33d7bbd8f6,21,text,"**Rhinovirus reverse transcription-PCR.** Nucleic acids were isolated from the nasopharyngeal samples by using proteinase K-sodium dodecyl sulfate treatment followed by phenol extraction and ethanol precipitation. For detection of rhinoviruses, two reverse transcription-PCR assays were used (16). The first one utilizes primers from the conserved 5' noncoding region and the VP2 capsid protein coding region of the viral genome (3), while the other test uses two primers from the 5' noncoding region (10, 15).",510,73,1,0.07583911716938019,0.4243764281272888,0.47977036237716675,0.49820393323898315,2026-05-08T19:40:43.679895+00:00,1.12.0,dpt-2-20260410
Viruses_and_Bacteria_in_the_Etiology_of_the_Common_Cold.pdf,653beb13-399f-4233-a3a2-d4f19c3d59b4,22,text,"Bacterial culture and antibody assays. For detection of beta-hemolytic streptococci, swabs dipped into nasopharyngeal mucus were inoculated onto blood agar plates and incubated for 24 h in an atmosphere of 5% carbon dioxide at 37°C. Those plates showing uncertain growth were incubated another 24 h.",299,45,1,0.07361352443695068,0.49780020117759705,0.4800160527229309,0.5362467169761658,2026-05-08T19:40:43.679895+00:00,1.12.0,dpt-2-20260410
Viruses_and_Bacteria_in_the_Etiology_of_the_Common_Cold.pdf,4ae48a68-8101-4f3e-86d3-f630aa3e693f,23,text,"Immunoglobulin G (IgG) antibodies to pneumococcal pneumolysin and C-polysaccharide were measured by EIA as described earlier, and a twofold-or-higher rise in antibody levels between paired sera was considered diagnostic (18). Antibodies to nontypeable Haemophilus influenzae and Moraxella catarrhalis were measured by EIA using whole bacterial cell antigen (a mixture of 10 different strains), and a threefold-or-higher antibody rise between paired sera was considered diagnostic for acute infection (6). IgG and IgM antibodies to chlamydial species were measured by a microimmunofluorescence method by using elementary bodies of Chlamydia pneumoniae Kajaani 7 and Chlamydia trachomatis 1.2 as antigens as described elsewhere (7), except that the sera were incubated overnight. The presence of IgM antibodies and/or a fourfold-or-greater change in antibody levels between paired sera was considered diagnostic for acute chlamydial infection. These antibody assays have been successfully used in the etiological diagnosis of pneumonia in children both in industrialized and developing countries (28, 29).
0
...",1109,154,1,0.07448342442512512,0.5357456803321838,0.4808884561061859,0.690087616443634,2026-05-08T19:40:43.679895+00:00,1.12.0,dpt-2-20260410
Viruses_and_Bacteria_in_the_Etiology_of_the_Common_Cold.pdf,0ecbc713-061b-4d53-a442-20da5784826f,24,text,"Mycoplasma IgM antibodies from the second serum samples taken on day 21
were measured with a commercial kit (Platelia; Sanofi Diagnostics Pasteur S.A.,
Marnes la Coquette, France) routinely used in our virology laboratory.",222,33,1,0.07537555694580078,0.6890283823013306,0.47952187061309814,0.7225189208984375,2026-05-08T19:40:43.679895+00:00,1.12.0,dpt-2-20260410
Viruses_and_Bacteria_in_the_Etiology_of_the_Common_Cold.pdf,833c1504-44bb-439d-b87c-9dd125db10be,25,text,"## RESULTS

**Virological findings.** Evidence for virus infection was found in 138 of the 200 patients (69%). Rhinovirus was found in 105 patients (52.5%) by virus culture or PCR. The percentage of rhinoviruses was the same in both males and females. Overall, results by virus culture and PCR had a high level of agreement: 78% of the PCR-positive samples were also culture positive (80 of 103 patients). Coronaviruses were the second most common group of causative agents and were detected in 17 patients by serology. A total of 12 patients had influenza A or B virus infection (Table 1).",590,99,1,0.07518018782138824,0.7341805696487427,0.480155885219574,0.8818490505218506,2026-05-08T19:40:43.679895+00:00,1.12.0,dpt-2-20260410
Viruses_and_Bacteria_in_the_Etiology_of_the_Common_Cold.pdf,2e03cd58-89d6-4e31-8b60-c0536cfa6171,26,text,"In addition to the 80 patients culture-positive for rhinovi-
ruses, 11 nasopharyngeal-aspirate samples were positive by
virus culture. Three cases of influenza A were detected by",178,26,1,0.07532836496829987,0.8815223574638367,0.4804399013519287,0.9228824973106384,2026-05-08T19:40:43.679895+00:00,1.12.0,dpt-2-20260410
Viruses_and_Bacteria_in_the_Etiology_of_the_Common_Cold.pdf,84917cfe-779b-4322-9c89-c9a05d50b251,27,text,"serology only, whereas the other seven patients were positive by antigen detection, culture, or serology. For the other respi-ratory viruses, five patients remained negative by culture or antigen detection but paired serum antibodies showed a rise. In addition, coronaviruses were detected by serology only. Taken together, virus culture was positive for the respiratory viruses in 91 cases (45.5%), virus antigen detection gave pos-itive results in 17 cases (8.5%), and serology gave a diagnosis for 39 patients (19.5%) (Table 1).",531,79,1,0.497477650642395,0.42459583282470703,0.901391863822937,0.5406126976013184,2026-05-08T19:40:43.679895+00:00,1.12.0,dpt-2-20260410
Viruses_and_Bacteria_in_the_Etiology_of_the_Common_Cold.pdf,f229af26-1be6-4b80-a82a-702c6dfc73a0,28,text,"Evidence of a double viral infection was found in 10 patients.
Of these patients, three had both rhinovirus and coronavirus
OC43, two had rhinovirus and influenza A virus, two had
rhinovirus and parainfluenza virus type 2, one had rhinovirus
and adenovirus, one had rhinovirus and influenza B virus, and
one had rhinovirus and enterovirus infections.",350,55,1,0.4978567063808441,0.5403258800506592,0.901592493057251,0.6164883375167847,2026-05-08T19:40:43.679895+00:00,1.12.0,dpt-2-20260410
Viruses_and_Bacteria_in_the_Etiology_of_the_Common_Cold.pdf,8c09582e-63e3-4b88-ae87-19a74199b05f,29,text,"Figure 1a shows the number of virus infections detected
monthly and the total number of recruited patients. Figure 1b
presents numbers of rhino- and coronavirus infections de-
tected in the study population. An outbreak of rhinoviruses
occurred in the fall, when 92% (33 of 36) of the patients
recruited into the study had rhinovirus infections. Figure 1c
shows the epidemiology of other respiratory viruses in the
community during the study period. Influenza A and B virus
infections peaked in March, followed by parainfluenza virus
type 3 infections in April and RSV infections in May. Adeno-
viruses were endemic.",616,98,1,0.4983134865760803,0.6160908341407776,0.9020963311195374,0.7552158236503601,2026-05-08T19:40:43.679895+00:00,1.12.0,dpt-2-20260410
Viruses_and_Bacteria_in_the_Etiology_of_the_Common_Cold.pdf,12dc7e98-0a4c-4476-ac84-ebe229f5a5d6,30,text,"Bacteriological findings. Serological assays suggested bacte-
rial infections in seven patients. Of these, four patients had a
rise in IgG antibodies against *C. pneumoniae*; three of these
patients were also rhinovirus positive, and one patient was
positive for both rhino- and coronaviruses. One patient had a
rise in antibodies against *Streptococcus pneumoniae*, one pa-
tient had a rise in antibodies against both *H. influenzae* and
coronavirus, and one patient had serological evidence of both
mycoplasma and coronavirus infections. None of the patients
had beta-hemolytic group A *Streptococcus* in their nasopharyn-
ges.",629,91,1,0.49867483973503113,0.7554107308387756,0.9022852182388306,0.894457995891571,2026-05-08T19:40:43.679895+00:00,1.12.0,dpt-2-20260410
Viruses_and_Bacteria_in_the_Etiology_of_the_Common_Cold.pdf,aacac230-d852-44f2-871b-2c7cc8236182,31,text,"For monitoring complications of the common cold, patients
were examined clinically on days 1, 7, and 21 and according to",120,20,1,0.4990169405937195,0.8945614099502563,0.9020106196403503,0.9225926399230957,2026-05-08T19:40:43.679895+00:00,1.12.0,dpt-2-20260410
Viruses_and_Bacteria_in_the_Etiology_of_the_Common_Cold.pdf,f1ddc493-d25f-427e-a2e0-300c9538f849,32,marginalia,Downloaded from https://journals.asm.org/journal/jcm on 29 June 2025 by 2601:1c2:4100:b330:acaf:796b:f6fc:bfa5.,111,9,1,0.9509973526000977,0.49725234508514404,0.9767683744430542,0.9791579246520996,2026-05-08T19:40:43.679895+00:00,1.12.0,dpt-2-20260410
Viruses_and_Bacteria_in_the_Etiology_of_the_Common_Cold.pdf,fc0d0e27-c7b3-41a0-a968-5d41fb56432b,33,marginalia,"VOL. 36, 1998",13,3,2,0.07631426304578781,0.051584213972091675,0.16705664992332458,0.06981682777404785,2026-05-08T19:40:43.679895+00:00,1.12.0,dpt-2-20260410
Viruses_and_Bacteria_in_the_Etiology_of_the_Common_Cold.pdf,52abc557-6b9a-4ca7-bacb-a153ec30e0eb,34,marginalia,ETIOLOGY OF COMMON COLD,23,4,2,0.6317968964576721,0.05143541842699051,0.8581809401512146,0.06937149912118912,2026-05-08T19:40:43.679895+00:00,1.12.0,dpt-2-20260410
Viruses_and_Bacteria_in_the_Etiology_of_the_Common_Cold.pdf,7b8787c6-86d7-4998-b257-b2df3d784dc7,35,marginalia,541,3,1,2,0.8715774416923523,0.05203535035252571,0.8990527987480164,0.0687633752822876,2026-05-08T19:40:43.679895+00:00,1.12.0,dpt-2-20260410
Viruses_and_Bacteria_in_the_Etiology_of_the_Common_Cold.pdf,e14261b2-fa2f-40b0-8d4a-454ef3797b77,36,figure,"<::
FIG. 1. Bar charts showing monthly occurrences of viral infections.

(a) Monthly occurrence of confirmed viral infections (virus positive) and total number of recruited patients.
- Y-axis: Number of patients/infections (0, 20, 40)
- X-axis: Months
- Legend:
  - option Patients: [ ] (white bar)
  - option Virus positive: [x] (black bar)
- Data (Month: Total Patients, Virus Positive):
  - Nov: ~20, ~10
  - Dec: ~12, ~6
  - Jan: ~15, ~10
  - Feb: ~30, ~15
  - Mar: ~40, ~28
  - Apr: ~35, ~32
  - May: ~10, ~5
  - Study break (approx. June-August)
  - Sep: ~15, ~10
  - Oct: ~18, ~15
  - Nov: ~8, ~6

(b) Monthly occurrence of rhino- and coronavirus infections in the study population.
- **Rhinovirus**
  - Y-axis: Number of infections (0, 10, 20)
  - X-axis: Months
  - Data (Month: Infections):
    - Nov: ~12
    - Dec: ~5
    - Jan: ~6
    - Feb: ~10
    - Mar: ~16
    - Apr: ~22
    - May: ~6
    - Study break
    - Sep: ~12
    - Oct: ~14
    - Nov: ~8
- **Coronavirus**
  - Y-axis: Number of infections (0, 10)
  - X-axis: Months
  - Data (Month: Infections):
    - Nov: ~0
    - Dec: ~1
    - Jan: ~2
    - Feb: ~4
    - Mar: ~8
    - Apr: ~4
    - May: ~1
    - Study break
    - Sep: ~0
    - Oct: ~0
    - Nov: ~0

(c) Monthly occurrences of other common respiratory viruses circulating in the community. Infection was diagnosed at the Department of Virology, Turku University, with specimens derived mainly from pediatric patients.
- **RSV**
  - Y-axis: Number of infections (0, 20, 40, 60)
  - X-axis: Months
  - Data (Month: Infections):
    - Nov: ~0
    - Dec: ~2
    - Jan: ~8
    - Feb: ~15
    - Mar: ~35
    - Apr: ~50
    - May: ~45
    - Jun: ~5
    - Jul: ~2
    - Aug: ~2
    - Sep: ~5
    - Oct: ~20
    - Nov: ~25
- **Influenza A and B virus**
  - Y-axis: Number of infections (0, 20, 40)
  - X-axis: Months
  - Data (Month: Infections):
    - Nov: ~0
    - Dec: ~0
    - Jan: ~2
    - Feb: ~15
    - Mar: ~35
    - Apr: ~18
    - May: ~5
    - Jun: ~0
    - Jul: ~0
    - Aug: ~0
    - Sep: ~0
    - Oct: ~0
    - Nov: ~2
- **Parainfluenza virus type 3**
  - Y-axis: Number of infections (0, 20)
  - X-axis: Months
  - Data (Month: Infections):
    - Nov: ~0
    - Dec: ~0
    - Jan: ~1
    - Feb: ~5
    - Mar: ~8
    - Apr: ~10
    - May: ~2
    - Jun: ~1
    - Jul: ~0
    - Aug: ~0
    - Sep: ~0
    - Oct: ~20
    - Nov: ~0
- **Adenovirus**
  - Y-axis: Number of infections (0, 20)
  - X-axis: Months
  - Data (Month: Infections):
    - Nov: ~10
    - Dec: ~10
    - Jan: ~12
    - Feb: ~8
    - Mar: ~10
    - Apr: ~10
    - May: ~5
    - Jun: ~0
    - Jul: ~0
    - Aug: ~0
    - Sep: ~0
    - Oct: ~5
    - Nov: ~0
: chart::>",2666,477,2,0.07408149540424347,0.08378836512565613,0.4852733612060547,0.7020083665847778,2026-05-08T19:40:43.679895+00:00,1.12.0,dpt-2-20260410
Viruses_and_Bacteria_in_the_Etiology_of_the_Common_Cold.pdf,cad637a4-7fab-45f6-b1b2-d37920fa3c0c,37,text,"the patients' need. One patient had acute otitis media and was treated with antibiotics. This patient had a serological rise in antibodies against _H. influenzae_ and coronavirus. Three patients received antibiotics for urinary tract infections, and one patient received antibiotics for prophylaxis after a dental operation during days 7 to 21. With the exception of these five patients, all recovered uneventfully without antibiotics, including those patients with a serological indication of bacterial infection.",514,73,2,0.07478119432926178,0.7223528027534485,0.48104751110076904,0.8429390788078308,2026-05-08T19:40:43.679895+00:00,1.12.0,dpt-2-20260410
Viruses_and_Bacteria_in_the_Etiology_of_the_Common_Cold.pdf,36e8c927-8fa8-42ad-9d64-4b1bf6d3262a,38,text,"## DISCUSSION

Viral etiology of the common cold was demonstrated for
69% of the 200 patients included in this study. In large respi-
ratory virus studies carried out in the 1960s, the causative agent",200,34,2,0.0747964084148407,0.8536291718482971,0.4804985821247101,0.9253050684928894,2026-05-08T19:40:43.679895+00:00,1.12.0,dpt-2-20260410
Viruses_and_Bacteria_in_the_Etiology_of_the_Common_Cold.pdf,da1b6a10-9c19-4de9-96dc-f4b496938569,39,text,"was detected in 22 to 30% of the patients with acute respira-
tory symptoms (23, 24). Surprisingly, there have been no recent
investigations using modern virological techniques lasting long
enough to cover several virus outbreaks. We recruited patients
for 10 months. This period included outbreaks of five different
respiratory viruses (Fig. 1). Patients were not admitted to the
study during June, July, and August, which are summer holiday
months in Finland and in which only a few respiratory infec-
tions occur.",516,81,2,0.49698588252067566,0.08292905986309052,0.9030138254165649,0.20035584270954132,2026-05-08T19:40:43.679895+00:00,1.12.0,dpt-2-20260410
Viruses_and_Bacteria_in_the_Etiology_of_the_Common_Cold.pdf,48cfa07a-68cd-4c34-b487-8ce6fc821abd,40,text,"This study shows that in addition to virus culture, serology
and PCR techniques are needed to detect the maximal number
of infections. Although virus culture remains the ""gold stan-
dard"" (yield, 45.5% with only two cell lines), more sensitive
PCR methods, especially for rhinoviruses (yield, 51.5%), are
increasingly used in routine diagnostics. Interestingly, the rapid
test for seven different virus antigens was positive for only 9%
of the patients. This observation agrees with earlier studies
with adults (14, 21). For children, virus antigen detection is
often the method of choice (12, 26). Virus antigen tests are
sensitive for RSV and adenoviruses, which are common in
young children but rare in adults, as seen also in this study (12,
27). Another factor contributing to the low yield of antigen-
positive samples may be that adults shed less virus than chil-
dren (8, 23).",884,142,2,0.49683743715286255,0.1998271346092224,0.9039340615272522,0.3894439935684204,2026-05-08T19:40:43.679895+00:00,1.12.0,dpt-2-20260410
Viruses_and_Bacteria_in_the_Etiology_of_the_Common_Cold.pdf,b96311ce-0958-468e-b4b5-db59416b10ea,41,text,"Rhinoviruses were the causative agent of the common cold in half of the cases in this investigation. During the 2-month outbreak during the fall, 92% of the patients had rhinovirus-induced illness. This observation agrees with results of a recent study, in which rhinovirus was detected in 276 of 346 (80%) common-cold patients during a 4-month epidemic fall season (4). Herzog and coworkers detected rhinoviruses in 55% of 122 patients with acute upper respiratory tract infections (11). Although rhinoviruses are the most common cause of the common cold, it must be stressed that almost half of the cases are caused by other viruses. We detected rhinoviruses, RSVs, influenza A viruses, adenoviruses, and parainfluenza type 3 viruses circulating in the community at the same time (Fig. 1c). These infections are often clinically indistinguishable in adults. This observation emphasizes the need to identify the specific virus in studies of specific antivirals.",962,148,2,0.49693763256073,0.3891119062900543,0.9045279026031494,0.5922262668609619,2026-05-08T19:40:43.679895+00:00,1.12.0,dpt-2-20260410
Viruses_and_Bacteria_in_the_Etiology_of_the_Common_Cold.pdf,46a41c2a-c06d-4a25-be5c-26f100874674,42,text,"We studied bacterial cultures performed with nasopharyngeal samples for beta-hemolytic streptococci and serologic responses for five additional bacteria. None of the patients had beta-hemolytic group A *Streptococcus* in their nasopharynges. Interestingly, we found serological evidence of concomitant bacterial infection in seven patients. One of them, with *H. influenzae* infection, developed acute otitis media. The other patients, with infections with *S. pneumoniae* (n = 1), *Mycoplasma pneumoniae* (n = 1), and *C. pneumoniae* (n = 4), recovered similarly to other common-cold patients without antibiotics. Recently, Kaiser et al. suggested that nasopharyngeal carriage of *H. influenzae*, *M. catarrhalis*, or *S. pneumoniae* (in 20% of their patients) would indicate a bacterial infection in patients with symptoms and signs of the common cold (19). In these patients, antibiotic treatment shortened the duration of symptoms compared to the duration for culture-negative patients. By using serological techniques (6, 7, 18), we found evidence for these infections in only 1% of our patients. Even those common-cold patients who may have bacterial coinfection seem to recover uneventfully without antibiotic treatment. Radiologically confirmed sinusitis is part of the normal clinical course of the common cold (9). A recent study showed that 77% of the patients with acute maxillary sinusitis improved substantially when they took a placebo. Amoxicillin did not influence the clinical course of rhinosinusitis (30). These findings agree with earlier studies showing that antibiotic treat-",1598,227,2,0.4957079291343689,0.5917084217071533,0.9054023623466492,0.9241418838500977,2026-05-08T19:40:43.679895+00:00,1.12.0,dpt-2-20260410
Viruses_and_Bacteria_in_the_Etiology_of_the_Common_Cold.pdf,220cc403-ed6c-4690-b9f7-80eda0ca0fc1,43,marginalia,Downloaded from https://journals.asm.org/journal/jcm on 29 June 2025 by 2601:1c2:4100:b330:acaf:796b:f6fc:bfa5.,111,9,2,0.949984073638916,0.49565914273262024,0.9779245853424072,0.9805722236633301,2026-05-08T19:40:43.679895+00:00,1.12.0,dpt-2-20260410
Viruses_and_Bacteria_in_the_Etiology_of_the_Common_Cold.pdf,37125249-776e-40d3-bcbe-78623385aac8,44,marginalia,542,3,1,3,0.07661504298448563,0.05230042338371277,0.10648328810930252,0.06905371695756912,2026-05-08T19:40:43.679895+00:00,1.12.0,dpt-2-20260410
Viruses_and_Bacteria_in_the_Etiology_of_the_Common_Cold.pdf,8d43655f-3101-4e4c-8304-a3f1bace8e41,45,text,MÄKELÄ ET AL.,13,3,3,0.1266908347606659,0.052210286259651184,0.24829360842704773,0.07032269984483719,2026-05-08T19:40:43.679895+00:00,1.12.0,dpt-2-20260410
Viruses_and_Bacteria_in_the_Etiology_of_the_Common_Cold.pdf,38bd2868-3f62-43c7-8bb7-66ea8051579b,46,text,J. Clin. MICROBIOL.,19,3,3,0.7763862013816833,0.05297897756099701,0.8993383049964905,0.06956027448177338,2026-05-08T19:40:43.679895+00:00,1.12.0,dpt-2-20260410
Viruses_and_Bacteria_in_the_Etiology_of_the_Common_Cold.pdf,718ac2d1-a595-4996-a7a2-a67d0329c460,47,text,"ment of the common cold is not beneficial. In spite of that, it
has been shown that up to 60% of patients with common colds
receive an antibiotic, which results in an estimated cost of $37.5
million per year in the United States (22). This treatment
policy results in problems not only with the cost but, even more
importantly, also with emerging antibiotic resistance of bacte-
ria. An Icelandic study showed an obvious association of anti-
biotic use in the community with the prevalence of penicillin-
resistant pneumococci (2).",531,89,3,0.07653261721134186,0.08389805257320404,0.4803376793861389,0.20079995691776276,2026-05-08T19:40:43.679895+00:00,1.12.0,dpt-2-20260410
Viruses_and_Bacteria_in_the_Etiology_of_the_Common_Cold.pdf,2fce26dc-a161-4f25-84f2-8dab7425d660,48,text,"Even though we used a large battery of diagnostic tests,
there are some limitations to our study. To optimize the cost/
benefit ratio of virus isolation, patient samples were inoculated
into two cell lines which pick up rhinoviruses well but other
respiratory viruses only moderately. By using the best available
cell line for each virus, it would be possible to reach an even
higher yield of virus-positive cultures. Moreover, PCR tech-
niques are often more sensitive than the conventional virus
culture method for detection of microbes and PCR could be
used for other viruses as well.",587,96,3,0.0767018049955368,0.20028731226921082,0.47984999418258667,0.3262641727924347,2026-05-08T19:40:43.679895+00:00,1.12.0,dpt-2-20260410
Viruses_and_Bacteria_in_the_Etiology_of_the_Common_Cold.pdf,77033fde-04c0-4484-a1ce-e9f0145a0ae8,49,text,"In routine clinical practice, there is no need to do etiological
diagnosis of the common cold. The price is too high (in this
study, $700/patient), and, except in the case of the rapid influ-
enza A test, the results may not change the treatment. The
implications of this study, nevertheless, are clear. The common
cold is a viral illness for which the etiology can be shown in
most cases. Bacterial coinfections are very rare. Antibiotic
treatment is not necessary in otherwise healthy young adults
with common colds.",518,87,3,0.07718387246131897,0.32608285546302795,0.47979339957237244,0.4410266578197479,2026-05-08T19:40:43.679895+00:00,1.12.0,dpt-2-20260410
Viruses_and_Bacteria_in_the_Etiology_of_the_Common_Cold.pdf,7bf79d95-4c88-4e4e-8736-16fe9fa948b0,50,text,"ACKNOWLEDGMENTS
This work was supported by grants from the Academy of Finland,
Turku University Foundation, Sigrid Juselius Foundation, and Glaxo
Wellcome, UK.",159,22,3,0.07640120387077332,0.4500696659088135,0.47957250475883484,0.5040872693061829,2026-05-08T19:40:43.679895+00:00,1.12.0,dpt-2-20260410
Viruses_and_Bacteria_in_the_Etiology_of_the_Common_Cold.pdf,9cffc0de-c9d5-45f6-a826-074efb6370bb,51,text,We thank Matti Waris for providing data on virus infections in the community and for preparation of the graph.,110,19,3,0.07607996463775635,0.503664493560791,0.4789937138557434,0.5297454595565796,2026-05-08T19:40:43.679895+00:00,1.12.0,dpt-2-20260410
Viruses_and_Bacteria_in_the_Etiology_of_the_Common_Cold.pdf,d0c05600-e274-4953-84a3-35659c3465f6,52,text,"# REFERENCES

1. Al-Nakib, W., and D. A. J. Tyrrell. 1988. Picornaviridae: Rhinoviruses—common cold viruses, p. 723–742. In E. H. Lennette, P. Halonen, and F. A. Murphy (ed.), Laboratory diagnosis of infectious diseases. Principle and practice. Springer-Verlag, New York, N.Y.
2. Arason, V. A., K. G. Kristinsson, J. A. Sigurdsson, G. Stefansdottir, S. Molstad, and S. Gudmundsson. 1996. Do antimicrobials increase the carriage rate of penicillin resistant pneumococci in children? Cross sectional prevalence study. Br. Med. J. 313:387–391.
3. Arola, A., J. Santti, P. Halonen, O. Ruuskanen, and T. Hyypiä. 1996. Identification of enteroviruses in clinical specimens by competitive PCR followed by genetic typing using sequence analysis. J. Clin. Microbiol. 34:313–318.
4. Arruda, E., A. Pitkäranta, T. J. Witek, Jr., C. A. Doyle, and F. G. Hayden. 1997. Frequency and natural history of rhinovirus infections in adults during autumn. J. Clin. Microbiol. 35:2864–2868.
5. Arstila P. P., and P. E. Halonen. 1988. Direct antigen detection, p. 60–75. In E. H. Lennette, P. Halonen, and F. A. Murphy (ed.), Laboratory diagnosis of infectious diseases. Principle and practice. Springer-Verlag, New York, N.Y.
6. Burman, L. A., M. Leinonen, and B. Trollfors. 1994. Use of serology to diagnose pneumonia caused by nonencapsulated Haemophilus influenzae and Moraxella catarrhalis. J. Infect. Dis. 170:220–222.
7. Ekman, M. R., M. Leinonen, H. Syrjala, E. Linnanmaki, P. Kujala, and P. Saikku. 1993. Evaluation of serological methods in the diagnosis of Chlamydia pneumoniae pneumonia during an epidemic in Finland. Eur. J. Clin. Microbiol. Infect. Dis. 12:756–760.",1656,247,3,0.08162809908390045,0.5343624353408813,0.48025739192962646,0.7958278656005859,2026-05-08T19:40:43.679895+00:00,1.12.0,dpt-2-20260410
Viruses_and_Bacteria_in_the_Etiology_of_the_Common_Cold.pdf,ddab59a4-ace9-4555-874b-31f36c463aeb,53,text,"8. Englund, J. A., P. A. Piedra, A. Jewell, K. Patel, B. B. Baxter, and E. Whimbey. 1996. Rapid diagnosis of respiratory syncytial virus infections in immunocompromised adults. J. Clin. Microbiol. 34:1649-1653.
9. Gwaltney, J. M., Jr., C. D. Phillips, R. D. Miller, and D. K. Riker. 1994. Computed tomographic study of the common cold. N. Engl. J. Med. 330: 25-30.
10. Halonen, P., E. Rocha, J. Hierholzer, B. Holloway, T. Hyypia, P. Hurskainen, and M. Pallansch. 1995. Detection of enteroviruses and rhinoviruses in clinical specimens by PCR and liquid-phase hybridization. J. Clin. Microbiol. 33:648-653.
11. Herzog, C., R. Berger, M. Fernex, K. Friesecke, L. Havas, M. Just, and U. C. Dubach. 1986. Intranasal interferon (rIFN-alpha A, Ro 22-8181) for contact prophylaxis against common cold: a randomized, double-blind and placebo-controlled field study. Antivir. Res. 6:171-176.
12. Hietala, J., M. Uhari, and H. Tuokko. 1988. Antigen detection in the diagnosis of viral infections. Scand. J. Infect. Dis. 20:595-599.
13. Hovi, T., H. Kainulainen, B. Ziola, and A. Salmi. 1979. OC43 strain-related coronavirus antibodies in different age groups. J. Med. Virol. 3:313-320.
14. Huovinen, P., R. Lahtonen, T. Ziegler, O. Meurman, K. Hakkarainen, A. Miettinen, P. Arstila, J. Eskola, and P. Saikku. 1989. Pharyngitis in adults: the presence and coexistence of viruses and bacterial organisms. Ann. Intern. Med. 110:612-616.
15. Hyypia, T., P. Auvinen, and M. Maaronen. 1989. Polymerase chain reaction for human picornaviruses. J. Gen. Virol. 70:3261-3268.
16. Hyypiä, T., T. Puhakka, O. Ruuskanen, M. J. Mäkelä, A. Arola, and P. Arstila. Unpublished data.
17. Jackson, G. G., and R. L. Muldoon. 1973. Viruses causing common respiratory infections in man. J. Infect. Dis. 127:328-355.
18. Jalonen, E., J. C. Paton, M. Koskela, Y. Kerttula, and M. Leinonen. 1989. Measurement of antibody responses to pneumolysin—a promising method for the presumptive aetiological diagnosis of pneumococcal pneumonia. J. Infect. 19:127-134.
19. Kaiser, L., D. Lew, B. Hirschel, R. Auckenthaler, A. Morabia, A. Heald, P. Benedict, F. Terrier, W. Wunderli, L. Matter, D. Germann, J. Voegeli, and H. Stalder. 1996. Effects of antibiotic treatment in the subset of common-cold patients who have bacteria in nasopharyngeal secretions. Lancet 347: 1507-1510.
20. Koskinen, P., T. Vuorinen, and O. Meurman. 1987. Influenza A and B virus IgG and IgM serology by enzyme immunoassays. Epidemiol. Infect. 99:55-64.
21. Lehtomaki, K. 1988. Rapid etiological diagnosis of pneumonia in young men. Scand. J. Infect. Dis. Suppl. 54:1-56.
22. Mainous, A. G., III, W. J. Hueston, and J. R. Clak. 1996. Antibiotics and upper respiratory infection: do some folks think there is a cure for the common cold? J. Fam. Pract. 42:357-361.
23. Monto, A. S. 1994. Studies of the community and family: acute respiratory illness and infection. Epidemiol. Rev. 16:351-373.
24. Monto, A. S., E. R. Bryan, and S. Ohmit. 1987. Rhinovirus infections in Tecumseh, Michigan: frequency of illness and number of serotypes. J. Infect. Dis. 156:43-49.
25. Mossad, S. B., M. L. Macknin, S. V. Medendorp, and P. Mason. 1996. Zinc gluconate lozenges for treating the common cold. A randomized, double-blind, placebo-controlled study. Ann. Intern. Med. 125:81-88.
26. Popow Kraupp, T., G. Kern, C. Binder, W. Tuma, M. Kundi, and C. Kunz. 1986. Detection of respiratory syncytial virus in nasopharyngeal secretions by enzyme-linked immunosorbent assay, indirect immunofluorescence, and virus isolation: a comparative study. J. Med. Virol. 19:123-134.
27. Putto, A., O. Ruuskanen, and O. Meurman. 1986. Fever in respiratory virus infections. Am. J. Dis. Child. 140:1159-1163.
28. Ruuskanen, O., H. Nohynek, T. Ziegler, R. Capeding, H. Rikalainen, P. Huovinen, and M. Leinonen. 1992. Pneumonia in childhood: etiology and response to antimicrobial therapy. Eur. J. Clin. Microbiol. Infect. Dis. 11: 217-223.
29. Saikku, P., P. Ruutu, M. Leinonen, J. Panelius, T. E. Tupasi, and J. T. Grayston. 1988. Acute lower-respiratory-tract infection associated with chlamydial TWAR antibody in Filipino children. J. Infect. Dis. 158:1095-1097.
30. van Buchem, F. L., J. A. Knottnerus, V. J. J. Schrijnemaekers, and F. M. Peeters. 1997. Primary-care-based randomised placebo-controlled trial of antibiotic treatment in acute maxillary sinusitis. Lancet 349:683-687.",4388,662,3,0.49888259172439575,0.08424597978591919,0.9031570553779602,0.7959848046302795,2026-05-08T19:40:43.679895+00:00,1.12.0,dpt-2-20260410
Viruses_and_Bacteria_in_the_Etiology_of_the_Common_Cold.pdf,246e31b6-ad2b-4003-a222-ce3ca96b2898,54,marginalia,Downloaded from https://journals.asm.org/journal/jcm on 29 June 2025 by 2601:1c2:4100:b330:acaf:796b:f6fc:bfa5.,111,9,3,0.9523572325706482,0.49787575006484985,0.9757189154624939,0.9784577488899231,2026-05-08T19:40:43.679895+00:00,1.12.0,dpt-2-20260410
Vitamin_C_for_Preventing_and_Treating_the_Common_Cold.pdf,056d4fbc-ab50-4f23-b8d3-dfe2f2426d49,0,marginalia,"Open access, freely available online",36,5,0,0.669633686542511,0.0374402217566967,0.9174545407295227,0.055440258234739304,2026-05-08T19:40:45.364629+00:00,1.12.0,dpt-2-20260410
Vitamin_C_for_Preventing_and_Treating_the_Common_Cold.pdf,1872ac06-cdfb-4465-8709-156b66690c9e,1,text,Best Practice,13,2,0,0.07926010340452194,0.06169689819216728,0.2068670094013214,0.08386004716157913,2026-05-08T19:40:45.364629+00:00,1.12.0,dpt-2-20260410
Vitamin_C_for_Preventing_and_Treating_the_Common_Cold.pdf,b12bd224-83ca-4c01-815c-8f54a144ef2c,2,text,"Vitamin C for Preventing and Treating
the Common Cold",53,9,0,0.08196869492530823,0.09173786640167236,0.7749217748641968,0.16096359491348267,2026-05-08T19:40:45.364629+00:00,1.12.0,dpt-2-20260410
Vitamin_C_for_Preventing_and_Treating_the_Common_Cold.pdf,6b7a74d5-9956-4f0b-8519-de12eff0ccf1,3,text,"Robert M. Douglas*, Harri Hemilä

The role of vitamin C in the prevention and treatment of the common cold has been a subject of controversy for at least 60 years. Public interest in the subject, stimulated originally by the vigorous advocacy of Nobel laureate Linus Pauling during the 1970s [1], continues to be high. We have recently updated the Cochrane Review [2] on this topic (Text S1), incorporating 55 comparative studies that have been carried out over a period of 65 years.",483,82,0,0.08086317777633667,0.1617273986339569,0.34194281697273254,0.37008509039878845,2026-05-08T19:40:45.364629+00:00,1.12.0,dpt-2-20260410
Vitamin_C_for_Preventing_and_Treating_the_Common_Cold.pdf,1888fff5-7797-47ea-bfc9-a4d511ff8b2a,4,text,"The Updated Review
We sought to discover whether vitamin
C in doses of 200 mg or more daily
(Figure 1) reduces the incidence,
duration, or severity of the common
cold when used either as continuous
prophylaxis or after the onset of cold
symptoms. Criteria for inclusion were
placebo-controlled trials to prevent
or treat the common cold using oral
doses of vitamin C of 200 mg/day or
more. Literature from 1940 to 2004 was
methodically screened.",445,75,0,0.08165562152862549,0.3744651973247528,0.3459375202655792,0.5597914457321167,2026-05-08T19:40:45.364629+00:00,1.12.0,dpt-2-20260410
Vitamin_C_for_Preventing_and_Treating_the_Common_Cold.pdf,77a93d2f-7ce7-458c-b518-aa5e870943d2,5,text,"An overview of the results of the
three meta-analyses is shown in Table
1. Incidence was not altered in the
subgroup of 23 community studies
where prophylactic doses as high as 2
g daily were used. But a subgroup of
six studies of marathon runners, skiers,
and soldiers exposed to significant cold
and/or physical stress experienced, on
average, 50% reduction in common
cold incidence.",385,64,0,0.08186304569244385,0.5598270297050476,0.34701159596443176,0.7103409171104431,2026-05-08T19:40:45.364629+00:00,1.12.0,dpt-2-20260410
Vitamin_C_for_Preventing_and_Treating_the_Common_Cold.pdf,4f75d46b-f5b7-4120-b7f1-9b044850409f,6,text,"Duration of cold episodes that
occurred during prophylaxis was
significantly reduced in both
children and adults. For children this
represented an average reduction of
14% in symptom days, while in adults
the reduction was 8%.",226,35,0,0.0818861871957779,0.710852324962616,0.3387489914894104,0.8068738579750061,2026-05-08T19:40:45.364629+00:00,1.12.0,dpt-2-20260410
Vitamin_C_for_Preventing_and_Treating_the_Common_Cold.pdf,c977163b-8192-4629-86c7-b09c58c17c53,7,text,"For the seven trials that evaluated the
therapeutic impact of vitamin C used at
the onset of symptoms (all in adults),
benefits were not observed for duration",158,27,0,0.0826856940984726,0.8069403171539307,0.34308069944381714,0.8643317222595215,2026-05-08T19:40:45.364629+00:00,1.12.0,dpt-2-20260410
Vitamin_C_for_Preventing_and_Treating_the_Common_Cold.pdf,317ee4ee-4d39-4cde-b421-92bc40ce6a2a,8,text,The Best Practice section summarizes the current evidence on an important health intervention.,94,13,0,0.08259990811347961,0.8823732733726501,0.3457556962966919,0.9144631028175354,2026-05-08T19:40:45.364629+00:00,1.12.0,dpt-2-20260410
Vitamin_C_for_Preventing_and_Treating_the_Common_Cold.pdf,7cb865e4-6c8e-4fb5-9f79-401a242def77,9,text,"of episodes,
although one of the
large trials recorded
a statistically
significant
reduction in the
duration of colds
among participants
administered a
single vitamin C
dose of 8 g on the
day of symptom
onset [3].",213,36,0,0.3665470480918884,0.18693174421787262,0.503303050994873,0.3687637448310852,2026-05-08T19:40:45.364629+00:00,1.12.0,dpt-2-20260410
Vitamin_C_for_Preventing_and_Treating_the_Common_Cold.pdf,2a8fc36a-cba9-4526-b478-d974b3097da5,10,text,"## Implications of the Review

The lack of effect of
prophylactic vitamin
C supplementation
on the incidence
of common cold in
normal populations
throws doubt on
the utility of this
wide practice.",196,32,0,0.36689168214797974,0.37465086579322815,0.5051465034484863,0.5338411331176758,2026-05-08T19:40:45.364629+00:00,1.12.0,dpt-2-20260410
Vitamin_C_for_Preventing_and_Treating_the_Common_Cold.pdf,70ca7c2b-91a2-4491-9255-2eeae9b4e8b2,11,text,"The clinical significance of the minor reduction in duration of common cold episodes experienced during prophylaxis is questionable, although the consistency of these findings points to a genuine biological effect.",214,30,0,0.3678632378578186,0.5334473848342896,0.6227259039878845,0.6159673929214478,2026-05-08T19:40:45.364629+00:00,1.12.0,dpt-2-20260410
Vitamin_C_for_Preventing_and_Treating_the_Common_Cold.pdf,03cef83e-4277-42bb-9a2c-959e0e213027,12,text,"In special circumstances, where
people used prophylaxis prior to
extreme physical exertion and/or
exposure to significant cold stress,
the collective evidence indicates that
vitamin C supplementation may have
a considerable beneficial effect; it was
the results of one of these six trials,
with schoolchildren in a skiing school
[4], that particularly impressed Pauling
[1]. However, great caution should
be exercised in generalizing from
this finding, which is based mainly on
marathon runners.",495,72,0,0.3670957684516907,0.6158766746520996,0.6308096051216125,0.8081916570663452,2026-05-08T19:40:45.364629+00:00,1.12.0,dpt-2-20260410
Vitamin_C_for_Preventing_and_Treating_the_Common_Cold.pdf,1c2717d1-e007-4bfe-b4cd-f676db4438e8,13,text,"No benefits have been observed from
therapeutic use of doses totalling 10 g
that was divided for the first three days
of illness. The equivocal findings of the
large study, which used 8 g only on the
day of onset of respiratory symptoms
[3], are tantalising and deserve further
assessment.",289,50,0,0.36670219898223877,0.8078795671463013,0.6318556666374207,0.9192625284194946,2026-05-08T19:40:45.364629+00:00,1.12.0,dpt-2-20260410
Vitamin_C_for_Preventing_and_Treating_the_Common_Cold.pdf,c281e3c1-b429-4ec8-acd5-732af45b9d71,14,figure,"<::A photograph showing two yellow bell peppers and one red bell pepper arranged in the background, with a pile of white, round pills scattered in the foreground. The background is a dark green surface. DOI: 10.1371/journal.pmed.0020168.g001
: photo::>",252,38,0,0.5111883878707886,0.1868717074394226,0.9173150062561035,0.4030569791793823,2026-05-08T19:40:45.364629+00:00,1.12.0,dpt-2-20260410
Vitamin_C_for_Preventing_and_Treating_the_Common_Cold.pdf,1bbde4df-07df-47ae-b0e9-d83c37551f8d,15,text,"Figure 1. 500-mg Vitamin C Tablets and Paprikas
Vitamin C was identified in the 1930s by Albert Szent-Györgyi,
who received his Nobel Prize partly for this work. He found that
paprika is a particularly rich source of the vitamin, which made it
possible to produce kilograms of it for research purposes ([1963]
Annu Rev Biochem 32: 1-14). Nowadays, the most convenient
way to increase vitamin C intake is by way of 500-mg tablets, but
further research is needed to explore the conditions in which
supplementation may be beneficial.",530,88,0,0.5110539793968201,0.40821152925491333,0.915726363658905,0.515981912612915,2026-05-08T19:40:45.364629+00:00,1.12.0,dpt-2-20260410
Vitamin_C_for_Preventing_and_Treating_the_Common_Cold.pdf,e1b369bb-3204-461f-b909-6953141f5f06,16,text,"None of the therapeutic trials carried out so far has examined the effect of vitamin C on children, even though the prophylaxis trials have shown substantially greater effect on episode duration in children.",207,33,0,0.6504915952682495,0.5317928194999695,0.9165544509887695,0.6156427264213562,2026-05-08T19:40:45.364629+00:00,1.12.0,dpt-2-20260410
Vitamin_C_for_Preventing_and_Treating_the_Common_Cold.pdf,6720d8cf-b34e-430b-9d22-7229262c0faa,17,text,"Study quality for the trials included
in these three meta-analyses was",70,11,0,0.6516956686973572,0.6159182786941528,0.9093583226203918,0.6453278064727783,2026-05-08T19:40:45.364629+00:00,1.12.0,dpt-2-20260410
Vitamin_C_for_Preventing_and_Treating_the_Common_Cold.pdf,8a6fa105-bced-4987-ba29-c77941410b7e,18,text,"Citation: Douglas RM, Hemilä H (2005) Vitamin C for preventing and treating the common cold. PLoS Med 2(6):e168.",112,18,0,0.651796817779541,0.6644266247749329,0.9140394926071167,0.699749767780304,2026-05-08T19:40:45.364629+00:00,1.12.0,dpt-2-20260410
Vitamin_C_for_Preventing_and_Treating_the_Common_Cold.pdf,35a29257-b1f1-4dc5-8274-1f86325a269e,19,text,"Copyright: © 2005 Douglas and Hemilä. This is an
open-access article distributed under the terms
of the Creative Commons Attribution License,
which permits unrestricted use, distribution, and
reproduction in any medium, provided the original
work is properly cited.",265,38,0,0.6515920162200928,0.7057626843452454,0.905951976776123,0.7692243456840515,2026-05-08T19:40:45.364629+00:00,1.12.0,dpt-2-20260410
Vitamin_C_for_Preventing_and_Treating_the_Common_Cold.pdf,89cb306b-55fc-4980-bb08-9895014f6d5f,20,text,"Robert M. Douglas is at the National Centre for
Epidemiology and Population Health, Australian
National University, Canberra, Australia. Harri Hemilä
is at the Department of Public Health, University of
Helsinki, Finland.",221,31,0,0.6515640616416931,0.7749273180961609,0.9083691239356995,0.8291197419166565,2026-05-08T19:40:45.364629+00:00,1.12.0,dpt-2-20260410
Vitamin_C_for_Preventing_and_Treating_the_Common_Cold.pdf,8b2739b8-4917-45bb-b11a-b7ef295992b4,21,text,"Competing Interests: RMD was an organising author
of one of the papers considered in the review. HH
declares that he has no competing interests.",144,24,0,0.6518577337265015,0.8354508280754089,0.9159046411514282,0.8690858483314514,2026-05-08T19:40:45.364629+00:00,1.12.0,dpt-2-20260410
Vitamin_C_for_Preventing_and_Treating_the_Common_Cold.pdf,e54ff174-8188-4ffa-8b44-a50ed746fad3,22,text,"*To whom correspondence should be addressed.
E-mail: bobdouglas@netspeed.com.au",79,8,0,0.6522562503814697,0.8755387663841248,0.8942452669143677,0.8988805413246155,2026-05-08T19:40:45.364629+00:00,1.12.0,dpt-2-20260410
Vitamin_C_for_Preventing_and_Treating_the_Common_Cold.pdf,fc1c17ac-bcb5-41c6-b584-6c5f31e6d650,23,text,DOI: 10.1371/journal.pmed.0020168,33,2,0,0.6531729102134705,0.9043174982070923,0.8355955481529236,0.9200592041015625,2026-05-08T19:40:45.364629+00:00,1.12.0,dpt-2-20260410
Vitamin_C_for_Preventing_and_Treating_the_Common_Cold.pdf,760d2add-5d57-4643-9c2d-487826f940e4,24,marginalia,PLoS Medicine | www.plosmedicine.org,36,4,0,0.08263488113880157,0.9337119460105896,0.3514394760131836,0.9626591801643372,2026-05-08T19:40:45.364629+00:00,1.12.0,dpt-2-20260410
Vitamin_C_for_Preventing_and_Treating_the_Common_Cold.pdf,95928a98-4390-466f-b2ff-c122454013a3,25,marginalia,0503,4,1,0,0.48186051845550537,0.9409896731376648,0.5194883346557617,0.9566403031349182,2026-05-08T19:40:45.364629+00:00,1.12.0,dpt-2-20260410
Vitamin_C_for_Preventing_and_Treating_the_Common_Cold.pdf,de7bbe34-6739-4457-98a7-8a34e76937ec,26,marginalia,June 2005 | Volume 2 | Issue 6 | e168,37,10,0,0.6935467720031738,0.940736711025238,0.9180209636688232,0.9584248661994934,2026-05-08T19:40:45.364629+00:00,1.12.0,dpt-2-20260410
Vitamin_C_for_Preventing_and_Treating_the_Common_Cold.pdf,173d8362-f1e0-42fb-aa7a-bfa93e6d6712,27,table,"<table id=""1-1"">
<tr><td id=""1-2"" colspan=""6"">Table 1. Results of the Three Meta-Analyses</td></tr>
<tr><td id=""1-3"">Outcome</td><td id=""1-4"">Subgroup</td><td id=""1-5"">Number of Trials</td><td id=""1-6"">Number of Participants</td><td id=""1-7"">Test of Heterogeneity a</td><td id=""1-8"">Magnitude of the Vitamin C Effect (95% CI) b</td></tr>
<tr><td id=""1-9"">1. Incidence of colds during prophylaxis</td><td id=""1-a""></td><td id=""1-b"">29</td><td id=""1-c"">11,077</td><td id=""1-d"">p = 0.02, I² = 38%</td><td id=""1-e"">RR = 0.96 (0.92, 1.00)</td></tr>
<tr><td id=""1-f""></td><td id=""1-g"">General community studies</td><td id=""1-h"">23</td><td id=""1-i"">10,435</td><td id=""1-j"">p = 0.7, I² = 0%</td><td id=""1-k"">RR = 0.98 (0.95, 1.00)</td></tr>
<tr><td id=""1-l""></td><td id=""1-m"">Short-term exposure to cold and/or severe physical stress</td><td id=""1-n"">6</td><td id=""1-o"">642</td><td id=""1-p"">p = 0.9, I² = 0%</td><td id=""1-q"">RR = 0.50 (0.38,0.66) c</td></tr>
<tr><td id=""1-r"">2.Duration of colds during prophylaxis</td><td id=""1-s""></td><td id=""1-t"">30</td><td id=""1-u"">9,676</td><td id=""1-v"">p = 0.15, I² = 21%</td><td id=""1-w"">RED = -9.7% (-14.1%, -5.4%) c</td></tr>
<tr><td id=""1-x""></td><td id=""1-y"">Children</td><td id=""1-z"">12</td><td id=""1-A"">2,434</td><td id=""1-B"">p = 0.30, I² = 15%</td><td id=""1-C"">RED = -13.6% (-21.6%, -5.6%) d</td></tr>
<tr><td id=""1-D""></td><td id=""1-E"">Adults</td><td id=""1-F"">18</td><td id=""1-G"">7,242</td><td id=""1-H"">p = 0.19, I² = 22%</td><td id=""1-I"">RED = -8.0% (-13.1%, -3.0%) d</td></tr>
<tr><td id=""1-J"">3.Duration of colds treated at the onset of symptoms</td><td id=""1-K"">Adults only</td><td id=""1-L"">7</td><td id=""1-M"">3,294</td><td id=""1-N"">p = 0.11, I² = 42%</td><td id=""1-O"">RED = -2.5% (-10.1%, +5.0%)</td></tr>
</table>",1760,176,1,0.08095642924308777,0.06408988684415817,0.9189126491546631,0.28967759013175964,2026-05-08T19:40:45.364629+00:00,1.12.0,dpt-2-20260410
Vitamin_C_for_Preventing_and_Treating_the_Common_Cold.pdf,e28b6aaa-895c-4e22-bc5d-7d53c451383c,28,text,"These meta-analyses were of placebo-controlled trials that provided data on incidence and duration of respiratory episodes during continuous oral prophylaxis, or on duration of respiratory episodes following therapy at onset of colds using doses in excess of 200 mg of vitamin C.
Prophylaxis indicates vitamin C supplementation over the entire study period. All combined results were pooled using the random effects model.

ª Heterogeneity between trial outcomes in the group: the χ2 test for heterogeneity with p > 0.05 indicates lack of heterogeneity, and the I² test with I² = 0% indicates no evidence of heterogeneity, with 100% being the maximum in the I² scale [5].
b CI, confidence interval; RED, relative effect on duration of colds (e.g., if a seven-day cold is shortened by one day, that corresponds to RED = −14% [=−1/7]); RR, relative risk of colds.
c Statistically significant benefit favours those receiving vitamin C with p < 0.0001.
d Statistically significant benefit favours those receiving vitamin C with p < 0.002.
DOI: 10.1371/journal.pmed.0020168.t001",1073,167,1,0.08293992280960083,0.2941076457500458,0.9173250794410706,0.36856427788734436,2026-05-08T19:40:45.364629+00:00,1.12.0,dpt-2-20260410
Vitamin_C_for_Preventing_and_Treating_the_Common_Cold.pdf,a4b99b0a-c558-48e4-8536-225094cb5533,29,text,"variable, but sensitivity analysis, where
we excluded studies from the analysis
that were less adequately blinded
or randomized, did not change the
general conclusions of the Cochrane
Review.",191,28,1,0.08154255151748657,0.38341546058654785,0.33629879355430603,0.46710288524627686,2026-05-08T19:40:45.364629+00:00,1.12.0,dpt-2-20260410
Vitamin_C_for_Preventing_and_Treating_the_Common_Cold.pdf,5494a932-bd82-486b-91f5-f76cdfa307a2,30,text,"Future work on this topic should
explore the value of high dose
therapy—in particular, in children—
and the mechanisms underlying the
observed prophylaxis benefits in those
exposed to substantial physical and/or
cold stress. ■",226,34,1,0.08165475726127625,0.46708574891090393,0.34160786867141724,0.5653360486030579,2026-05-08T19:40:45.364629+00:00,1.12.0,dpt-2-20260410
Vitamin_C_for_Preventing_and_Treating_the_Common_Cold.pdf,938718eb-0fbb-4191-8dc5-6f9e34f36472,31,text,"Text S1. Updated Cochrane Review
Douglas RM, Hemilä H, D'Souza R, Chalker
EB, Treacy B (2004) Vitamin C for preventing",118,20,1,0.0817255973815918,0.5701987147331238,0.34729838371276855,0.6150462031364441,2026-05-08T19:40:45.364629+00:00,1.12.0,dpt-2-20260410
Vitamin_C_for_Preventing_and_Treating_the_Common_Cold.pdf,31c3ea3d-589e-49fd-bf34-acddcfa2301d,32,text,and treating the common cold. Cochrane Database Syst Rev 4: CD000980.pub2.,74,11,1,0.36718493700027466,0.3834111988544464,0.6112465858459473,0.4083234965801239,2026-05-08T19:40:45.364629+00:00,1.12.0,dpt-2-20260410
Vitamin_C_for_Preventing_and_Treating_the_Common_Cold.pdf,03c864d6-f259-4c1d-8fc9-e7c9f608ccc1,33,text,"Date of most recent substantive amendment:
10 August 2004.",58,9,1,0.3674980401992798,0.4110906422138214,0.6316379904747009,0.43534591794013977,2026-05-08T19:40:45.364629+00:00,1.12.0,dpt-2-20260410
Vitamin_C_for_Preventing_and_Treating_the_Common_Cold.pdf,6625aa99-ae3a-4f94-8e83-4ede6c740c41,34,text,"This data supplement can be freely accessed
on the _PLoS Medicine_ Web site, but it is not
published under the Creative Commons
Attribution License.",148,24,1,0.36802196502685547,0.43763914704322815,0.6305424571037292,0.48300960659980774,2026-05-08T19:40:45.364629+00:00,1.12.0,dpt-2-20260410
Vitamin_C_for_Preventing_and_Treating_the_Common_Cold.pdf,d2b8acb4-97f6-4b16-8e23-95fa5a17863c,35,text,"Copyright © 2004 The Cochrane
Collaboration. Published by John Wiley and
Sons. All rights reserved.",99,15,1,0.3676142692565918,0.48508334159851074,0.6275110840797424,0.5210621356964111,2026-05-08T19:40:45.364629+00:00,1.12.0,dpt-2-20260410
Vitamin_C_for_Preventing_and_Treating_the_Common_Cold.pdf,fdf37ef0-b9bf-4597-8dd5-b167c04faada,36,text,"Found at DOI: 10.1371/journal.
pmed.0020168.sd001 (1.3 MB PDF).",63,8,1,0.36718398332595825,0.522875964641571,0.5850315093994141,0.549849808216095,2026-05-08T19:40:45.364629+00:00,1.12.0,dpt-2-20260410
Vitamin_C_for_Preventing_and_Treating_the_Common_Cold.pdf,e5402954-6088-4324-b4e4-a17d21fa0438,37,text,"References
1. Pauling L (1971) The significance of the
evidence about ascorbic acid and the common
cold. Proc Natl Acad Sci U S A 68: 2678–2681.
2. Douglas RM, Hemilä H, D'Souza R, Chalker",188,34,1,0.36724501848220825,0.5594549179077148,0.6267836689949036,0.6141080856323242,2026-05-08T19:40:45.364629+00:00,1.12.0,dpt-2-20260410
Vitamin_C_for_Preventing_and_Treating_the_Common_Cold.pdf,b9096338-f390-4d5b-b63f-fb8cf7571172,38,text,"EB, Treacy B (2004) Vitamin C for preventing
and treating the common cold. Cochrane
Database Syst Rev 2004: CD000980.pub2.
3. Anderson TW, Suranyi G, Beaton GH (1974)
The effect on winter illness of large doses of
vitamin C. Can Med Assoc J 111: 31-36.
4. Ritzel G (1961) Kritische Beurteilung
des Vitamins C als Prophylacticum und
Therapeuticum der Erkältungskrankheiten.
Helv Med Acta 28: 63-68.
5. Higgins JPT, Thompson SG, Deeks JJ, Altman
DG (2003) Measuring inconsistency in meta-
analyses. BMJ 327: 557-560.",514,82,1,0.6513624787330627,0.3836698830127716,0.9094945788383484,0.5181363821029663,2026-05-08T19:40:45.364629+00:00,1.12.0,dpt-2-20260410
Vitamin_C_for_Preventing_and_Treating_the_Common_Cold.pdf,fb0203f2-c09a-46a9-9f8f-81b23146bcb4,39,text,"online
QUIZ Take the Quiz online!",33,6,1,0.6511972546577454,0.5518590211868286,0.9185606837272644,0.6131899356842041,2026-05-08T19:40:45.364629+00:00,1.12.0,dpt-2-20260410
Vitamin_C_for_Preventing_and_Treating_the_Common_Cold.pdf,577f4bd6-34e8-49b9-b168-77c4af186ea2,40,marginalia,PLoS Medicine | www.plosmedicine.org,36,4,1,0.08206772804260254,0.9339579939842224,0.35110726952552795,0.9627782702445984,2026-05-08T19:40:45.364629+00:00,1.12.0,dpt-2-20260410
Vitamin_C_for_Preventing_and_Treating_the_Common_Cold.pdf,fc2301ed-e06b-452d-b72f-56d6513428db,41,marginalia,0504,4,1,1,0.4802922010421753,0.9413103461265564,0.5201852321624756,0.9565832018852234,2026-05-08T19:40:45.364629+00:00,1.12.0,dpt-2-20260410
Vitamin_C_for_Preventing_and_Treating_the_Common_Cold.pdf,fc9d8d9a-ddcf-425e-900b-a9ef795e2123,42,marginalia,June 2005 | Volume 2 | Issue 6 | e168,37,10,1,0.692916214466095,0.9401986002922058,0.9183464646339417,0.9586099982261658,2026-05-08T19:40:45.364629+00:00,1.12.0,dpt-2-20260410
